snapshot_date,code,pick_order,signal,signal_source,pullback_v_is_dry,ibd_candidate_rule,ibd_candidate_price,ibd_candidate_signal_source,ibd_candidate_extra,ibd_entry_valid,ibd_entry_date,ibd_entry_price,ibd_trigger_price,ibd_entry_volume_ratio,ibd_entry_close_vs_trigger_pct,ibd_entry_close_position,ibd_entry_breakout_range_ratio,ibd_entry_rule,ibd_entry_reject_reason,latest_close,current_vs_ibd_candidate_pct,ibd_entry_status,volume_ratio,hold_return,breakout_date,pct_above_ceiling,touched_ema10_count,mbox_count,ceiling,ceiling_date,base_depth_pct,base_mbox_count,base_duration_weeks,base_depth_abs,C_continuous,rank_C_continuous,pullback_count,pullback_duration_weeks,pullback_pct,pullback_pct_off_peak,is_bullish,is_priority,eps_yoy_growth,price_52_week_high,dist_to_52w_high_pct,sector,industry,eps_yoy_growth_source,original_row_idx,event_id,is_valid_entry,entry_status,entry_date,entry_open,sessions_from_snapshot_to_entry,entry_unavailable_reason,latest_observation_date,current_return_to_asof_pct,executed_return_to_asof_pct,stop_8_hit_ever,stop_8_date,trading_days_to_stop,calendar_weeks_to_stop,gap_stop,same_day_path_ambiguous,max_gain_to_asof_pct,max_gain_date,max_gain_before_stop_pct,max_gain_before_stop_date,max_drawdown_to_asof_pct,profit20_hit,profit20_date,profit20_before_stop8,stop8_before_profit20,observation_trading_days,observation_calendar_weeks,outcome_censored,terminal_data_status,week1_close_return_pct,week1_max_gain_pct,week1_max_drawdown_pct,week1_stop8_hit,week1_profit20_hit,eps_yoy_growth_status,eps_yoy_growth_missing_reason,eps_growth_type
2025-10-24,IBM,1,True,ceiling_breakout,,ceiling,293.13,ceiling_breakout,,1.0,2025-10-24,293.13,293.13,3.4439759503332747,0.0488861597243543,0.884723195515066,0.5021023125437972,ceiling,,231.04,4.89,ACTIONABLE,2.510703264532189,0.0,2025-10-20,4.9,0,0,293.13,2025-06-30,-20.4,1,16,20.4,2.5344827586206895,22.0,0,,,,True,True,611.1111111111,310.75,-1.058728881737736,Unknown,Unknown,SEC,21,2025-10-24_IBM_21,True,ENTRY_OK,2025-10-27,300.0,3.0,,2026-08-24,-22.9867,-8.0,True,2026-02-04,69.0,15.0,False,False,10.03,2026-06-02,6.1367,2025-11-12,-34.0767,False,,False,True,207,44,False,OK,-0.1267,3.7533,-2.0033,False,False,resolved,,TURNAROUND
2025-10-24,AAPL,2,True,ceiling_breakout,,ceiling,259.18,ceiling_breakout,,1.0,2025-10-20,259.18,259.18,1.7323389230937476,0.0118064665483448,0.755428571428573,0.349714285714286,ceiling,,309.35,1.4,ACTIONABLE,1.1632026102461466,0.0,2025-10-20,1.4,0,0,259.18,2024-12-23,-34.9,3,43,34.9,3.310344827586207,16.0,0,,,,True,False,12.1428571429,265.29,-0.93105657959216,Electronic Technology,Telecommunications Equipment,SEC,15,2025-10-24_AAPL_15,True,ENTRY_OK,2025-10-27,263.91,3.0,,2026-08-21,17.218,-8.0,True,2026-01-20,58.0,13.0,False,False,30.4498,2026-07-29,9.0675,2025-12-03,-8.0141,True,2026-06-08,False,True,206,43,False,OK,2.0689,4.6948,-0.0872,False,False,resolved,,GROWTH
2025-10-31,VTR,1,True,10_wk_ema_touch_confirm,False,ma10_touch_confirm,70.84,10_wk_ema_touch_confirm,"{""confirm_date"": ""2025-10-27"", ""ma10_prior_week"": 68.482, ""pending_high"": 70.84, ""touch_date"": ""2025-10-13""}",1.0,2025-10-30,70.84,70.84,2.157459398838709,0.0496894409937886,0.9466463414634154,0.5365853658536589,ma10_touch_confirm,,93.06,4.16,ACTIONABLE,1.7382656987851068,4.5,2025-10-13,8.9,1,0,67.77,2025-02-24,-12.5,1,33,12.5,1.0357142857142858,28.0,1,3.0,-1.5,4.2,True,True,180.0,74.71,-1.231428188997441,Finance,Real Estate Investment Trusts,SEC,27,2025-10-31_VTR_27,True,ENTRY_OK,2025-11-03,71.73,3.0,,2026-08-21,29.7365,29.7365,False,,,,False,False,41.6423,2026-07-28,41.6423,2026-07-28,-0.5437,True,2026-02-12,True,False,201,42,False,OK,4.1266,4.3357,-0.5437,False,False,resolved,,GROWTH
2025-10-31,SOFI,2,True,pivot,False,pivot,29.63,pivot,"{""pivot_candidates"": [{""box_type"": ""M_BOX"", ""price"": 29.63, ""resistance_date"": ""2025-10-27""}, {""box_type"": ""S_BOX"", ""price"": 29.63, ""resistance_date"": ""2025-10-27""}], ""selected_pivot"": {""box_type"": ""M_BOX"", ""price"": 29.63, ""resistance_date"": ""2025-10-27""}}",1.0,2025-10-28,30.99,29.63,2.638767822182297,0.068511643604455,0.8993710691823898,0.6383647798742142,pivot,,18.24,0.17,ACTIONABLE,1.5713871268676354,59.8,2025-06-30,61.1,1,1,18.42,2025-01-20,-53.3,1,23,53.3,3.482142857142857,10.0,2,7.0,-16.2,0.2,False,False,700.0,32.56,-8.845208845208852,Unknown,Unknown,SEC,9,2025-10-31_SOFI_9,True,ENTRY_OK,2025-11-03,29.66,3.0,,2026-08-24,-38.503,-8.0,True,2025-11-06,4.0,1.0,False,False,10.3506,2025-11-12,5.2596,2025-11-03,-49.8314,False,,False,True,202,43,False,OK,-4.8887,5.2596,-13.4862,True,False,resolved,,GROWTH
2025-11-07,COLL,1,True,ceiling_breakout,,ceiling,42.23,ceiling_breakout,,1.0,2025-11-07,42.23,42.23,2.1072591018944413,0.0016575893914279,0.6923076923076901,0.02834008097166,ceiling,,27.35,0.17,ACTIONABLE,1.88133182204756,0.0,2025-11-03,0.2,0,0,42.23,2024-04-01,-45.0,6,83,45.0,3.6,5.0,0,,,,True,True,211.1111111111,43.06,-1.7649790989317404,Unknown,Unknown,SEC,4,2025-11-07_COLL_4,True,ENTRY_OK,2025-11-10,42.36,3.0,,2026-08-24,-35.4344,-8.0,True,2026-03-05,79.0,17.0,False,False,19.9008,2025-12-29,19.9008,2025-12-29,-39.8725,False,,False,True,197,42,False,OK,8.5458,13.7394,-0.8971,False,False,resolved,,GROWTH
2025-11-14,ALL,1,True,ceiling_breakout,,ceiling,210.85,ceiling_breakout,,1.0,2025-11-14,212.21,210.85,1.8068879028430345,0.0163623428977948,0.7946666666666715,0.9200000000000046,ceiling,,253.83,1.64,ACTIONABLE,1.3277408563188609,0.0,2025-11-10,1.6,0,0,210.85,2024-11-25,-17.5,5,50,17.5,2.0972222222222223,14.0,0,,,,True,True,222.1709006928,215.7,-0.64904960593416,Finance,Multi-Line Insurance,SEC,13,2025-11-14_ALL_13,True,ENTRY_OK,2025-11-17,211.99,3.0,,2026-08-21,19.7368,-8.0,True,2026-01-13,39.0,9.0,False,False,30.7703,2026-07-29,0.3821,2026-01-09,-10.7647,True,2026-07-07,False,True,191,40,False,OK,-0.4057,0.3208,-3.2077,False,False,resolved,,GROWTH
2025-11-14,LH,2,True,ceiling_breakout,,ceiling,260.99,ceiling_breakout,,1.0,2025-11-10,260.99,260.99,2.182088193729191,0.0005364190198857,0.9263854425144756,0.0115798180314298,ceiling,,336.34,2.26,ACTIONABLE,2.121417600518684,0.0,2025-11-10,2.3,0,0,260.99,2021-08-30,-36.5,15,219,36.5,4.055555555555555,4.0,0,,,,True,True,56.0,293.72,-9.134549911480338,Health Services,Medical/Nursing Services,SEC,3,2025-11-14_LH_3,True,ENTRY_OK,2025-11-17,263.62,3.0,,2026-08-21,27.5852,27.5852,False,,,,False,False,28.2869,2026-08-20,28.2869,2026-08-20,-7.5487,True,2026-08-06,True,False,191,40,False,OK,-0.0303,1.4339,-3.0119,False,False,resolved,,GROWTH
2025-11-14,LYFT,3,True,10_wk_ema_touch_confirm,,ma10_touch_confirm,22.19,10_wk_ema_touch_confirm,"{""confirm_date"": ""2025-11-10"", ""ma10_prior_week"": 20.347, ""pending_high"": 22.19, ""touch_date"": ""2025-11-03""}",1.0,2025-11-10,22.41,22.19,2.1354427537112186,0.0689499774673274,0.9112426035502946,0.90532544378698,ma10_touch_confirm,,17.68,4.28,ACTIONABLE,1.4075003914351387,5.0,2025-11-03,11.1,1,0,20.82,2022-08-01,-62.3,12,170,62.3,4.888888888888889,1.0,0,,,,True,True,466.6666666667,25.54,-9.397024275646038,Unknown,Unknown,SEC,0,2025-11-14_LYFT_0,True,ENTRY_OK,2025-11-17,22.93,3.0,,2026-08-24,-22.8958,-8.0,True,2025-11-19,3.0,1.0,False,False,1.7444,2025-12-05,0.3053,2025-11-17,-45.6607,False,,False,True,192,41,False,OK,-13.7375,0.3053,-17.7933,True,False,resolved,,TURNAROUND
2025-11-21,WMT,1,True,ceiling_breakout,,ceiling,104.51,ceiling_breakout,,1.0,2025-11-20,104.51,104.51,3.238023896478674,0.0248780021050616,0.8470363288718932,0.4971319311663478,ceiling,,106.49,0.78,ACTIONABLE,2.129459793119035,0.0,2025-11-17,0.8,0,0,104.51,2025-02-10,-24.0,4,40,24.0,3.0,4.0,0,,,,True,True,57.1428571429,109.58,-3.887570724584788,Unknown,Unknown,SEC,3,2025-11-21_WMT_3,True,ENTRY_OK,2025-11-24,104.48,3.0,,2026-08-24,1.9238,1.9238,False,,,,False,False,29.0582,2026-05-19,29.0582,2026-05-19,-2.2301,True,2026-02-03,True,False,187,40,False,OK,4.8909,5.0727,-1.5218,False,False,resolved,,GROWTH
2025-11-28,MNST,1,True,10_wk_ema_touch_confirm,False,ma10_touch_confirm,72.62,10_wk_ema_touch_confirm,"{""confirm_date"": ""2025-11-24"", ""ma10_prior_week"": 68.608, ""pending_high"": 72.62, ""touch_date"": ""2025-10-27""}",1.0,2025-11-24,72.62,72.62,1.8327218348925831,0.0085375929496005,0.763975155279497,0.3850931677018575,ma10_touch_confirm,,48.92,3.26,ACTIONABLE,0.8831286156597405,14.8,2025-09-22,16.4,2,0,64.45,2024-03-11,-32.8,6,80,32.8,2.541666666666667,25.0,1,5.0,-6.8,6.1,True,False,30.4347826087,75.27,-0.3719941543775751,Consumer Non-Durables,Beverages: Non-Alcoholic,SEC,24,2025-11-28_MNST_24,True,ENTRY_OK,2025-12-01,75.31,3.0,,2026-08-24,-35.0418,-35.4402,True,2026-07-20,158.0,34.0,True,False,33.236,2026-07-17,33.236,2026-07-17,-40.1806,True,2026-06-04,True,False,182,39,False,OK,-2.0847,1.288,-2.9744,False,False,resolved,,GROWTH
2025-11-28,ROST,2,True,ceiling_breakout,False,ceiling_pullback,174.86,ceiling_breakout,"{""abandon_line"": 153.4582, ""atr_zone_width"": 2.3134304385102946, ""ceiling"": 156.59, ""confirm_close"": 176.36, ""confirm_date"": ""2025-11-24"", ""max_zone_width"": 7.8295, ""pending_high"": 174.86, ""touch_atr14"": 7.711434795034316, ""touch_date"": ""2025-11-17"", ""touch_high"": 174.86, ""touch_low"": 157.73, ""zone_cap_applied"": false, ""zone_pct"": 1.47738070024286, ""zone_upper"": 158.9034304385103, ""zone_width"": 2.3134304385102946}",1.0,2025-11-25,174.86,174.86,1.7914428565667524,0.009378931716802,0.7832898172323735,0.4281984334203605,ceiling_pullback,,239.04,0.86,ACTIONABLE,1.1661167543326116,12.5,2025-10-20,12.6,1,0,156.59,2024-07-08,-22.5,4,67,22.5,1.902777777777778,30.0,1,3.0,-3.1,6.8,True,False,-1.8867924528,178.19,-1.0269936584544448,Retail Trade,Apparel/Footwear Retail,SEC,29,2025-11-28_ROST_29,True,ENTRY_OK,2025-12-01,174.38,3.0,,2026-08-21,37.0799,37.0799,False,,,,False,False,47.3793,2026-08-03,47.3793,2026-08-03,-0.3498,True,2026-03-04,True,False,182,38,False,OK,1.3534,2.03,-0.3498,False,False,resolved,,DECLINE
2025-11-28,WFC,3,True,pivot,False,pivot,83.89,pivot,"{""pivot_candidates"": [{""box_type"": ""M_BOX"", ""price"": 83.89, ""resistance_date"": ""2025-11-24""}], ""selected_pivot"": {""box_type"": ""M_BOX"", ""price"": 83.89, ""resistance_date"": ""2025-11-24""}}",1.0,2025-11-24,83.89,83.89,1.8425351284104892,0.0091786863750149,0.839552238805968,0.2873134328358186,pivot,,84.72,2.34,ACTIONABLE,0.8642318565516041,3.6,2025-10-13,7.6,0,0,79.77,2024-11-25,-28.0,3,46,28.0,2.1944444444444446,28.0,1,5.0,-6.7,-1.2,True,False,16.9014084507,88.64,-3.1475631768953183,Finance,Major Banks,SEC,27,2025-11-28_WFC_27,True,ENTRY_OK,2025-12-01,84.44,3.0,,2026-08-24,0.3316,-8.0,True,2026-03-06,66.0,14.0,False,False,13.9034,2026-01-05,13.9034,2026-01-05,-14.306,False,,False,True,183,39,False,OK,4.666,6.1464,-0.7698,False,False,resolved,,GROWTH
2025-12-05,DASH,1,True,ceiling_breakout,,ceiling,214.64,ceiling_breakout,,1.0,2025-12-02,214.64,214.64,2.1449777553709577,0.0109019754006709,0.896825396825397,0.1428571428571431,ceiling,,229.06,4.83,ACTIONABLE,1.4500688461208224,0.0,2025-12-01,4.8,0,0,214.64,2025-02-10,-27.6,3,42,27.6,2.65,19.0,0,,,,True,True,44.7368421053,285.5,-21.190893169877413,Transportation,Air Freight/Couriers,SEC,18,2025-12-05_DASH_18,True,ENTRY_OK,2025-12-08,224.65,3.0,,2026-08-24,1.9631,-8.0,True,2026-01-16,28.0,6.0,False,False,6.3877,2025-12-19,6.3877,2025-12-19,-36.2119,False,,False,True,178,38,False,OK,1.2642,3.5522,-3.7169,False,False,resolved,,GROWTH
2025-12-19,SCHW,1,True,ceiling_breakout,,ceiling,97.27,ceiling_breakout,,1.0,2025-12-19,97.4,97.27,2.6493764581893835,0.0159350262156883,0.6926406926406895,0.6709956709956691,ceiling,,112.3,1.59,ACTIONABLE,1.633422314965375,0.0,2025-12-15,1.6,0,0,97.27,2025-08-04,-8.1,1,19,8.1,1.6578947368421053,19.0,0,,,,True,True,77.4647887324,99.53,-0.7133527579624266,Finance,Investment Banks/Brokers,SEC,18,2025-12-19_SCHW_18,True,ENTRY_OK,2025-12-22,98.58,3.0,,2026-08-21,13.9176,-8.0,True,2026-02-23,42.0,10.0,False,False,14.0191,2026-08-21,7.9732,2026-02-10,-15.0741,False,,False,True,167,35,False,OK,2.3433,2.7389,-0.5072,False,False,resolved,,GROWTH
2025-12-19,PLTR,2,True,ceiling_breakout,,ceiling,187.99,ceiling_breakout,,1.0,2025-12-19,187.99,187.99,1.5636089595005036,0.0286717378583967,0.8041112454655378,0.6517533252720653,ceiling,,179.94,2.87,ACTIONABLE,1.2713246293491829,0.0,2025-12-15,2.9,0,0,187.99,2025-08-04,-24.3,2,19,24.3,2.4473684210526314,14.0,0,,,,True,False,200.0,207.52,-6.81380107941404,Technology Services,Packaged Software,SEC,13,2025-12-19_PLTR_13,True,ENTRY_OK,2025-12-22,195.04,3.0,,2026-08-21,-7.742,-8.0,True,2025-12-31,7.0,2.0,False,False,1.9688,2025-12-22,1.9688,2025-12-22,-45.4625,False,,False,True,167,35,False,OK,-3.2455,1.9688,-3.2916,False,False,resolved,,GROWTH
2025-12-19,MU,3,True,pivot,True,pivot,257.07,pivot,"{""pivot_candidates"": [{""box_type"": ""S_BOX"", ""price"": 257.07, ""resistance_date"": ""2025-12-15""}], ""selected_pivot"": {""box_type"": ""S_BOX"", ""price"": 257.07, ""resistance_date"": ""2025-12-15""}}",1.0,2025-12-19,257.07,257.07,2.454530422232894,0.0344264208192321,0.8520745640408911,0.5321707757065559,pivot,,966.78,3.44,ACTIONABLE,2.0820798811261754,69.2,2025-09-08,85.5,1,0,143.33,2024-06-10,-57.1,5,65,57.1,4.605263157894737,2.0,3,6.0,-25.1,3.4,True,True,175.4491017964,268.38,-0.9166107757657028,Electronic Technology,Semiconductors,SEC,1,2025-12-19_MU_1,True,ENTRY_OK,2025-12-22,276.88,3.0,,2026-08-21,249.1693,249.1693,False,,,,False,False,353.1963,2026-06-25,353.1963,2026-06-25,-3.1963,True,2026-01-06,True,False,167,35,False,OK,2.7557,4.9516,-3.1963,False,False,resolved,,GROWTH
2025-12-26,HEI,1,True,ceiling_breakout,,ceiling,326.68,ceiling_breakout,,1.0,2025-12-22,332.46,326.68,1.684948516215088,0.0241826864209624,0.7999999999999975,0.8826815642458087,ceiling,,355.04,2.5,ACTIONABLE,1.1737991018213216,0.0,2025-12-22,2.5,0,0,326.68,2025-06-23,-8.6,3,26,8.6,2.1764705882352944,13.0,0,,,,True,False,32.0,340.11,-1.5494986915997933,Electronic Technology,Aerospace & Defense,SEC,12,2025-12-26_HEI_12,True,ENTRY_OK,2025-12-29,333.96,3.0,,2026-08-21,6.3121,-8.0,True,2026-02-26,41.0,9.0,False,False,12.8458,2026-08-06,8.2645,2026-01-08,-23.3381,False,,False,True,163,34,False,OK,-1.4642,0.0329,-4.1951,False,False,resolved,,GROWTH
2025-12-26,HUT,2,True,ceiling_breakout,False,ceiling_pullback,48.73,ceiling_breakout,"{""abandon_line"": 31.311, ""atr_zone_width"": 3.0242513839842284, ""ceiling"": 31.95, ""confirm_close"": 49.64, ""confirm_date"": ""2025-12-22"", ""max_zone_width"": 1.5975000000000001, ""pending_high"": 48.73, ""touch_atr14"": 10.080837946614094, ""touch_date"": ""2025-11-10"", ""touch_high"": 48.73, ""touch_low"": 33.4, ""zone_cap_applied"": true, ""zone_pct"": 5.0, ""zone_upper"": 33.5475, ""zone_width"": 1.5975000000000001}",1.0,2025-12-22,48.73,48.73,1.659672058655187,0.0340652575415556,0.7009345794392522,0.2216288384512688,ceiling_pullback,,79.56,1.87,ACTIONABLE,0.9352945785294614,53.0,2025-09-08,55.4,1,0,31.95,2024-12-02,-68.6,3,40,68.6,4.470588235294118,1.0,3,9.0,-42.3,-9.5,True,False,4200.0,57.29,-13.353115727002962,Technology Services,Data Processing Services,SEC,0,2025-12-26_HUT_0,True,ENTRY_OK,2025-12-29,48.74,3.0,,2026-08-24,63.2335,-8.0,True,2026-02-05,27.0,6.0,False,False,188.8798,2026-06-02,35.556,2026-01-28,-13.7054,True,2026-01-05,True,False,164,35,False,OK,5.1908,7.9401,-6.668,False,False,resolved,,GROWTH
2026-01-02,FTAI,1,True,10_wk_ema_touch_confirm,,ma10_touch_confirm,201.0,10_wk_ema_touch_confirm,"{""confirm_date"": ""2026-01-02"", ""ma10_prior_week"": 172.14, ""pending_high"": 201.0, ""touch_date"": ""2025-12-26""}",1.0,2026-01-02,201.0,201.0,1.7109331147482558,0.0465174129353234,0.9785544082605234,0.7426528991262901,ma10_touch_confirm,,198.42,4.65,ACTIONABLE,0.42205415955111,6.9,2025-12-26,20.7,1,0,174.29,2024-11-15,-57.4,5,58,57.4,4.8,1.0,0,,,,True,False,44.7368421053,210.62,-0.1281929541354198,Unknown,Unknown,SEC,0,2026-01-02_FTAI_0,True,ENTRY_OK,2026-01-05,211.49,3.0,,2026-08-24,-6.18,-12.7429,True,2026-07-30,143.0,30.0,True,False,52.1112,2026-02-26,52.1112,2026-02-26,-15.4996,True,2026-01-13,True,False,160,34,False,OK,15.5421,18.9371,-1.7211,False,False,resolved,,GROWTH
2026-01-09,GH,1,True,10_wk_ema_touch_confirm,True,ma10_touch_confirm,105.01,10_wk_ema_touch_confirm,"{""confirm_date"": ""2026-01-05"", ""ma10_prior_week"": 100.65, ""pending_high"": 105.01, ""touch_date"": ""2025-12-15""}",1.0,2026-01-06,105.01,105.01,1.7289082358775412,0.0697076468907722,0.9895437262357416,0.6958174904942962,ma10_touch_confirm,,170.69,4.91,ACTIONABLE,1.442786225029654,103.2,2025-08-04,122.7,5,1,49.48,2025-02-10,-29.5,3,25,29.5,3.175,18.0,3,7.0,-14.4,-2.0,True,True,15.9090909091,113.91,-3.2832938284610647,Health Technology,Medical Specialties,SEC,17,2026-01-09_GH_17,True,ENTRY_OK,2026-01-12,113.0,3.0,,2026-08-21,51.0531,-8.0,True,2026-01-12,1.0,1.0,False,False,56.2655,2026-07-31,0.8053,2026-01-12,-34.0265,True,2026-06-24,False,True,154,32,False,OK,-0.7611,2.2478,-8.1416,True,False,resolved,,LOSS_NARROWING
2026-01-16,BKR,1,True,ceiling_breakout,,ceiling,50.69,ceiling_breakout,,1.0,2026-01-15,50.69,50.69,1.6124771306162669,0.025843361609785,0.9292035398230104,0.5796460176991166,ceiling,,61.99,2.09,ACTIONABLE,1.5299200433771476,0.0,2026-01-12,2.1,0,0,50.69,2025-09-22,-13.8,2,16,13.8,2.047619047619047,17.0,0,,,,True,True,-58.5365853659,52.33,-1.1083508503726305,Industrial Services,Contract Drilling,SEC,16,2026-01-16_BKR_16,True,ENTRY_OK,2026-01-20,51.11,4.0,,2026-08-24,21.2874,21.2874,False,,,,False,False,36.803,2026-04-27,36.803,2026-04-27,-2.0153,True,2026-02-11,True,False,150,31,False,OK,4.3631,7.0632,-2.0153,False,False,resolved,,DECLINE
2026-01-16,FE,2,True,three_weeks_tight_breakout,True,three_weeks_tight,45.42,three_weeks_tight_breakout,"{""breakout_price"": 47.34, ""close_pos_healthy"": true, ""hl_is_tight"": true, ""max_hl_pct"": 0.0237, ""mean_close_pos"": 0.62, ""mean_hl_pct"": 0.0211, ""min_close_pos"": 0.38, ""status"": ""breakout"", ""tight_weeks"": 4, ""twk_high"": 45.42}",1.0,2026-01-16,46.58,45.42,1.963137060301905,0.0422721268163805,0.9574468085106396,2.042553191489353,three_weeks_tight,,46.57,4.23,ACTIONABLE,1.5776301855557666,11.7,2025-08-04,11.7,3,0,42.38,2024-09-09,-14.0,4,47,14.0,1.6904761904761905,19.0,4,8.0,-8.0,-0.8,True,True,4.1095890411,47.73,-0.817096165933362,Unknown,Unknown,SEC,18,2026-01-16_FE_18,True,ENTRY_OK,2026-01-20,45.62,4.0,,2026-08-24,2.0824,2.0824,False,,,,False,False,12.4507,2026-04-09,12.4507,2026-04-09,-5.0855,False,,False,False,150,31,False,OK,-0.9206,1.3152,-1.9728,False,False,resolved,,GROWTH
2026-01-23,MTB,1,True,ceiling_breakout,,ceiling,213.68,ceiling_breakout,,1.0,2026-01-21,213.68,213.68,1.7659229528520548,0.0256458255335079,0.8181818181818182,0.6919191919191917,ceiling,,240.34,0.07,ACTIONABLE,1.3608533982338358,0.0,2026-01-19,0.1,0,0,213.68,2024-11-18,-31.0,5,61,31.0,3.0714285714285716,8.0,0,,,,True,True,19.9004975124,222.18,-3.762714915834009,Finance,Regional Banks,SEC,7,2026-01-23_MTB_7,True,ENTRY_OK,2026-01-26,210.87,3.0,,2026-08-21,13.9754,-8.0,True,2026-03-19,38.0,8.0,False,False,21.3781,2026-08-17,11.775,2026-02-11,-8.6641,True,2026-07-16,False,True,145,30,False,OK,3.6231,4.2111,-0.2181,False,False,resolved,,GROWTH
2026-01-23,MDT,2,True,ceiling_breakout,,ceiling,97.94,ceiling_breakout,,1.0,2026-01-21,99.29,97.94,1.592536214065112,0.0239942822136003,0.6768558951965097,1.0262008733624464,ceiling,,92.9,3.0,ACTIONABLE,1.3581501133390148,0.0,2026-01-19,3.0,0,0,97.94,2025-03-03,-20.1,3,46,20.1,2.5357142857142856,11.0,0,,,,True,True,8.0808080808,106.33,-5.125552525157529,Unknown,Unknown,SEC,10,2026-01-23_MDT_10,True,ENTRY_OK,2026-01-26,99.24,3.0,,2026-08-24,-6.3886,-8.0,True,2026-03-05,28.0,6.0,False,False,4.5042,2026-02-04,4.5042,2026-02-04,-26.7936,False,,False,True,146,31,False,OK,1.9851,2.0455,-1.2596,False,False,resolved,,GROWTH
2026-01-30,HON,1,True,ceiling_breakout,,ceiling,224.9,ceiling_breakout,,1.0,2026-01-29,224.9,224.9,1.6633727485838388,0.0104046242774566,0.912429378531073,0.3305084745762711,ceiling,,214.77,1.16,ACTIONABLE,1.5796441788754596,0.0,2026-01-26,1.2,0,0,224.9,2024-11-25,-26.0,4,61,26.0,2.6764705882352944,10.0,0,,,,True,True,32.4074074074,229.59,-0.9016072128577024,Producer Manufacturing,Industrial Machinery,SEC,9,2026-01-30_HON_9,True,ENTRY_OK,2026-02-02,234.11,3.0,,2026-08-24,-8.2611,-8.0,True,2026-06-10,90.0,19.0,False,False,10.243,2026-03-02,10.243,2026-03-02,-8.9744,False,,False,True,141,30,False,OK,5.365,5.6725,-0.5126,False,False,resolved,,GROWTH
2026-01-30,AAOI,2,True,ceiling_breakout,,ceiling,43.05,ceiling_breakout,,1.0,2026-01-28,43.05,43.05,2.443582210566355,0.0506387921022066,0.876300578034682,0.2520231213872832,ceiling,,107.63,1.3,ACTIONABLE,2.057257023916887,0.0,2026-01-26,1.3,0,0,43.05,2024-11-25,-77.4,3,61,77.4,4.3235294117647065,2.0,0,,,,True,True,33.3333333333,48.31,-9.728834609811642,Electronic Technology,Semiconductors,SEC,1,2026-01-30_AAOI_1,True,ENTRY_OK,2026-02-02,42.01,3.0,,2026-08-24,156.2009,-8.0,True,2026-02-04,3.0,1.0,False,False,456.2247,2026-05-13,16.9007,2026-02-02,-11.8781,True,2026-02-11,False,True,141,30,False,OK,5.4511,16.9007,-11.8781,True,False,resolved,,LOSS_NARROWING
2026-01-30,ZM,3,True,ceiling_breakout,,ceiling,88.9,ceiling_breakout,,1.0,2026-01-26,88.9,88.9,3.5896878625881583,0.0737907761529808,0.9607635206786844,0.6956521739130428,ceiling,,104.83,3.6,ACTIONABLE,2.043178123461148,0.0,2026-01-26,3.6,0,0,88.9,2025-01-27,-27.5,3,52,27.5,3.235294117647059,8.0,0,,,,True,True,204.5454545455,97.58,-5.6159048985447875,Technology Services,Packaged Software,SEC,7,2026-01-30_ZM_7,True,ENTRY_OK,2026-02-02,91.69,3.0,,2026-08-24,14.3309,-8.0,True,2026-02-23,15.0,4.0,False,False,25.1391,2026-06-01,5.2678,2026-02-10,-22.8924,True,2026-05-11,False,True,141,30,False,OK,0.5562,2.8356,-4.9078,False,False,resolved,,GROWTH
2026-02-13,WULF,1,True,ceiling_breakout,,ceiling,16.13,ceiling_breakout,,1.0,2026-02-09,16.13,16.13,2.2589028629542973,0.032238065716057,0.9052631578947368,0.2736842105263157,ceiling,,15.48,0.81,ACTIONABLE,1.964408515561157,0.0,2026-02-09,0.8,0,0,16.13,2025-11-24,-31.0,1,11,31.0,3.0555555555555554,14.0,0,,,,True,True,-1783.3333333333,17.7,-8.135593220338965,Unknown,Unknown,SEC,13,2026-02-13_WULF_13,True,ENTRY_OK,2026-02-17,15.78,4.0,,2026-08-24,-1.9011,-8.0,True,2026-02-19,3.0,1.0,False,False,89.1001,2026-06-22,5.5767,2026-02-17,-17.4905,True,2026-04-09,False,True,131,27,False,OK,-4.8796,5.5767,-8.5551,True,False,resolved,,LOSS_WIDENING
2026-02-20,FANG,1,True,10_wk_ema_touch_confirm,,ma10_touch_confirm,169.49,10_wk_ema_touch_confirm,"{""confirm_date"": ""2026-02-16"", ""ma10_prior_week"": 155.619, ""pending_high"": 169.49, ""touch_date"": ""2026-01-26""}",1.0,2026-02-20,174.09,169.49,1.7843439599194195,0.0384683462151158,0.8729411764705834,1.5341176470588191,ma10_touch_confirm,,210.72,3.85,ACTIONABLE,1.3897904538936954,7.4,2026-01-26,13.0,1,0,155.8,2025-06-09,-14.8,3,33,14.8,2.388888888888889,13.0,0,,,,True,True,10.0313479624,177.02,-0.5705569992091375,Energy Minerals,Oil & Gas Production,SEC,12,2026-02-20_FANG_12,True,ENTRY_OK,2026-02-23,173.31,3.0,,2026-08-21,21.5856,21.5856,False,,,,False,False,25.1515,2026-08-20,25.1515,2026-08-20,-6.7509,True,2026-05-04,True,False,126,26,False,OK,-1.2406,0.5539,-6.7509,False,False,resolved,,GROWTH
2026-02-20,HEI,2,True,ceiling_breakout,False,ceiling_pullback,342.22,ceiling_breakout,"{""abandon_line"": 320.0288, ""atr_zone_width"": 5.272502512310711, ""ceiling"": 326.56, ""confirm_close"": 351.66, ""confirm_date"": ""2026-02-16"", ""max_zone_width"": 16.328, ""pending_high"": 342.22, ""touch_atr14"": 17.575008374369038, ""touch_date"": ""2026-01-26"", ""touch_high"": 342.22, ""touch_low"": 327.0, ""zone_cap_applied"": false, ""zone_pct"": 1.6145585841225842, ""zone_upper"": 331.8325025123107, ""zone_width"": 5.272502512310711}",1.0,2026-02-20,346.46,342.22,1.5364325054337504,0.0275845947051605,0.8277404921700264,1.0559284116331096,ceiling_pullback,,355.04,2.76,ACTIONABLE,1.4114637685578155,5.1,2025-12-22,7.7,2,0,326.56,2025-06-23,-8.6,3,26,8.6,1.2777777777777777,18.0,2,7.0,-12.3,-2.7,True,True,32.0,361.69,-2.7730929801763837,Electronic Technology,Aerospace & Defense,SEC,17,2026-02-20_HEI_17,True,ENTRY_OK,2026-02-23,348.88,3.0,,2026-08-21,1.7657,-10.4105,True,2026-02-26,4.0,1.0,True,False,8.0199,2026-08-06,1.6309,2026-02-25,-26.6166,False,,False,True,126,26,False,OK,-8.4671,1.6309,-14.8446,True,False,resolved,,GROWTH
2026-02-20,UAL,3,True,ceiling_breakout,,ceiling,110.25,ceiling_breakout,,1.0,2026-02-18,111.0,110.25,1.6043372643898532,0.0605895691609978,0.8577114427860704,0.6646766169154238,ceiling,,113.57,2.52,ACTIONABLE,1.0695046838599265,0.0,2026-02-16,2.5,0,0,110.25,2025-02-03,-52.8,3,54,52.8,3.833333333333333,4.0,0,,,,True,False,6.734006734,119.21,-5.18412884825098,Transportation,Airlines,SEC,3,2026-02-20_UAL_3,True,ENTRY_OK,2026-02-23,111.3,3.0,,2026-08-24,2.0395,-10.1527,True,2026-03-02,6.0,2.0,True,False,24.681,2026-06-30,5.6604,2026-02-26,-23.9533,True,2026-06-25,False,True,127,27,False,OK,-4.4924,5.6604,-5.3369,False,False,resolved,,GROWTH
2026-02-27,EQIX,1,True,ceiling_breakout,,ceiling,959.33,ceiling_breakout,,1.0,2026-02-27,959.33,959.33,1.845843294180062,0.0155629449720116,0.9763955342902708,0.4762360446570953,ceiling,,1055.2,1.56,ACTIONABLE,1.5754101675193843,0.0,2026-02-23,1.6,0,0,959.33,2024-12-02,-28.5,4,64,28.5,2.907407407407407,13.0,0,,,,True,True,1521.0526315789,987.52,-1.342757615035639,Finance,Real Estate Investment Trusts,SEC,12,2026-02-27_EQIX_12,True,ENTRY_OK,2026-03-02,950.39,3.0,,2026-08-24,11.0281,11.0281,False,,,,False,False,17.7043,2026-06-23,17.7043,2026-06-23,-4.3109,False,,False,False,122,26,False,OK,-2.3401,1.8445,-2.6778,False,False,resolved,,TURNAROUND
2026-02-27,GMED,2,True,ceiling_breakout,,ceiling,93.67,ceiling_breakout,,1.0,2026-02-25,93.67,93.67,1.5007093681613497,0.0272232304900181,0.97985347985348,0.467032967032967,ceiling,,84.08,1.91,ACTIONABLE,1.4753693588470889,0.0,2026-02-23,1.9,0,0,93.67,2025-01-20,-44.7,4,57,44.7,3.8703703703703702,4.0,0,,,,True,True,431.5789473684,101.4,-5.857988165680483,Unknown,Unknown,SEC,3,2026-02-27_GMED_3,True,ENTRY_OK,2026-03-02,94.85,3.0,,2026-08-24,-11.3548,-8.0,True,2026-03-06,5.0,1.0,False,False,2.6779,2026-04-21,0.0,2026-03-02,-21.5709,False,,False,True,122,26,False,OK,-8.1708,0.0,-9.805,True,False,resolved,,GROWTH
2026-02-27,EXPE,3,True,ceiling_breakout,,ceiling,206.07,ceiling_breakout,,1.0,2026-02-26,206.07,206.07,1.6360471378951136,0.0575532586014462,0.968053491827637,0.881129271916791,ceiling,,321.63,4.67,ACTIONABLE,1.8567199042784743,0.0,2026-02-23,4.7,0,0,206.07,2025-02-10,-37.3,3,54,37.3,3.740740740740741,6.0,0,,,,True,True,-25.7142857143,303.8,-29.00263331138907,Consumer Services,Other Consumer Services,SEC,5,2026-02-27_EXPE_5,True,ENTRY_OK,2026-03-02,207.42,3.0,,2026-08-21,55.0622,55.0622,False,,,,False,False,61.5081,2026-08-17,61.5081,2026-08-17,-2.4636,True,2026-03-05,True,False,121,25,False,OK,20.0897,21.348,-2.4636,False,True,resolved,,DECLINE
2026-03-06,FIGS,1,True,10_wk_ema_touch_confirm,True,ma10_touch_confirm,15.9,10_wk_ema_touch_confirm,"{""confirm_date"": ""2026-03-02"", ""ma10_prior_week"": 11.613, ""pending_high"": 15.9, ""touch_date"": ""2026-02-23""}",1.0,2026-03-02,15.9,15.9,2.927203899071957,0.0767295597484276,0.8697674418604662,0.5674418604651169,ma10_touch_confirm,,15.21,3.27,ACTIONABLE,1.6171669806306666,108.9,2025-10-13,138.0,3,1,6.9,2024-09-23,-48.3,2,55,48.3,4.722222222222222,1.0,2,11.0,-18.7,34.6,True,True,900.0,17.48,-6.06407322654462,Unknown,Unknown,SEC,0,2026-03-06_FIGS_0,True,ENTRY_OK,2026-03-09,15.9,3.0,,2026-08-24,-4.3396,-8.0,True,2026-03-17,7.0,2.0,False,False,9.6855,2026-04-24,2.5157,2026-03-10,-42.327,False,,False,True,117,25,False,OK,-6.6038,2.5157,-7.9245,False,False,resolved,,GROWTH
2026-03-06,RTX,2,True,10_wk_ema_touch_confirm,False,ma10_touch_confirm,204.9,10_wk_ema_touch_confirm,"{""confirm_date"": ""2026-03-02"", ""ma10_prior_week"": 196.012, ""pending_high"": 204.9, ""touch_date"": ""2026-02-23""}",1.0,2026-03-02,210.65,204.9,2.109645537374721,0.0354319180087847,0.8630705394190876,1.5062240663900417,ma10_touch_confirm,,209.91,2.37,ACTIONABLE,1.677951814330621,55.5,2025-05-26,60.3,8,1,130.88,2025-02-24,-15.6,1,13,15.6,2.388888888888889,9.0,7,3.0,-6.5,1.8,False,False,8.1818181818,214.5,-2.209790209790219,Electronic Technology,Aerospace & Defense,SEC,8,2026-03-06_RTX_8,True,ENTRY_OK,2026-03-09,210.18,3.0,,2026-08-21,-0.1285,-8.0,True,2026-03-23,11.0,3.0,False,False,7.722,2026-08-19,0.5852,2026-03-09,-19.3501,False,,False,True,116,24,False,OK,-3.4161,0.5852,-4.6817,False,False,resolved,,GROWTH
2026-03-13,DOCN,1,True,ceiling_breakout,False,ceiling_pullback,66.26,ceiling_breakout,"{""abandon_line"": 50.6562, ""atr_zone_width"": 2.3501427672034834, ""ceiling"": 51.69, ""confirm_close"": 68.63, ""confirm_date"": ""2026-03-09"", ""max_zone_width"": 2.5845000000000002, ""pending_high"": 66.26, ""touch_atr14"": 7.8338092240116115, ""touch_date"": ""2026-02-23"", ""touch_high"": 66.26, ""touch_low"": 51.03, ""zone_cap_applied"": false, ""zone_pct"": 4.546610112601051, ""zone_upper"": 54.040142767203484, ""zone_width"": 2.3501427672034834}",1.0,2026-03-11,66.26,66.26,1.8260653671246825,0.036673709628735,0.8991935483870968,0.3266129032258055,ceiling_pullback,,115.64,3.58,ACTIONABLE,1.2729485387162005,29.0,2026-01-05,32.8,1,0,51.69,2023-07-17,-62.5,9,129,62.5,4.3,2.0,2,5.0,-27.5,-2.6,True,False,21.0526315789,70.43,-2.5557290927161858,Technology Services,Packaged Software,SEC,1,2026-03-13_DOCN_1,True,ENTRY_OK,2026-03-16,69.36,3.0,,2026-08-21,66.7243,66.7243,False,,,,False,False,170.3287,2026-06-17,170.3287,2026-06-17,-0.519,True,2026-03-18,True,False,111,23,False,OK,19.1609,24.7116,-0.519,False,True,resolved,,GROWTH
2026-03-20,LMND,1,True,ceiling_breakout,,ceiling,61.82,ceiling_breakout,,1.0,2026-03-17,62.42,61.82,2.176558941231044,0.0816887738595923,0.8396551724137943,0.8706896551724149,ceiling,,53.85,3.82,ACTIONABLE,1.2742858237399788,0.0,2026-03-16,3.8,0,0,61.82,2025-09-15,-23.9,2,26,23.9,1.625,8.0,0,,,,True,False,35.7142857143,99.9,-35.75575575575575,Unknown,Unknown,SEC,7,2026-03-20_LMND_7,True,ENTRY_OK,2026-03-23,64.0,3.0,,2026-08-24,-15.8594,-8.0,True,2026-03-30,6.0,2.0,False,False,26.9219,2026-07-07,8.2812,2026-03-23,-27.875,True,2026-07-06,False,True,107,23,False,OK,-5.1562,8.2812,-6.1406,False,False,resolved,,LOSS_NARROWING
2026-03-27,DELL,1,True,ceiling_breakout,,ceiling,167.21,ceiling_breakout,,1.0,2026-03-24,167.21,167.21,1.8407157779114107,0.0580108845164761,0.906291834002677,0.6492637215528775,ceiling,,442.08,2.75,ACTIONABLE,1.4377013210574587,0.0,2026-03-23,2.8,0,0,167.21,2024-05-20,-61.1,5,96,61.1,4.5,1.0,0,,,,True,True,54.8837209302,186.39,-7.8223080637373155,Electronic Technology,Computer Processing Hardware,SEC,0,2026-03-27_DELL_0,True,ENTRY_OK,2026-03-30,171.95,3.0,,2026-08-21,157.098,-8.0,True,2026-03-31,2.0,1.0,False,False,198.9241,2026-08-13,0.7153,2026-03-30,-10.0669,True,2026-04-21,False,True,101,21,False,OK,0.9305,0.9305,-10.0669,True,False,resolved,,GROWTH
2026-03-27,CASY,2,True,pivot,False,pivot,690.0,pivot,"{""pivot_candidates"": [{""box_type"": ""S_BOX"", ""price"": 690.0, ""resistance_date"": ""2026-03-23""}], ""selected_pivot"": {""box_type"": ""S_BOX"", ""price"": 690.0, ""resistance_date"": ""2026-03-23""}}",1.0,2026-03-25,690.0,690.0,1.7666946874451517,0.0351159420289854,0.7716708542713576,0.7609924623115576,pivot,,854.21,3.51,ACTIONABLE,1.2508548286900731,34.0,2025-11-03,34.9,4,1,529.58,2025-07-21,-7.7,2,15,7.7,2.3499999999999996,9.0,3,5.0,-9.1,3.5,True,False,49.7854077253,721.5,-1.0062370062370096,Retail Trade,Specialty Stores,SEC,8,2026-03-27_CASY_8,True,ENTRY_OK,2026-03-30,711.72,3.0,,2026-08-24,20.0205,20.0205,False,,,,False,False,30.2689,2026-06-11,30.2689,2026-06-11,-1.7886,True,2026-05-04,True,False,102,22,False,OK,4.3037,4.7448,-1.7886,False,False,resolved,,GROWTH
2026-04-02,MRVL,1,True,ceiling_breakout,,ceiling,102.7,ceiling_breakout,,1.0,2026-04-01,102.7,102.7,2.406028542057799,0.0390457643622199,0.8462585034013594,0.5455782312925151,ceiling,,237.04,4.29,ACTIONABLE,1.7371101232727042,0.0,2026-03-30,4.3,0,0,102.7,2025-12-01,-31.2,1,17,31.2,3.738888888888889,11.0,0,,,,True,True,95.652173913,107.84,-0.6769287833827908,Electronic Technology,Semiconductors,SEC,10,2026-04-02_MRVL_10,True,ENTRY_OK,2026-04-06,109.37,4.0,,2026-08-21,116.7322,116.7322,False,,,,False,False,201.5452,2026-06-18,201.5452,2026-06-18,-3.1544,True,2026-04-13,True,False,97,20,False,OK,17.4545,18.6889,-3.1544,False,False,resolved,,GROWTH
2026-04-02,INVA,2,True,ceiling_breakout,,ceiling,22.76,ceiling_breakout,,1.0,2026-03-30,22.76,22.76,2.63418106516534,0.0065905096660807,0.7090909090909092,0.2727272727272697,ceiling,,21.03,1.01,ACTIONABLE,1.132556464137076,0.0,2026-03-30,1.0,0,0,22.76,2025-06-09,-27.4,4,42,27.4,2.988888888888889,22.0,0,,,,True,False,409.3023255814,25.15,-8.588469184890657,Unknown,Unknown,SEC,21,2026-04-02_INVA_21,True,ENTRY_OK,2026-04-06,22.9,4.0,,2026-08-24,-8.1659,-8.0,True,2026-07-23,76.0,16.0,False,False,6.7686,2026-04-14,6.7686,2026-04-14,-11.7904,False,,False,True,98,21,False,OK,3.7555,6.5939,-0.655,False,False,resolved,,GROWTH
2026-04-02,PFIS,3,True,10_wk_ema_touch_confirm,,ma10_touch_confirm,53.87,10_wk_ema_touch_confirm,"{""confirm_date"": ""2026-03-30"", ""ma10_prior_week"": 53.15, ""pending_high"": 53.87, ""touch_date"": ""2026-03-23""}",1.0,2026-04-02,53.87,53.87,2.377803335250144,0.0139224057917208,0.9759036144578318,0.4518072289156636,ma10_touch_confirm,,70.14,1.39,ACTIONABLE,1.6112822175393096,3.3,2026-03-23,3.6,1,0,52.71,2025-09-01,-19.1,3,29,19.1,2.1333333333333333,38.0,0,,,,True,True,155.3191489362,57.07,-4.2929735412651215,Finance,Regional Banks,SEC,37,2026-04-02_PFIS_37,True,ENTRY_OK,2026-04-06,53.83,4.0,,2026-08-21,30.2991,30.2991,False,,,,False,False,36.2995,2026-07-29,36.2995,2026-07-29,-3.251,True,2026-06-15,True,False,97,20,False,OK,6.1676,7.6909,-0.5202,False,False,resolved,,GROWTH
2026-04-10,SPIR,1,True,ceiling_breakout,,ceiling,21.3,ceiling_breakout,,1.0,2026-04-10,21.3,21.3,6.768676828498409,0.0122065727699529,1.0,0.0909090909090902,ceiling,,13.87,1.22,ACTIONABLE,5.109620558509152,0.0,2026-04-06,1.2,0,0,21.3,2025-02-03,-69.0,5,61,69.0,4.0144927536231885,11.0,0,,,,True,True,55.9585492228,21.56,0.0,Unknown,Unknown,SEC,10,2026-04-10_SPIR_10,True,ENTRY_OK,2026-04-13,22.15,3.0,,2026-08-24,-37.3815,-8.0,True,2026-04-14,2.0,1.0,False,False,17.0655,2026-05-27,6.5011,2026-04-13,-52.8668,False,,False,True,93,20,False,OK,-11.7833,6.5011,-12.7314,True,False,resolved,,LOSS_NARROWING
2026-04-10,FRAF,2,True,ceiling_breakout,,ceiling,55.3,ceiling_breakout,,1.0,2026-04-10,56.44,55.3,4.251876779704893,0.0235081374321881,0.9552238805970183,0.9701492537313492,ceiling,,62.01,2.35,ACTIONABLE,2.7358491151411664,0.0,2026-04-06,2.4,0,0,55.3,2025-12-08,-18.9,2,17,18.9,2.13768115942029,50.0,0,,,,True,True,938.4615384615,59.53,-4.921888123635143,Finance,Regional Banks,SEC,49,2026-04-10_FRAF_49,True,ENTRY_OK,2026-04-13,56.14,3.0,,2026-08-21,10.456,10.456,False,,,,False,False,16.5123,2026-08-17,16.5123,2026-08-17,-3.7941,False,,False,False,92,19,False,OK,2.9569,3.2597,-2.191,False,False,resolved,,GROWTH
2026-04-10,HLIO,3,True,ceiling_breakout,,ceiling,70.68,ceiling_breakout,,1.0,2026-04-09,70.68,70.68,1.592695559647192,0.0241935483870967,0.8176638176638178,0.4871794871794846,ceiling,,76.18,0.64,ACTIONABLE,1.5830218061314325,0.0,2026-04-06,0.6,0,0,70.68,2023-02-27,-65.2,9,162,65.2,3.8405797101449273,15.0,0,,,,True,True,314.2857142857,76.47,-6.983130639466461,Producer Manufacturing,Industrial Machinery,SEC,14,2026-04-10_HLIO_14,True,ENTRY_OK,2026-04-13,70.62,3.0,,2026-08-21,7.8731,7.8731,False,,,,False,False,34.3954,2026-06-25,34.3954,2026-06-25,-7.9156,True,2026-06-03,True,False,92,19,False,OK,-2.8179,1.7417,-5.9332,False,False,resolved,,GROWTH
2026-04-17,AMLX,1,True,ceiling_breakout,,ceiling,17.49,ceiling_breakout,,1.0,2026-04-16,17.49,17.49,2.360510333377026,0.0137221269296741,0.8317757009345798,0.2242990654205625,ceiling,,38.66,4.97,ACTIONABLE,1.5855789043708044,0.0,2026-04-13,5.0,0,0,17.49,2026-01-19,-27.5,1,12,27.5,3.03125,42.0,0,,,,True,True,48.1481481481,18.6,-1.2903225806451757,Health Technology,Pharmaceuticals: Major,SEC,41,2026-04-17_AMLX_41,True,ENTRY_OK,2026-04-20,18.16,3.0,,2026-08-21,112.8855,-8.0,True,2026-04-28,7.0,2.0,False,False,126.5419,2026-08-21,0.1652,2026-04-20,-31.4978,True,2026-08-04,False,True,87,18,False,OK,-6.1674,0.1652,-7.9846,False,False,resolved,,LOSS_NARROWING
2026-04-17,ALB,2,True,ceiling_breakout,,ceiling,191.5,ceiling_breakout,,1.0,2026-04-16,191.5,191.5,2.567567321473123,0.1259530026109661,0.996584440227704,0.9153700189753324,ceiling,,141.51,3.26,ACTIONABLE,1.780966540596577,0.0,2026-04-13,3.3,0,0,191.5,2026-01-19,-19.2,1,12,19.2,2.252604166666667,72.0,0,,,,True,True,-1437.9310344828,215.71,-8.325993231653616,Unknown,Unknown,SEC,71,2026-04-17_ALB_71,True,ENTRY_OK,2026-04-20,195.5,3.0,,2026-08-24,-27.6164,-8.0,True,2026-05-15,20.0,4.0,False,False,12.757,2026-05-07,12.757,2026-05-07,-42.9412,False,,False,True,88,19,False,OK,-3.913,2.8951,-5.8619,False,False,resolved,,PROFIT_TO_LOSS
2026-04-17,CVEO,3,True,pivot,,pivot,29.68,pivot,"{""pivot_candidates"": [{""box_type"": ""M_BOX"", ""price"": 29.68, ""resistance_date"": ""2026-04-13""}, {""box_type"": ""S_BOX"", ""price"": 29.68, ""resistance_date"": ""2026-04-13""}], ""selected_pivot"": {""box_type"": ""M_BOX"", ""price"": 29.68, ""resistance_date"": ""2026-04-13""}}",1.0,2026-04-17,30.0,29.68,2.0475160848011815,0.0168463611859839,0.846938775510205,0.5102040816326547,pivot,,34.53,1.68,ACTIONABLE,1.5602365191366427,6.3,2026-04-06,6.4,1,0,28.36,2024-09-16,-36.5,5,81,36.5,3.239583333333333,37.0,0,,,,True,True,44.2307692308,30.33,-0.4945598417408492,Consumer Services,Hotels/Resorts/Cruise lines,SEC,36,2026-04-17_CVEO_36,True,ENTRY_OK,2026-04-20,30.35,3.0,,2026-08-21,13.7727,13.7727,False,,,,False,False,20.2636,2026-05-14,20.2636,2026-05-14,-3.2949,True,2026-05-14,True,False,87,18,False,OK,3.6573,3.7891,-0.7249,False,False,resolved,,LOSS_NARROWING
2026-04-24,MCRI,1,True,ceiling_breakout,,ceiling,112.85,ceiling_breakout,,1.0,2026-04-22,112.85,112.85,4.464522986978475,0.0123172352680549,0.9973380656610468,0.1233362910381544,ceiling,,126.09,1.89,ACTIONABLE,2.45215163225928,0.0,2026-04-20,1.9,0,0,112.85,2025-07-14,-24.8,4,40,24.8,2.73125,48.0,0,,,,True,True,400.0,118.0,-2.5593220338983036,Consumer Services,Hotels/Resorts/Cruise lines,SEC,47,2026-04-24_MCRI_47,True,ENTRY_OK,2026-04-27,114.71,3.0,,2026-08-21,9.9207,9.9207,False,,,,False,False,18.4988,2026-06-29,18.4988,2026-06-29,-2.9901,False,,False,False,82,17,False,OK,2.284,4.8993,0.0,False,False,resolved,,GROWTH
2026-04-24,NVTS,2,True,ceiling_breakout,,ceiling,16.85,ceiling_breakout,,1.0,2026-04-22,16.85,16.85,3.7989330550440368,0.0961424332344211,0.9248120300751868,0.6090225563909765,ceiling,,12.23,2.55,ACTIONABLE,2.7988539931673735,0.0,2026-04-20,2.6,0,0,16.85,2025-10-13,-59.3,2,27,59.3,3.96875,19.0,0,,,,True,True,36.3636363636,19.79,-12.68317331985851,Unknown,Unknown,SEC,18,2026-04-24_NVTS_18,True,ENTRY_OK,2026-04-27,17.23,3.0,,2026-08-24,-29.0192,-8.0,True,2026-04-28,2.0,1.0,False,False,98.3169,2026-06-03,6.5583,2026-04-27,-45.2699,True,2026-05-11,False,True,83,18,False,OK,1.2768,6.5583,-17.9338,True,False,resolved,,LOSS_NARROWING
2026-04-24,SANM,3,True,ceiling_breakout,,ceiling,185.29,ceiling_breakout,,1.0,2026-04-24,185.29,185.29,1.8373951658499812,0.037077014409844,0.9023521026372056,0.4896650035637921,ceiling,,185.41,3.71,ACTIONABLE,1.4695741775259672,0.0,2026-04-20,3.7,0,0,185.29,2026-01-19,-36.3,1,13,36.3,3.10625,37.0,0,,,,True,True,-23.275862069,193.53,-0.7079005838888097,Electronic Technology,Electronic Production Equipment,SEC,36,2026-04-24_SANM_36,True,ENTRY_OK,2026-04-27,197.63,3.0,,2026-08-24,-6.1833,-8.0,True,2026-07-28,64.0,14.0,False,False,46.0709,2026-06-03,46.0709,2026-06-03,-17.8212,True,2026-05-06,True,False,83,18,False,OK,12.9737,16.6625,-7.3572,False,False,resolved,,DECLINE
2026-05-01,RBB,1,True,ceiling_breakout,,ceiling,24.06,ceiling_breakout,,1.0,2026-04-30,24.06,24.06,2.7977968377497056,0.002493765586035,0.7368421052631594,0.0789473684210554,ceiling,,26.64,0.75,ACTIONABLE,1.826743663224219,0.0,2026-04-27,0.7,0,0,24.06,2024-11-11,-42.6,4,76,42.6,3.3904761904761904,36.0,0,,,,True,True,51.2820512821,24.56,-1.3029315960912058,Finance,Regional Banks,SEC,35,2026-05-01_RBB_35,True,ENTRY_OK,2026-05-04,24.09,3.0,,2026-08-21,10.5853,10.5853,False,,,,False,False,16.5214,2026-07-16,16.5214,2026-07-16,-5.7285,False,,False,False,77,16,False,OK,-0.7887,1.9095,-1.8265,False,False,resolved,,GROWTH
2026-05-01,IRM,2,True,ceiling_breakout,,ceiling,123.89,ceiling_breakout,,1.0,2026-04-30,123.89,123.89,3.3043550104652444,0.0169505206231332,0.9559118236472934,0.210420841683366,ceiling,,121.19,2.66,ACTIONABLE,1.558605159817288,0.0,2026-04-27,2.7,0,0,123.89,2024-10-21,-43.6,5,79,43.6,3.621428571428571,30.0,0,,,,True,True,860.0,127.94,-0.5862122870095354,Finance,Real Estate Investment Trusts,SEC,29,2026-05-01_IRM_29,True,ENTRY_OK,2026-05-04,125.96,3.0,,2026-08-24,-3.7869,-8.0,True,2026-07-02,42.0,9.0,False,False,6.9228,2026-06-24,6.9228,2026-06-24,-9.2331,False,,False,True,78,17,False,OK,1.5957,5.732,-1.1988,False,False,resolved,,GROWTH
2026-05-01,BEN,3,True,ceiling_breakout,,ceiling,28.88,ceiling_breakout,,1.0,2026-04-28,28.88,28.88,2.2374398317650503,0.0200831024930747,0.9946524064171134,0.310160427807488,ceiling,,34.31,3.32,ACTIONABLE,1.5891886634704206,0.0,2026-04-27,3.3,0,0,28.88,2023-01-30,-46.8,10,169,46.8,3.873809523809524,17.0,0,,,,True,True,88.4615384615,30.35,-1.6803953871499244,Finance,Investment Managers,SEC,16,2026-05-01_BEN_16,True,ENTRY_OK,2026-05-04,29.47,3.0,,2026-08-21,16.4235,16.4235,False,,,,False,False,23.1082,2026-08-05,23.1082,2026-08-05,-1.6288,True,2026-08-03,True,False,77,16,False,OK,4.3095,5.6328,-1.6288,False,False,resolved,,GROWTH
2026-05-08,FTNT,1,True,ceiling_breakout,,ceiling,112.37,ceiling_breakout,,1.0,2026-05-08,112.37,112.37,1.6252932081479756,0.0151285930408471,0.9261576971214012,0.2127659574468072,ceiling,,153.51,1.51,ACTIONABLE,1.5112176203279293,0.0,2026-05-04,1.5,0,0,112.37,2025-02-10,-37.6,5,64,37.6,2.947265625,64.0,0,,,,True,True,28.5714285714,114.66,-0.5145648002790937,Technology Services,Information Technology Services,SEC,63,2026-05-08_FTNT_63,True,ENTRY_OK,2026-05-11,112.1,3.0,,2026-08-21,36.9402,36.9402,False,,,,False,False,53.5147,2026-08-05,53.5147,2026-08-05,0.0,True,2026-05-26,True,False,72,15,False,OK,9.5272,10.0178,0.0,False,False,resolved,,GROWTH
2026-05-08,KRYS,2,True,ceiling_breakout,,ceiling,295.98,ceiling_breakout,,1.0,2026-05-07,295.98,295.98,2.2218782021511085,0.0024325967970808,0.9560315670800434,0.0405862457722643,ceiling,,346.58,3.29,ACTIONABLE,1.7335209859009408,0.0,2026-05-04,3.3,0,0,295.98,2026-01-12,-18.2,1,16,18.2,2.0546875,104.0,0,,,,True,True,52.5,306.1,-0.1274093433518586,Health Technology,Biotechnology,SEC,103,2026-05-08_KRYS_103,True,ENTRY_OK,2026-05-11,308.38,3.0,,2026-08-21,12.3873,12.3873,False,,,,False,False,24.0483,2026-06-30,24.0483,2026-06-30,-7.5589,True,2026-06-26,True,False,72,15,False,OK,-0.6777,3.5995,-1.7868,False,False,resolved,,GROWTH
2026-05-08,CTS,3,True,ceiling_breakout,,ceiling,59.61,ceiling_breakout,,1.0,2026-05-06,59.61,59.61,1.8237927230624769,0.0065425264217413,0.9738219895287972,0.2041884816753933,ceiling,,56.13,3.59,ACTIONABLE,1.4576885410108735,0.0,2026-05-04,3.6,0,0,59.61,2024-11-04,-43.1,5,78,43.1,3.4296875,42.0,0,,,,True,True,34.0909090909,62.02,-0.435343437600777,Electronic Technology,Electronic Production Equipment,SEC,41,2026-05-08_CTS_41,True,ENTRY_OK,2026-05-11,61.91,3.0,,2026-08-24,-9.3361,-8.0,True,2026-05-18,6.0,2.0,False,False,12.2759,2026-06-25,0.0646,2026-05-11,-10.2891,False,,False,True,73,16,False,OK,-5.8472,0.0646,-6.2187,False,False,resolved,,GROWTH
2026-05-15,HLIO,1,True,ceiling_breakout,,ceiling,75.95,ceiling_breakout,,1.0,2026-05-12,75.95,75.95,2.9419838945827235,0.021329822251481,0.6733870967741925,0.2177419354838697,ceiling,,76.18,1.42,ACTIONABLE,1.547730540133989,0.0,2026-05-11,1.4,0,0,75.95,2026-02-09,-18.4,1,13,18.4,1.9772727272727273,53.0,0,,,,True,True,168.1818181818,80.0,-3.712499999999997,Producer Manufacturing,Industrial Machinery,SEC,52,2026-05-15_HLIO_52,True,ENTRY_OK,2026-05-18,77.34,3.0,,2026-08-21,-1.4999,-1.4999,False,,,,False,False,22.7179,2026-06-25,22.7179,2026-06-25,-3.9436,True,2026-06-25,True,False,67,14,False,OK,2.1464,3.0515,-3.9436,False,False,resolved,,GROWTH
2026-05-15,CVS,2,True,ceiling_breakout,,ceiling,94.55,ceiling_breakout,,1.0,2026-05-12,94.55,94.55,1.622106648070288,0.0063458487572713,0.9455958549222814,0.1554404145077742,ceiling,,93.02,1.42,ACTIONABLE,1.4053637483907049,0.0,2026-05-11,1.4,0,0,94.55,2022-01-24,-56.6,20,224,56.6,3.734848484848485,17.0,0,,,,True,True,63.1205673759,98.43,-2.5805140709133423,Retail Trade,Drugstore Chains,SEC,16,2026-05-15_CVS_16,True,ENTRY_OK,2026-05-18,95.11,3.0,,2026-08-21,-2.1975,-2.1975,False,,,,False,False,15.6556,2026-07-22,15.6556,2026-07-22,-6.5608,False,,False,False,67,14,False,OK,-2.5444,0.7886,-3.2804,False,False,resolved,,GROWTH
2026-05-15,AIZ,3,True,ceiling_breakout,,ceiling,245.31,ceiling_breakout,,1.0,2026-05-14,253.95,245.31,1.6516204725145227,0.0302066772655007,0.6503067484662571,1.5153374233128782,ceiling,,284.04,3.79,ACTIONABLE,1.2434106123342392,0.0,2026-05-11,3.8,0,0,245.31,2026-02-02,-14.8,1,14,14.8,1.7651515151515151,59.0,0,,,,True,False,91.1660777385,257.17,-0.9954504802270892,Finance,Property/Casualty Insurance,SEC,58,2026-05-15_AIZ_58,True,ENTRY_OK,2026-05-18,253.7,3.0,,2026-08-21,11.959,11.959,False,,,,False,False,19.8029,2026-08-06,19.8029,2026-08-06,-3.5436,False,,False,False,67,14,False,OK,0.0985,2.5148,-1.0958,False,False,resolved,,GROWTH
2026-05-22,CMPR,1,True,ceiling_breakout,,ceiling,102.22,ceiling_breakout,,1.0,2026-05-18,102.22,102.22,3.1105353555937234,0.0064566621013499,0.9773798303487268,0.0622054665409987,ceiling,,87.52,0.17,ACTIONABLE,1.859649323537886,0.0,2026-05-18,0.2,0,0,102.22,2024-02-26,-65.6,5,116,65.6,4.0344827586206895,19.0,0,,,,True,True,266.6666666667,104.91,-2.4020589076351073,Commercial Services,Commercial Printing/Forms,SEC,18,2026-05-22_CMPR_18,True,ENTRY_OK,2026-05-26,102.32,4.0,,2026-08-24,-14.4644,-8.0,True,2026-06-05,9.0,2.0,False,False,4.1634,2026-07-16,3.7236,2026-05-27,-22.3417,False,,False,True,63,13,False,OK,-3.6747,3.7236,-4.2123,False,False,resolved,,TURNAROUND
2026-05-22,PDLB,2,True,ceiling_breakout,,ceiling,18.01,ceiling_breakout,,1.0,2026-05-20,18.01,18.01,3.3883323512080143,0.0288728484175457,0.9772727272727276,0.590909090909091,ceiling,,20.42,3.11,ACTIONABLE,1.6603348261938484,0.0,2026-05-18,3.1,0,0,18.01,2025-12-15,-13.8,2,22,13.8,2.1063218390804597,70.0,0,,,,True,True,44.0,18.77,-1.0655301012253535,Finance,Savings Banks,SEC,69,2026-05-22_PDLB_69,True,ENTRY_OK,2026-05-26,18.8,4.0,,2026-08-21,8.617,8.617,False,,,,False,False,12.234,2026-08-17,12.234,2026-08-17,-2.766,False,,False,False,62,13,False,OK,0.4255,1.8617,-1.5426,False,False,resolved,,GROWTH
2026-05-22,CLBK,3,True,ceiling_breakout,,ceiling,19.68,ceiling_breakout,,1.0,2026-05-20,19.68,19.68,2.5103225009945267,0.0259146341463416,0.9305555555555594,0.7083333333333366,ceiling,,11.79,3.46,ACTIONABLE,1.6696078576096771,0.0,2026-05-18,3.5,0,0,19.68,2023-12-18,-35.8,10,126,35.8,3.548850574712644,27.0,0,,,,True,True,75.0,20.44,-0.391389432485334,Unknown,Unknown,YahooHistoricalEvent,26,2026-05-22_CLBK_26,True,ENTRY_OK,2026-05-26,9.24,4.0,,2026-08-21,27.5974,27.5974,False,,,,False,False,29.8701,2026-08-17,29.8701,2026-08-17,-4.2208,True,2026-07-20,True,False,62,13,False,OK,-1.4069,1.2987,-2.9221,False,False,resolved,,GROWTH
2026-05-29,BWA,1,True,ceiling_breakout,,ceiling,69.87,ceiling_breakout,,1.0,2026-05-27,69.87,69.87,2.5996567820196277,0.013739802490339,0.7142857142857151,0.3706563706563698,ceiling,,64.36,2.79,ACTIONABLE,1.6832475907798377,0.0,2026-05-25,2.8,0,0,69.87,2026-02-09,-28.1,1,15,28.1,2.904017857142857,62.0,0,,,,True,True,61.1111111111,73.88,-2.7883053600433194,Producer Manufacturing,Trucks/Construction/Farm Machinery,SEC,61,2026-05-29_BWA_61,True,ENTRY_OK,2026-06-01,70.75,3.0,,2026-08-24,-9.0318,-8.0,True,2026-07-01,22.0,5.0,False,False,11.4064,2026-06-03,11.4064,2026-06-03,-15.0954,False,,False,True,59,13,False,OK,2.6572,11.4064,-1.6113,False,False,resolved,,GROWTH
2026-05-29,NBIX,2,True,ceiling_breakout,,ceiling,157.98,ceiling_breakout,,1.0,2026-05-29,157.98,157.98,1.6165769039137463,0.0020255728573237,0.7863013698630137,0.0876712328767181,ceiling,,153.04,0.2,ACTIONABLE,1.0389951732838676,0.0,2026-05-25,0.2,0,0,157.98,2024-07-29,-46.7,6,95,46.7,3.122767857142857,50.0,0,,,,True,False,2287.5,162.39,-2.51862799433461,Health Technology,Biotechnology,SEC,49,2026-05-29_NBIX_49,True,ENTRY_OK,2026-06-01,159.36,3.0,,2026-08-24,-3.9659,-3.9659,False,,,,False,False,16.7922,2026-07-30,16.7922,2026-07-30,-6.6391,False,,False,False,59,13,False,OK,2.8363,6.4069,-3.3258,False,False,resolved,,GROWTH
2026-05-29,ILMN,3,True,ceiling_breakout,,ceiling,156.66,ceiling_breakout,,1.0,2026-05-28,156.66,156.66,1.5145320941727023,0.0130218307162006,0.9896432681242804,0.234752589182968,ceiling,,219.4,4.02,ACTIONABLE,1.381528476210127,0.0,2026-05-25,4.0,0,0,156.66,2024-11-04,-56.1,4,81,56.1,3.984375,18.0,0,,,,True,True,6.0975609756,165.37,-1.4573380903428634,Health Technology,Medical Specialties,SEC,17,2026-05-29_ILMN_17,True,ENTRY_OK,2026-06-01,160.85,3.0,,2026-08-21,36.4004,36.4004,False,,,,False,False,37.0407,2026-08-21,37.0407,2026-08-21,-3.295,True,2026-07-06,True,False,58,12,False,OK,0.9139,10.1772,-0.8517,False,False,resolved,,GROWTH
2026-06-05,TWIN,1,True,ceiling_breakout,,ceiling,19.24,ceiling_breakout,,1.0,2026-06-05,19.24,19.24,2.1296871461386653,0.034823284823285,0.950000000000001,0.4187500000000016,ceiling,,23.42,3.48,ACTIONABLE,1.6860442869146433,0.0,2026-06-01,3.5,0,0,19.24,2026-01-12,-25.7,2,20,25.7,3.407407407407407,33.0,0,,,,True,True,309.0909090909,19.99,-0.4002001000500188,Producer Manufacturing,Trucks/Construction/Farm Machinery,SEC,32,2026-06-05_TWIN_32,True,ENTRY_OK,2026-06-08,19.99,3.0,,2026-08-21,17.1586,17.1586,False,,,,False,False,27.5638,2026-08-19,27.5638,2026-08-19,-7.3537,True,2026-06-26,True,False,53,11,False,OK,-0.05,4.4522,-7.3537,False,False,resolved,,TURNAROUND
2026-06-05,AMG,2,True,ceiling_breakout,,ceiling,330.36,ceiling_breakout,,1.0,2026-06-04,330.36,330.36,1.6517765018632935,0.0135004237801186,0.91963545981773,0.1847555923777954,ceiling,,356.21,1.95,ACTIONABLE,1.255977426391603,0.0,2026-06-01,2.0,0,0,330.36,2026-02-09,-23.0,1,16,23.0,2.898148148148148,53.0,0,,,,True,False,74.5454545455,338.07,-0.3727038778951086,Finance,Investment Managers,SEC,52,2026-06-05_AMG_52,True,ENTRY_OK,2026-06-08,337.08,3.0,,2026-08-21,5.6752,5.6752,False,,,,False,False,16.5628,2026-08-04,16.5628,2026-08-04,-2.6641,False,,False,False,53,11,False,OK,5.2005,5.4764,-1.2104,False,False,resolved,,GROWTH
2026-06-05,TBBB,3,True,ceiling_breakout,,ceiling,39.39,ceiling_breakout,,1.0,2026-06-01,39.39,39.39,3.710017717069322,0.0043158161970042,0.8607594936708867,0.0537974683544309,ceiling,,50.66,0.08,ACTIONABLE,1.829703240043232,0.0,2026-06-01,0.1,0,0,39.39,2026-02-02,-23.6,2,17,23.6,2.9027777777777777,51.0,0,,,,True,True,-5188.8888888889,40.09,-1.6712397106510402,Retail Trade,Food Retail,YahooHistoricalEvent,50,2026-06-05_TBBB_50,True,ENTRY_OK,2026-06-08,39.43,3.0,,2026-08-21,28.4809,28.4809,False,,,,False,False,29.4192,2026-08-21,29.4192,2026-08-21,-2.5108,True,2026-08-13,True,False,53,11,False,OK,6.8222,8.3185,-0.913,False,False,resolved,,LOSS_WIDENING
2026-06-12,MCS,1,True,ceiling_breakout,,ceiling,22.16,ceiling_breakout,,1.0,2026-06-11,22.16,22.16,2.2917584839136182,0.0072202166064982,0.9895833333333354,0.1666666666666673,ceiling,,29.57,1.26,ACTIONABLE,1.3989013823805614,0.0,2026-06-08,1.3,0,0,22.16,2024-11-25,-42.9,7,80,42.9,3.655783582089552,59.0,0,,,,True,True,400.0,22.5,-0.2666666666666595,Consumer Services,Movies/Entertainment,SEC,58,2026-06-12_MCS_58,True,ENTRY_OK,2026-06-15,22.31,3.0,,2026-08-21,32.5415,32.5415,False,,,,False,False,45.316,2026-08-03,45.316,2026-08-03,-3.1376,True,2026-07-30,True,False,48,10,False,OK,6.9027,9.0991,-2.1515,False,False,resolved,,TURNAROUND
2026-06-12,CWBC,2,True,ceiling_breakout,,ceiling,25.47,ceiling_breakout,,1.0,2026-06-12,25.63,25.47,1.6403327529502805,0.0109933254809579,0.7619047619047595,1.3333333333333333,ceiling,,26.01,1.1,ACTIONABLE,1.9684905070874923,0.0,2026-06-08,1.1,0,0,25.47,2026-02-02,-14.1,2,18,14.1,2.050373134328358,210.0,0,,,,True,True,36.3636363636,25.8,-0.1937984496124034,Finance,Regional Banks,SEC,209,2026-06-12_CWBC_209,True,ENTRY_OK,2026-06-15,25.79,3.0,,2026-08-24,0.853,0.853,False,,,,False,False,8.7243,2026-07-16,8.7243,2026-07-16,-5.0019,False,,False,False,49,11,False,OK,-2.7918,0.3102,-4.1489,False,False,resolved,,GROWTH
2026-06-12,FDSB,3,True,ceiling_breakout,,ceiling,15.21,ceiling_breakout,,1.0,2026-06-08,15.25,15.21,18.401866433362496,0.0026298487836948,1.0,0.666666666666647,ceiling,,18.31,2.89,ACTIONABLE,4.247474398459519,0.0,2026-06-08,2.9,0,0,15.21,2026-02-02,-4.5,2,18,4.5,1.791044776119403,233.0,0,,,,True,True,300.0,15.76,-0.6979695431472033,Finance,Savings Banks,SEC,232,2026-06-12_FDSB_232,True,ENTRY_OK,2026-06-15,15.81,3.0,,2026-08-21,15.8128,15.8128,False,,,,False,False,17.0145,2026-08-19,17.0145,2026-08-19,-0.9488,False,,False,False,48,10,False,OK,1.1385,2.024,-0.9488,False,False,resolved,,GROWTH
2026-06-18,TER,1,True,pivot,False,pivot,421.95,pivot,"{""pivot_candidates"": [{""box_type"": ""M_BOX"", ""price"": 421.95, ""resistance_date"": ""2026-06-15""}, {""box_type"": ""S_BOX"", ""price"": 421.95, ""resistance_date"": ""2026-06-15""}], ""selected_pivot"": {""box_type"": ""M_BOX"", ""price"": 421.95, ""resistance_date"": ""2026-06-15""}}",1.0,2026-06-18,421.95,421.95,4.71001892064711,0.0378480862661454,0.910582908885117,0.903791737408037,pivot,,375.74,3.78,ACTIONABLE,2.0370440787670057,141.1,2025-11-24,173.6,3,2,160.06,2024-07-08,-59.1,3,72,59.1,4.682758620689655,4.0,3,9.0,-28.5,3.8,True,True,314.7540983607,440.75,-0.6420873511060687,Electronic Technology,Electronic Production Equipment,SEC,3,2026-06-18_TER_3,True,ENTRY_OK,2026-06-22,456.14,4.0,,2026-08-21,-17.6262,-10.078,True,2026-06-23,2.0,1.0,True,False,6.965,2026-06-30,0.6687,2026-06-22,-34.9279,False,,False,True,44,9,False,OK,-4.2268,3.5581,-10.385,True,False,resolved,,GROWTH
2026-06-18,ADI,2,True,10_wk_ema_touch_confirm,False,ma10_touch_confirm,422.23,10_wk_ema_touch_confirm,"{""confirm_date"": ""2026-06-15"", ""ma10_prior_week"": 397.322, ""pending_high"": 422.23, ""touch_date"": ""2026-06-08""}",1.0,2026-06-18,426.23,422.23,2.8503897221704557,0.0289652559031805,0.6674776966747747,0.9918896999188952,ma10_touch_confirm,,373.09,2.9,ACTIONABLE,1.5564116227799891,65.3,2025-11-24,71.2,3,1,253.8,2025-02-17,-38.6,3,40,38.6,3.56551724137931,37.0,5,5.0,-12.5,-0.0,True,True,110.5263157895,439.7,-1.1917216283829912,Electronic Technology,Semiconductors,SEC,36,2026-06-18_ADI_36,True,ENTRY_OK,2026-06-22,437.75,4.0,,2026-08-21,-14.771,-8.0,True,2026-06-26,5.0,1.0,False,False,1.8641,2026-06-22,1.8641,2026-06-22,-19.422,False,,False,True,44,9,False,OK,-11.6139,1.8641,-12.5483,True,False,resolved,,GROWTH
2026-06-18,GEV,3,True,pivot,False,pivot,1090.14,pivot,"{""pivot_candidates"": [{""box_type"": ""S_BOX"", ""price"": 1090.14, ""resistance_date"": ""2026-06-15""}], ""selected_pivot"": {""box_type"": ""S_BOX"", ""price"": 1090.14, ""resistance_date"": ""2026-06-15""}}",1.0,2026-06-18,1091.03,1090.14,1.630543291755674,0.0179701689691231,0.7317470664928292,0.6385267275097744,pivot,,942.1,1.8,ACTIONABLE,1.3937125887537127,52.9,2026-01-26,64.2,3,0,675.76,2025-07-28,-21.7,2,26,21.7,2.4896551724137934,83.0,2,9.0,-27.6,-6.1,True,True,1816.4835164835,1181.35,-6.062555550852833,Producer Manufacturing,Electrical Products,SEC,82,2026-06-18_GEV_82,True,ENTRY_OK,2026-06-22,1130.04,4.0,,2026-08-24,-16.6313,-8.0,True,2026-06-23,2.0,1.0,False,False,5.8317,2026-07-06,1.0584,2026-06-22,-20.5621,False,,False,True,45,10,False,OK,-7.5104,1.0584,-9.4652,True,False,resolved,,GROWTH
2026-06-26,EGBN,1,True,ceiling_breakout,,ceiling,28.92,ceiling_breakout,,1.0,2026-06-26,28.92,28.92,4.209364229559158,0.0072614107883817,0.8095238095238093,0.2499999999999968,ceiling,,28.11,0.73,ACTIONABLE,1.7089960939984552,0.0,2026-06-22,0.7,0,0,28.92,2024-11-18,-48.1,6,83,48.1,3.672985781990521,57.0,0,,,,True,True,700.0,29.29,-0.5462615227039946,Finance,Regional Banks,SEC,56,2026-06-26_EGBN_56,True,ENTRY_OK,2026-06-29,28.96,3.0,,2026-08-24,-2.9351,-8.0,True,2026-07-07,6.0,2.0,False,False,0.8978,2026-06-29,0.8978,2026-06-29,-17.0235,False,,False,True,40,9,False,OK,-4.7652,0.8978,-4.9033,False,False,resolved,,GROWTH
2026-06-26,ADPT,2,True,ceiling_breakout,,ceiling,20.76,ceiling_breakout,,1.0,2026-06-26,20.76,20.76,2.682593619798308,0.0096339113680152,0.9615384615384625,0.1923076923076918,ceiling,,25.99,0.96,ACTIONABLE,1.6727348621666305,0.0,2026-06-22,1.0,0,0,20.76,2025-11-24,-42.2,2,30,42.2,3.585308056872038,62.0,0,,,,True,True,35.0,21.0,-0.1904761904761853,Health Technology,Biotechnology,SEC,61,2026-06-26_ADPT_61,True,ENTRY_OK,2026-06-29,21.2,3.0,,2026-08-21,22.5943,22.5943,False,,,,False,False,23.3962,2026-08-10,23.3962,2026-08-10,-6.7453,True,2026-08-10,True,False,39,8,False,OK,-0.0472,7.5472,-2.3585,False,False,resolved,,LOSS_NARROWING
2026-06-26,QCRH,3,True,ceiling_breakout,,ceiling,95.78,ceiling_breakout,,1.0,2026-06-26,96.89,95.78,4.7699616159312885,0.0259970766339527,0.8078431372548992,0.9764705882352878,ceiling,,101.23,2.6,ACTIONABLE,1.861743378038895,0.0,2026-06-22,2.6,0,0,95.78,2024-11-18,-36.8,6,83,36.8,3.6421800947867298,60.0,0,,,,True,True,30.9210526316,98.76,-0.4961522883758729,Finance,Major Banks,SEC,59,2026-06-26_QCRH_59,True,ENTRY_OK,2026-06-29,98.0,3.0,,2026-08-21,3.2959,3.2959,False,,,,False,False,10.3163,2026-08-14,10.3163,2026-08-14,-4.4286,False,,False,False,39,8,False,OK,-1.3776,1.9082,-2.8367,False,False,resolved,,GROWTH
2026-07-02,BMRC,1,True,ceiling_breakout,,ceiling,27.95,ceiling_breakout,,1.0,2026-07-01,27.95,27.95,1.879151013679522,0.0354203935599284,0.9917355371900844,0.8181818181818192,ceiling,,27.11,1.72,ACTIONABLE,1.5269125960489467,0.0,2026-06-29,1.7,0,0,27.95,2025-12-08,-17.2,3,29,17.2,2.3520833333333333,80.0,0,,,,True,True,76.6666666667,30.34,-6.295319709953862,Finance,Regional Banks,SEC,79,2026-07-02_BMRC_79,True,ENTRY_OK,2026-07-06,28.12,4.0,,2026-08-24,-3.5917,-3.5917,False,,,,False,False,8.9972,2026-07-27,8.9972,2026-07-27,-5.441,False,,False,False,36,8,False,OK,0.3201,0.9957,-4.2319,False,False,resolved,,GROWTH
2026-07-02,BSET,2,True,ceiling_breakout,,ceiling,19.97,ceiling_breakout,,1.0,2026-07-02,19.97,19.97,4.546502690238278,0.013019529293941,0.7314487632508839,0.0918727915194352,ceiling,,18.9,1.3,ACTIONABLE,2.662547793994839,0.0,2026-06-29,1.3,0,0,19.97,2022-07-18,-45.5,13,206,45.5,3.7875,27.0,0,,,,True,True,9.0909090909,20.99,-3.6207717960933694,Consumer Durables,Home Furnishings,SEC,26,2026-07-02_BSET_26,True,ENTRY_OK,2026-07-06,20.15,4.0,,2026-08-21,-6.2035,-8.0,True,2026-08-20,34.0,7.0,False,False,9.33,2026-07-15,9.33,2026-07-15,-8.2382,False,,False,True,35,7,False,OK,2.4814,4.3672,-7.8412,False,False,resolved,,GROWTH
2026-07-02,PACS,3,True,ceiling_breakout,,ceiling,42.62,ceiling_breakout,,1.0,2026-06-30,42.62,42.62,1.5933043881206037,0.0004692632566871,0.686131386861314,0.0048661800486625,ceiling,,44.25,4.36,ACTIONABLE,1.2475232878410134,0.0,2026-06-29,4.4,0,0,42.62,2026-01-05,-31.1,2,25,31.1,3.6145833333333335,33.0,0,,,,True,False,194.1176470588,45.2,-1.592920353982319,Health Services,Hospital/Nursing Management,SEC,32,2026-07-02_PACS_32,True,ENTRY_OK,2026-07-06,44.34,4.0,,2026-08-21,-0.203,-8.0,True,2026-08-05,23.0,5.0,False,False,11.6148,2026-08-06,8.2544,2026-07-27,-11.7501,False,,False,True,35,7,False,OK,-2.5259,3.4957,-5.1646,False,False,resolved,,GROWTH
2026-07-10,BSVN,1,True,10_wk_ema_touch_confirm,,ma10_touch_confirm,49.94,10_wk_ema_touch_confirm,"{""confirm_date"": ""2026-07-06"", ""ma10_prior_week"": 45.194, ""pending_high"": 49.94, ""touch_date"": ""2026-06-22""}",1.0,2026-07-07,50.83,49.94,2.019607843137255,0.0362434921906287,0.8214285714285696,1.616071428571424,ma10_touch_confirm,,51.83,2.56,ACTIONABLE,1.4980030104347315,3.3,2026-06-22,5.0,1,0,48.77,2025-08-25,-22.0,2,43,22.0,2.0542168674698793,66.0,0,,,,True,True,15.7407407407,51.95,-1.405197305101069,Finance,Regional Banks,SEC,65,2026-07-10_BSVN_65,True,ENTRY_OK,2026-07-13,51.48,3.0,,2026-08-21,0.6799,0.6799,False,,,,False,False,7.634,2026-08-14,7.634,2026-08-14,-7.7312,False,,False,False,30,6,True,OK,-1.0101,2.9526,-2.7778,False,False,resolved,,GROWTH
2026-07-10,RAPP,2,True,pivot,False,pivot,40.92,pivot,"{""pivot_candidates"": [{""box_type"": ""S_BOX"", ""price"": 40.72, ""resistance_date"": ""2026-07-06""}, {""box_type"": ""M_BOX"", ""price"": 40.92, ""resistance_date"": ""2026-07-06""}], ""selected_pivot"": {""box_type"": ""M_BOX"", ""price"": 40.92, ""resistance_date"": ""2026-07-06""}}",1.0,2026-07-08,40.92,40.92,2.734927941684593,0.0261485826001954,0.7765486725663723,0.236725663716814,pivot,,48.24,2.03,ACTIONABLE,1.567144133730899,24.3,2026-03-30,32.5,4,1,31.52,2025-12-15,-20.0,1,15,20.0,2.2530120481927707,57.0,2,3.0,-7.3,-0.3,True,True,38.2352941176,43.76,-4.5932358318098725,Health Technology,Biotechnology,SEC,56,2026-07-10_RAPP_56,True,ENTRY_OK,2026-07-13,41.12,3.0,,2026-08-21,17.3152,17.3152,False,,,,False,False,21.3521,2026-08-19,21.3521,2026-08-19,-6.0798,True,2026-08-12,True,False,30,6,True,OK,3.6479,3.8911,-6.0798,False,False,resolved,,LOSS_NARROWING
2026-07-10,LASR,3,True,pivot,False,pivot,72.0,pivot,"{""pivot_candidates"": [{""box_type"": ""S_BOX"", ""price"": 72.0, ""resistance_date"": ""2026-07-06""}], ""selected_pivot"": {""box_type"": ""S_BOX"", ""price"": 72.0, ""resistance_date"": ""2026-07-06""}}",1.0,2026-07-09,72.0,72.0,3.1728644618793647,0.0376388888888887,0.8945432250153272,0.1661557326793373,pivot,,44.11,0.07,ACTIONABLE,1.2882451979705123,309.4,2025-06-02,357.8,7,0,15.74,2023-06-26,-60.6,7,101,60.6,4.590361445783133,5.0,12,8.0,-28.5,-9.3,True,False,106.25,86.95,-17.13628522139161,Unknown,Unknown,SEC,4,2026-07-10_LASR_4,True,ENTRY_OK,2026-07-13,70.73,3.0,,2026-08-24,-37.6361,-8.0,True,2026-07-15,3.0,1.0,False,False,13.2476,2026-08-05,4.8918,2026-07-15,-38.442,False,,False,True,31,7,False,OK,-2.0925,4.8918,-12.0741,True,False,resolved,,TURNAROUND
2026-07-17,CZFS,1,True,ceiling_breakout,,ceiling,70.45,ceiling_breakout,,1.0,2026-07-16,72.5,70.45,1.5797131573477448,0.0621717530163234,0.9319999999999992,1.7519999999999982,ceiling,,81.7,4.5,ACTIONABLE,1.374952992887268,0.0,2026-07-13,4.5,0,0,70.45,2024-11-18,-31.3,6,86,31.3,3.505747126436782,49.0,0,,,,True,True,35.8490566038,75.0,-1.8399999999999972,Finance,Regional Banks,SEC,48,2026-07-17_CZFS_48,True,ENTRY_OK,2026-07-20,72.83,3.0,,2026-08-21,12.179,12.179,False,,,,False,False,15.8177,2026-08-19,15.8177,2026-08-19,-4.5311,False,,False,False,25,5,True,OK,2.8148,2.9795,-4.5311,False,False,resolved,,GROWTH
2026-07-17,BIIB,2,True,ceiling_breakout,,ceiling,202.41,ceiling_breakout,,1.0,2026-07-13,202.41,202.41,1.8864175929852445,0.0327058939775704,0.8598629093678596,0.5041888804265047,ceiling,,216.78,1.77,ACTIONABLE,1.935286643932244,0.0,2026-07-13,1.8,0,0,202.41,2026-02-02,-16.7,1,23,16.7,2.3548850574712645,108.0,0,,,,True,True,31.0975609756,219.72,-6.248862188239568,Health Technology,Pharmaceuticals: Major,SEC,107,2026-07-17_BIIB_107,True,ENTRY_OK,2026-07-20,204.08,3.0,,2026-08-21,6.223,6.223,False,,,,False,False,8.8544,2026-08-19,8.8544,2026-08-19,-3.5084,False,,False,False,25,5,True,OK,-0.9261,0.7693,-3.5084,False,False,resolved,,GROWTH
2026-07-17,IRM,3,True,ceiling_breakout,,ceiling,123.05,ceiling_breakout,,1.0,2026-07-15,123.05,123.05,1.7630462068990274,0.0038195855343357,0.9662027833001984,0.0934393638170971,ceiling,,121.19,0.63,ACTIONABLE,1.759546857676402,0.0,2026-07-13,0.6,0,0,123.05,2024-10-21,-43.6,6,90,43.6,3.75,39.0,0,,,,True,True,860.0,134.68,-8.063558063558073,Finance,Real Estate Investment Trusts,SEC,38,2026-07-17_IRM_38,True,ENTRY_OK,2026-07-20,123.66,3.0,,2026-08-24,-1.9974,-1.9974,False,,,,False,False,7.4478,2026-07-24,7.4478,2026-07-24,-4.6984,False,,False,False,26,6,True,OK,3.7603,7.4478,-1.2292,False,False,resolved,,GROWTH
2026-07-24,BLFS,1,True,ceiling_breakout,,ceiling,29.62,ceiling_breakout,,1.0,2026-07-22,29.68,29.62,11.10657439130653,0.051654287643484,0.8152173913043479,0.8315217391304335,ceiling,,37.1,1.22,ACTIONABLE,3.1688814204373283,0.0,2026-07-20,1.2,0,0,29.62,2025-01-20,-39.7,5,78,39.7,3.825471698113208,23.0,0,,,,True,True,300.0,32.23,-6.981073533974547,Health Technology,Medical Specialties,SEC,22,2026-07-24_BLFS_22,True,ENTRY_OK,2026-07-27,29.87,3.0,,2026-08-21,24.2049,24.2049,False,,,,False,False,27.5527,2026-08-20,27.5527,2026-08-20,-0.8035,True,2026-08-19,True,False,20,4,True,OK,4.7205,10.9474,-0.8035,False,False,resolved,,TURNAROUND
2026-07-24,IMAX,2,True,ceiling_breakout,,ceiling,43.16,ceiling_breakout,,1.0,2026-07-23,43.16,43.16,5.816685398052541,0.0185356811862837,0.6629213483146075,0.224719101123597,ceiling,,52.74,0.51,ACTIONABLE,2.2938727555498537,0.0,2026-07-20,0.5,0,0,43.16,2026-02-23,-24.2,2,21,24.2,2.9976415094339623,46.0,0,,,,True,True,35.0,45.88,-5.448997384481258,Consumer Durables,Electronics/Appliances,SEC,45,2026-07-24_IMAX_45,True,ENTRY_OK,2026-07-27,43.71,3.0,,2026-08-21,20.6589,20.6589,False,,,,False,False,24.6854,2026-08-20,24.6854,2026-08-20,-1.693,True,2026-08-11,True,False,20,4,True,OK,9.4486,11.5077,-1.693,False,False,resolved,,GROWTH
2026-07-24,PKG,3,True,ceiling_breakout,,ceiling,246.42,ceiling_breakout,,1.0,2026-07-24,246.42,246.42,1.8609151130028176,0.0323431539647756,0.99757281553398,0.3868932038834952,ceiling,,252.79,3.23,ACTIONABLE,1.578781529173657,0.0,2026-07-20,3.2,0,0,246.42,2024-11-25,-32.0,4,86,32.0,3.716981132075472,27.0,0,,,,True,True,-15.4867256637,254.44,-0.0196509982707149,Process Industries,Containers/Packaging,SEC,26,2026-07-24_PKG_26,True,ENTRY_OK,2026-07-27,255.53,3.0,,2026-08-21,-1.0723,-1.0723,False,,,,False,False,1.7415,2026-08-13,1.7415,2026-08-13,-4.8018,False,,False,False,20,4,True,OK,-3.7921,1.2836,-4.8018,False,False,resolved,,DECLINE
2026-07-31,SHOO,1,True,ceiling_breakout,,ceiling,46.05,ceiling_breakout,,1.0,2026-07-30,46.05,46.05,2.024783509536206,0.0386536373507058,0.967145790554414,0.3655030800821354,ceiling,,46.08,0.07,ACTIONABLE,1.7879275645497557,0.0,2026-07-27,0.1,0,0,46.05,2026-01-12,-32.3,2,28,32.3,3.254385964912281,38.0,0,,,,True,True,167.8571428571,48.76,-5.496308449548815,Consumer Non-Durables,Apparel/Footwear,SEC,37,2026-07-31_SHOO_37,True,ENTRY_OK,2026-08-03,47.26,3.0,,2026-08-21,-2.4968,-2.4968,False,,,,False,False,5.1629,2026-08-06,5.1629,2026-08-06,-4.4435,False,,False,False,15,3,True,OK,2.7931,5.1629,-0.8464,False,False,resolved,,TURNAROUND
2026-07-31,NBBK,2,True,ceiling_breakout,,ceiling,22.78,ceiling_breakout,,1.0,2026-07-28,22.78,22.78,2.446938522941741,0.0118525021949078,0.7619047619047628,0.3214285714285709,ceiling,,22.51,1.01,ACTIONABLE,1.833924992014577,0.0,2026-07-27,1.0,0,0,22.78,2026-04-13,-19.0,1,15,19.0,2.3421052631578947,78.0,0,,,,True,True,9.0909090909,23.27,-1.1173184357541777,Finance,Regional Banks,SEC,77,2026-07-31_NBBK_77,True,ENTRY_OK,2026-08-03,23.18,3.0,,2026-08-24,-2.8904,-2.8904,False,,,,False,False,0.9491,2026-08-03,0.9491,2026-08-03,-7.1182,False,,False,False,16,4,True,OK,-2.5884,0.9491,-3.365,False,False,resolved,,GROWTH
2026-07-31,GSAT,3,True,pivot,True,pivot,81.78,pivot,"{""pivot_candidates"": [{""box_type"": ""S_BOX"", ""price"": 81.78, ""resistance_date"": ""2026-07-27""}], ""selected_pivot"": {""box_type"": ""S_BOX"", ""price"": 81.78, ""resistance_date"": ""2026-07-27""}}",1.0,2026-07-31,81.78,81.78,1.738181840327524,0.0195646857422351,0.937007874015744,0.6299212598425159,pivot,,82.11,1.96,ACTIONABLE,1.367140722975233,4.2,2026-04-13,11.4,0,0,74.88,2025-12-08,-28.3,2,18,28.3,3.2105263157894735,39.0,3,10.0,-7.5,-1.6,True,True,0.0,84.7,-1.55844155844157,Communications,Wireless Telecommunications,SEC,38,2026-07-31_GSAT_38,True,ENTRY_OK,2026-08-03,83.12,3.0,,2026-08-24,-1.2151,-1.2151,False,,,,False,False,2.0813,2026-08-03,2.0813,2026-08-03,-1.5399,False,,False,False,16,4,True,OK,0.3369,2.0813,-0.3369,False,False,resolved,,FLAT
2026-08-07,CFFI,1,True,ceiling_breakout,,ceiling,86.42,ceiling_breakout,,1.0,2026-08-05,86.42,86.42,49.56896551724138,0.0090256884980328,0.6885644768856445,0.0948905109489052,ceiling,,84.94,1.76,ACTIONABLE,5.620076272611173,0.0,2026-08-03,1.8,0,0,86.42,2025-02-10,-40.5,7,77,40.5,3.595808383233533,42.0,0,,,,True,True,25.3012048193,89.76,-2.0276292335115964,Finance,Regional Banks,SEC,41,2026-08-07_CFFI_41,True,ENTRY_OK,2026-08-10,86.3,3.0,,2026-08-21,-1.5759,-1.5759,False,,,,False,False,6.6049,2026-08-17,6.6049,2026-08-17,-2.3638,False,,False,False,10,2,True,OK,2.4218,3.8239,-2.3638,False,False,resolved,,GROWTH
2026-08-07,MTUS,2,True,ceiling_breakout,,ceiling,21.54,ceiling_breakout,,1.0,2026-08-04,21.54,21.54,2.3888469437859357,0.0009285051067779,0.8131487889273348,0.0069204152249133,ceiling,,18.73,0.6,ACTIONABLE,1.3603753316803435,0.0,2026-08-03,0.6,0,0,21.54,2026-02-02,-34.1,2,26,34.1,3.155688622754491,71.0,0,,,,True,True,133.3333333333,22.58,-4.0301151461470175,Non-Energy Minerals,Steel,SEC,70,2026-08-07_MTUS_70,True,ENTRY_OK,2026-08-10,21.8,3.0,,2026-08-24,-14.0826,-9.0826,True,2026-08-20,9.0,2.0,True,False,2.4771,2026-08-11,2.4771,2026-08-11,-14.0826,False,,False,True,11,3,False,OK,0.0459,2.4771,-2.2477,False,False,resolved,,GROWTH
2026-08-07,SWK,3,True,ceiling_breakout,,ceiling,102.72,ceiling_breakout,,1.0,2026-08-07,102.72,102.72,1.5289629710359054,0.0113901869158878,0.8743718592964825,0.2939698492462312,ceiling,,100.02,1.14,ACTIONABLE,1.443812577562711,0.0,2026-08-03,1.1,0,0,102.72,2024-09-23,-50.4,6,97,50.4,3.6736526946107784,39.0,0,,,,True,True,247.7611940299,104.39,-0.4789730817128079,Consumer Durables,Tools & Hardware,SEC,38,2026-08-07_SWK_38,True,ENTRY_OK,2026-08-10,102.48,3.0,,2026-08-21,-2.4005,-2.4005,False,,,,False,False,2.1468,2026-08-11,2.1468,2026-08-11,-5.2986,False,,False,False,10,2,True,OK,-0.4001,2.1468,-1.3954,False,False,resolved,,GROWTH
