snapshot_date,is_train,is_contaminated_val,n_picks,is_3picks,r1_code,r2_code,r3_code,w1_common_valid,r1_w1_return_pct,r2_w1_return_pct,r3_w1_return_pct,k1_w1,k2_w1,k3_w1,mc2_w1,mc3_w1,r3_minus_r2_w1,r1_minus_r2_w1,r1_minus_r3_w1,r1_w1_max_gain_pct,r2_w1_max_gain_pct,r3_w1_max_gain_pct,w2_common_valid,r1_w2_return_pct,r2_w2_return_pct,r3_w2_return_pct,k1_w2,k2_w2,k3_w2,mc2_w2,mc3_w2,r3_minus_r2_w2,r1_minus_r2_w2,r1_minus_r3_w2,r1_w2_max_gain_pct,r2_w2_max_gain_pct,r3_w2_max_gain_pct,w3_common_valid,r1_w3_return_pct,r2_w3_return_pct,r3_w3_return_pct,k1_w3,k2_w3,k3_w3,mc2_w3,mc3_w3,r3_minus_r2_w3,r1_minus_r2_w3,r1_minus_r3_w3,r1_w3_max_gain_pct,r2_w3_max_gain_pct,r3_w3_max_gain_pct,w4_common_valid,r1_w4_return_pct,r2_w4_return_pct,r3_w4_return_pct,k1_w4,k2_w4,k3_w4,mc2_w4,mc3_w4,r3_minus_r2_w4,r1_minus_r2_w4,r1_minus_r3_w4,r1_w4_max_gain_pct,r2_w4_max_gain_pct,r3_w4_max_gain_pct,r1_stop8_before_p20,r1_stop8_ever,r1_gap_stop,r1_profit20,r1_asof_return_pct,r1_asof_max_gain_pct,r1_asof_drawdown_pct,r2_stop8_before_p20,r2_stop8_ever,r2_gap_stop,r2_profit20,r2_asof_return_pct,r2_asof_max_gain_pct,r2_asof_drawdown_pct,r3_stop8_before_p20,r3_stop8_ever,r3_gap_stop,r3_profit20,r3_asof_return_pct,r3_asof_max_gain_pct,r3_asof_drawdown_pct
2025-10-24,True,False,2,False,,,,False,,,,,,,,,,,,,,,False,,,,,,,,,,,,,,,False,,,,,,,,,,,,,,,False,,,,,,,,,,,,,,,,,,,,,,,,,,,,,,,,,,,
2025-10-31,True,False,2,False,,,,False,,,,,,,,,,,,,,,False,,,,,,,,,,,,,,,False,,,,,,,,,,,,,,,False,,,,,,,,,,,,,,,,,,,,,,,,,,,,,,,,,,,
2025-11-07,True,False,1,False,,,,False,,,,,,,,,,,,,,,False,,,,,,,,,,,,,,,False,,,,,,,,,,,,,,,False,,,,,,,,,,,,,,,,,,,,,,,,,,,,,,,,,,,
2025-11-14,True,False,3,True,ALL,LH,LYFT,True,-0.4057,-0.0303,-13.7375,-0.4057,-0.218,-4.7245,0.1877,-4.5065,-13.7072,-0.3754,13.3318,0.3208,1.4339,0.3053,True,-1.0284,1.4225,-8.2861,-1.0284,0.1971,-2.6307,1.2254,-2.8277,-9.7086,-2.4509,7.2577,0.0802,2.0787,-7.7191,True,-5.5616,-2.496,0.1744,-5.5616,-4.0288,-2.6277,1.5328,1.4011,2.6704,-3.0656,-5.736,-0.283,2.9474,1.7444,True,-3.269,-0.3111,-11.1644,-3.269,-1.7901,-4.9148,1.4789,-3.1248,-10.8533,-2.9579,7.8954,-2.9435,0.6449,1.3956,True,True,False,True,19.7368,30.7703,-10.7647,False,False,False,True,27.5852,28.2869,-7.5487,True,True,False,False,-22.8958,1.7444,-45.6607
2025-11-21,True,False,1,False,,,,False,,,,,,,,,,,,,,,False,,,,,,,,,,,,,,,False,,,,,,,,,,,,,,,False,,,,,,,,,,,,,,,,,,,,,,,,,,,,,,,,,,,
2025-11-28,True,False,3,True,MNST,ROST,WFC,True,-2.0847,1.3534,4.666,-2.0847,-0.3657,1.3116,1.7191,1.6772,3.3126,-3.4381,-6.7507,1.288,2.03,6.1464,True,-1.7793,3.997,8.0767,-1.7793,1.1088,3.4315,2.8881,2.3226,4.0797,-5.7763,-9.856,-1.1021,5.6601,8.8465,True,1.2615,4.1805,8.361,1.2615,2.721,4.601,1.4595,1.88,4.1805,-2.919,-7.0995,2.4698,6.1418,9.8176,True,2.6557,3.4522,10.9901,2.6557,3.0539,5.6993,0.3982,2.6454,7.5379,-0.7965,-8.3344,3.9835,4.9432,11.6769,False,True,True,True,-35.0418,33.236,-40.1806,False,False,False,True,37.0799,47.3793,-0.3498,True,True,False,False,0.3316,13.9034,-14.306
2025-12-05,True,False,1,False,,,,False,,,,,,,,,,,,,,,False,,,,,,,,,,,,,,,False,,,,,,,,,,,,,,,False,,,,,,,,,,,,,,,,,,,,,,,,,,,,,,,,,,,
2025-12-19,True,False,3,True,SCHW,PLTR,MU,True,2.3433,-3.2455,2.7557,2.3433,-0.4511,0.6178,-2.7944,1.0689,6.0012,5.5888,-0.4124,2.7389,1.9688,4.9516,True,2.0187,-13.9356,13.8544,2.0187,-5.9585,0.6458,-7.9772,6.6043,27.79,15.9543,-11.8357,2.2824,-4.0197,13.9194,True,0.6188,-8.9982,24.563,0.6188,-4.1897,5.3945,-4.8085,9.5842,33.5612,9.617,-23.9442,5.2242,-3.9787,25.0,True,4.2808,-12.3462,30.9376,4.2808,-4.0327,7.6241,-8.3135,11.6568,43.2838,16.627,-26.6568,5.4474,-6.4295,32.0428,True,True,False,False,13.9176,14.0191,-15.0741,True,True,False,False,-7.742,1.9688,-45.4625,False,False,False,True,249.1693,353.1963,-3.1963
2025-12-26,True,False,2,False,,,,False,,,,,,,,,,,,,,,False,,,,,,,,,,,,,,,False,,,,,,,,,,,,,,,False,,,,,,,,,,,,,,,,,,,,,,,,,,,,,,,,,,,
2026-01-02,True,False,1,False,,,,False,,,,,,,,,,,,,,,False,,,,,,,,,,,,,,,False,,,,,,,,,,,,,,,False,,,,,,,,,,,,,,,,,,,,,,,,,,,,,,,,,,,
2026-01-09,True,False,1,False,,,,False,,,,,,,,,,,,,,,False,,,,,,,,,,,,,,,False,,,,,,,,,,,,,,,False,,,,,,,,,,,,,,,,,,,,,,,,,,,,,,,,,,,
2026-01-16,True,False,2,False,,,,False,,,,,,,,,,,,,,,False,,,,,,,,,,,,,,,False,,,,,,,,,,,,,,,False,,,,,,,,,,,,,,,,,,,,,,,,,,,,,,,,,,,
2026-01-23,True,False,2,False,,,,False,,,,,,,,,,,,,,,False,,,,,,,,,,,,,,,False,,,,,,,,,,,,,,,False,,,,,,,,,,,,,,,,,,,,,,,,,,,,,,,,,,,
2026-01-30,True,False,3,True,HON,AAOI,ZM,True,5.365,5.4511,0.5562,5.365,5.4081,3.7908,0.0431,-1.6173,-4.8949,-0.0861,4.8088,5.6725,16.9007,2.8356,True,6.6892,5.8319,0.9925,6.6892,6.2606,4.5045,-0.4286,-1.756,-4.8394,0.8573,5.6967,8.5686,20.9236,5.2678,True,7.8339,23.0183,-1.5269,7.8339,15.4261,9.7751,7.5922,-5.651,-24.5452,-15.1844,9.3608,8.1799,29.2549,1.6578,True,8.2013,100.4999,-19.3587,8.2013,54.3506,29.7808,46.1493,-24.5698,-119.8586,-92.2986,27.56,8.7352,100.6903,-1.2542,True,True,False,False,-8.2611,10.243,-8.9744,True,True,False,True,156.2009,456.2247,-11.8781,True,True,False,True,14.3309,25.1391,-22.8924
2026-02-13,True,False,1,False,,,,False,,,,,,,,,,,,,,,False,,,,,,,,,,,,,,,False,,,,,,,,,,,,,,,False,,,,,,,,,,,,,,,,,,,,,,,,,,,,,,,,,,,
2026-02-20,True,False,3,True,FANG,HEI,UAL,True,-1.2406,-8.4671,-4.4924,-1.2406,-4.8539,-4.7334,-3.6133,0.1205,3.9747,7.2265,3.2518,0.5539,1.6309,5.6604,True,3.035,-12.9729,-17.2776,3.035,-4.9689,-9.0718,-8.0039,-4.1029,-4.3047,16.0079,20.3126,4.4833,-3.8953,-5.0135,True,4.0794,-17.3527,-22.1923,4.0794,-6.6366,-11.8219,-10.716,-5.1852,-4.8396,21.4321,26.2717,6.5259,-10.6312,-13.2255,True,9.884,-21.1591,-19.1824,9.884,-5.6375,-10.1525,-15.5215,-4.515,1.9767,31.0431,29.0664,11.1015,-15.2947,-14.4474,False,False,False,True,21.5856,25.1515,-6.7509,True,True,True,False,1.7657,8.0199,-26.6166,True,True,True,True,2.0395,24.681,-23.9533
2026-02-27,True,False,3,True,EQIX,GMED,EXPE,True,-2.3401,-8.1708,20.0897,-2.3401,-5.2554,3.1929,-2.9153,8.4484,28.2605,5.8307,-22.4298,1.8445,0.0,21.348,True,1.068,-10.6273,9.8689,1.068,-4.7797,0.1032,-5.8476,4.8829,20.4962,11.6953,-8.8009,2.4727,-6.6842,18.2432,True,-0.0516,-9.0564,13.1424,-0.0516,-4.554,1.3448,-4.5024,5.8988,22.1988,9.0048,-13.194,3.2639,-6.8213,19.2412,True,0.3483,-11.6711,8.6347,0.3483,-5.6614,-0.896,-6.0097,4.7654,20.3058,12.0194,-8.2864,1.894,-6.8424,18.1275,False,False,False,False,11.0281,17.7043,-4.3109,True,True,False,False,-11.3548,2.6779,-21.5709,False,False,False,True,55.0622,61.5081,-2.4636
2026-03-06,True,False,2,False,,,,False,,,,,,,,,,,,,,,False,,,,,,,,,,,,,,,False,,,,,,,,,,,,,,,False,,,,,,,,,,,,,,,,,,,,,,,,,,,,,,,,,,,
2026-03-13,True,False,1,False,,,,False,,,,,,,,,,,,,,,False,,,,,,,,,,,,,,,False,,,,,,,,,,,,,,,False,,,,,,,,,,,,,,,,,,,,,,,,,,,,,,,,,,,
2026-03-20,True,False,1,False,,,,False,,,,,,,,,,,,,,,False,,,,,,,,,,,,,,,False,,,,,,,,,,,,,,,False,,,,,,,,,,,,,,,,,,,,,,,,,,,,,,,,,,,
2026-03-27,True,False,2,False,,,,False,,,,,,,,,,,,,,,False,,,,,,,,,,,,,,,False,,,,,,,,,,,,,,,False,,,,,,,,,,,,,,,,,,,,,,,,,,,,,,,,,,,
2026-04-02,True,False,3,True,MRVL,INVA,PFIS,True,17.4545,3.7555,6.1676,17.4545,10.605,9.1259,-6.8495,-1.4791,2.4121,13.699,11.2869,18.6889,6.5939,7.6909,True,27.695,5.8515,7.4494,27.695,16.7733,13.6653,-10.9217,-3.108,1.5979,21.8435,20.2456,27.8961,6.7686,9.2513,True,50.1966,2.9258,3.7711,50.1966,26.5612,18.9645,-23.6354,-7.5967,0.8453,47.2708,46.4255,56.1671,6.7686,8.1925,True,50.7818,0.917,4.2541,50.7818,25.8494,18.651,-24.9324,-7.1984,3.3371,49.8648,46.5277,52.0984,4.4978,8.6383,False,False,False,True,116.7322,201.5452,-3.1544,True,True,False,False,-8.1659,6.7686,-11.7904,False,False,False,True,30.2991,36.2995,-3.251
2026-04-10,True,False,3,True,SPIR,FRAF,HLIO,True,-11.7833,2.9569,-2.8179,-11.7833,-4.4132,-3.8814,7.3701,0.5318,-5.7748,-14.7402,-8.9654,6.5011,3.2597,1.7417,True,-25.4628,-1.3359,-3.625,-25.4628,-13.3994,-10.1412,12.0635,3.2581,-2.2891,-24.1269,-21.8378,-7.5395,5.6644,-0.5523,True,-17.9233,1.2291,-5.4942,-17.9233,-8.3471,-7.3961,9.5762,0.951,-6.7233,-19.1524,-12.4291,-15.8465,3.5625,-1.855,True,-16.5237,3.6338,-3.5401,-16.5237,-6.445,-5.4767,10.0788,0.9683,-7.1739,-20.1575,-12.9836,-14.9887,4.1503,-0.708,True,True,False,False,-37.3815,17.0655,-52.8668,False,False,False,False,10.456,16.5123,-3.7941,False,False,False,True,7.8731,34.3954,-7.9156
2026-04-17,True,False,3,True,AMLX,ALB,CVEO,True,-6.1674,-3.913,3.6573,-6.1674,-5.0402,-2.141,1.1272,2.8992,7.5703,-2.2544,-9.8247,0.1652,2.8951,3.7891,True,-11.8392,-1.0793,2.8336,-11.8392,-6.4592,-3.3616,5.38,3.0976,3.9129,-10.7599,-14.6728,-1.4868,2.2046,14.6623,True,-18.8877,3.8363,2.6689,-18.8877,-7.5257,-4.1275,11.362,3.3982,-1.1674,-22.724,-21.5566,-6.7181,12.757,6.1614,True,-26.8722,-7.9693,12.0593,-26.8722,-17.4207,-7.5941,9.4515,9.8267,20.0286,-18.9029,-38.9315,-16.1344,11.7749,20.2636,True,True,False,True,112.8855,126.5419,-31.4978,True,True,False,False,-27.6164,12.757,-42.9412,False,False,False,True,13.7727,20.2636,-3.2949
2026-04-24,True,False,3,True,MCRI,NVTS,SANM,True,2.284,1.2768,12.9737,2.284,1.7804,5.5115,-0.5036,3.7311,11.6969,1.0072,-10.6897,4.8993,6.5583,16.6625,True,3.1383,5.6297,25.6641,3.1383,4.384,11.4774,1.2457,7.0934,20.0344,-2.4914,-22.5258,5.1434,5.6297,29.1403,True,2.5804,23.7377,19.0811,2.5804,13.1591,15.1331,10.5786,1.974,-4.6566,-21.1573,-16.5007,4.0275,38.2472,28.2548,True,1.5779,69.762,24.6977,1.5779,35.67,32.0125,34.0921,-3.6574,-45.0643,-68.1841,-23.1198,5.5531,71.213,24.8393,False,False,False,False,9.9207,18.4988,-2.9901,True,True,False,True,-29.0192,98.3169,-45.2699,False,True,False,True,-6.1833,46.0709,-17.8212
2026-05-01,True,False,3,True,RBB,IRM,BEN,True,-0.7887,1.5957,4.3095,-0.7887,0.4035,1.7055,1.1922,1.302,2.7138,-2.3844,-5.0982,1.9095,5.732,5.6328,True,-5.3964,-1.3814,6.9223,-5.3964,-3.3889,0.0482,2.0075,3.4371,8.3037,-4.015,-12.3187,-0.9963,3.7313,8.9922,True,-1.951,-0.2858,4.2077,-1.951,-1.1184,0.657,0.8326,1.7754,4.4935,-1.6652,-6.1587,-0.9963,1.1432,8.5511,True,-1.3284,1.1273,4.2077,-1.3284,-0.1006,1.3355,1.2279,1.4361,3.0804,-2.4557,-5.5361,0.0415,2.088,6.9223,False,False,False,False,10.5853,16.5214,-5.7285,True,True,False,False,-3.7869,6.9228,-9.2331,False,False,False,True,16.4235,23.1082,-1.6288
2026-05-08,True,False,3,True,FTNT,KRYS,CTS,True,9.5272,-0.6777,-5.8472,9.5272,4.4248,1.0008,-5.1025,-3.424,-5.1695,10.2049,15.3744,10.0178,3.5995,0.0646,True,19.4737,-2.8958,0.5976,19.4737,8.2889,5.7252,-11.1848,-2.5638,3.4934,22.3695,18.8761,19.7056,0.334,0.8076,True,23.0776,0.2108,3.6505,23.0776,11.6442,8.9796,-11.4334,-2.6646,3.4397,22.8668,19.4271,23.2025,2.3348,6.5256,True,29.0633,-2.3932,1.4537,29.0633,13.3351,9.3746,-15.7283,-3.9604,3.8469,31.4565,27.6096,33.8715,1.4365,8.6577,False,False,False,True,36.9402,53.5147,0.0,False,False,False,True,12.3873,24.0483,-7.5589,True,True,False,False,-9.3361,12.2759,-10.2891
2026-05-15,True,False,3,True,HLIO,CVS,AIZ,True,2.1464,-2.5444,0.0985,2.1464,-0.199,-0.0998,-2.3454,0.0992,2.6429,4.6908,2.0479,3.0515,0.7886,2.5148,True,7.2795,-4.9311,-2.2389,7.2795,1.1742,0.0365,-6.1053,-1.1377,2.6922,12.2106,9.5184,7.9131,-1.5876,1.0997,True,4.9263,0.2418,1.0918,4.9263,2.584,2.0866,-2.3423,-0.4974,0.85,4.6845,3.8345,11.986,0.9778,1.62,True,9.1932,6.5398,2.8735,9.1932,7.8665,6.2022,-1.3267,-1.6643,-3.6663,2.6534,6.3197,11.0034,7.3914,2.9168,False,False,False,True,-1.4999,22.7179,-3.9436,False,False,False,False,-2.1975,15.6556,-6.5608,False,False,False,False,11.959,19.8029,-3.5436
2026-05-22,True,False,3,True,CMPR,PDLB,CLBK,True,-3.6747,0.4255,-1.4069,-3.6747,-1.6246,-1.552,2.0501,0.0726,-1.8324,-4.1002,-2.2678,3.7236,1.8617,1.2987,True,-7.5938,1.0638,-0.7576,-7.5938,-3.265,-2.4292,4.3288,0.8358,-1.8214,-8.6576,-6.8362,-2.629,3.2979,-0.1082,True,-13.1353,3.2447,1.4069,-13.1353,-4.9453,-2.8279,8.19,2.1174,-1.8378,-16.38,-14.5422,-6.2256,4.0426,3.7879,True,-17.0739,2.766,-1.9481,-17.0739,-7.1539,-5.4187,9.92,1.7353,-4.7141,-19.8399,-15.1258,-12.6955,4.5213,1.9481,True,True,False,False,-14.4644,4.1634,-22.3417,False,False,False,False,8.617,12.234,-2.766,False,False,False,True,27.5974,29.8701,-4.2208
2026-05-29,False,True,3,True,BWA,NBIX,ILMN,True,2.6572,2.8363,0.9139,2.6572,2.7468,2.1358,0.0896,-0.6109,-1.9224,-0.1791,1.7433,11.4064,6.4069,10.1772,True,5.3145,0.251,0.0746,5.3145,2.7828,1.88,-2.5317,-0.9027,-0.1764,5.0635,5.2399,7.9293,6.2939,4.4451,True,1.5406,-0.6714,0.6714,1.5406,0.4346,0.5135,-1.106,0.0789,1.3428,2.212,0.8692,8.1272,1.4433,4.0846,True,-3.7314,5.748,9.7606,-3.7314,1.0083,3.9257,4.7397,2.9174,4.0126,-9.4794,-13.492,4.3958,6.4006,13.6711,True,True,False,False,-9.0318,11.4064,-15.0954,False,False,False,False,-3.9659,16.7922,-6.6391,False,False,False,True,36.4004,37.0407,-3.295
2026-06-05,False,True,3,True,TWIN,AMG,TBBB,True,-0.05,5.2005,6.8222,-0.05,2.5753,3.9909,2.6252,1.4156,1.6217,-5.2505,-6.8722,4.4522,5.4764,8.3185,True,9.1546,4.6903,6.7715,9.1546,6.9224,6.8721,-2.2322,-0.0503,2.0812,4.4643,2.3831,10.2551,7.9506,11.1083,True,20.7604,1.4507,6.4925,20.7604,11.1056,9.5679,-9.6548,-1.5377,5.0418,19.3097,14.2679,22.2111,6.497,9.054,True,14.1071,2.228,6.6954,14.1071,8.1676,7.6768,-5.9396,-0.4907,4.4674,11.8791,7.4117,22.3112,3.5956,8.0396,False,False,False,True,17.1586,27.5638,-7.3537,False,False,False,False,5.6752,16.5628,-2.6641,False,False,False,True,28.4809,29.4192,-2.5108
2026-06-12,False,True,3,True,MCS,CWBC,FDSB,True,6.9027,-2.7918,1.1385,6.9027,2.0555,1.7498,-4.8472,-0.3056,3.9303,9.6945,5.7642,9.0991,0.3102,2.024,True,11.5643,3.7999,2.0873,11.5643,7.6821,5.8172,-3.8822,-1.8649,-1.7126,7.7644,9.477,11.5643,5.7774,2.3403,True,3.9892,4.0713,5.1233,3.9892,4.0302,4.3946,0.041,0.3643,1.052,-0.0821,-1.1341,10.7575,7.0182,5.1233,True,-2.4204,4.1877,9.5509,-2.4204,0.8837,3.7727,3.3041,2.8891,5.3632,-6.6081,-11.9713,3.7651,5.7387,13.4725,False,False,False,True,32.5415,45.316,-3.1376,False,False,False,False,0.853,8.7243,-5.0019,False,False,False,False,15.8128,17.0145,-0.9488
2026-06-18,False,True,3,True,TER,ADI,GEV,True,-4.2268,-11.6139,-7.5104,-4.2268,-7.9203,-7.7837,-3.6935,0.1366,4.1035,7.3871,3.2836,3.5581,1.8641,1.0584,True,-19.0841,-13.8412,-1.4982,-19.0841,-16.4627,-11.4745,2.6214,4.9882,12.343,-5.2429,-17.5859,6.965,-8.2079,4.2618,True,-21.1646,-9.6174,-3.4043,-21.1646,-15.391,-11.3954,5.7736,3.9956,6.2131,-11.5472,-17.7603,-12.3515,-8.7721,5.8317,True,-29.3287,-14.2524,-6.3892,-29.3287,-21.7905,-16.6568,7.5382,5.1338,7.8632,-15.0763,-22.9395,-19.9807,-8.466,-3.6131,True,True,True,False,-17.6262,6.965,-34.9279,True,True,False,False,-14.771,1.8641,-19.422,True,True,False,False,-16.6313,5.8317,-20.5621
2026-06-26,False,True,3,True,EGBN,ADPT,QCRH,True,-4.7652,-0.0472,-1.3776,-4.7652,-2.4062,-2.0633,2.359,0.3429,-1.3304,-4.718,-3.3876,0.8978,7.5472,1.9082,True,-7.2514,-0.6604,-1.5306,-7.2514,-3.9559,-3.1475,3.2955,0.8084,-0.8702,-6.591,-5.7208,-3.8674,4.3868,-0.1531,True,-5.4558,8.1132,0.6122,-5.4558,1.3287,1.0899,6.7845,-0.2388,-7.501,-13.569,-6.068,-3.0732,9.1981,2.3469,True,-1.8301,5.0472,2.1939,-1.8301,1.6086,1.8037,3.4386,0.1951,-2.8533,-6.8773,-4.024,-1.2431,8.066,3.4898,True,True,False,False,-2.9351,0.8978,-17.0235,False,False,False,True,22.5943,23.3962,-6.7453,False,False,False,False,3.2959,10.3163,-4.4286
2026-07-02,False,True,3,True,BMRC,BSET,PACS,True,0.3201,2.4814,-2.5259,0.3201,1.4007,0.0919,1.0806,-1.3089,-5.0073,-2.1613,2.846,0.9957,4.3672,3.4957,True,1.9559,6.1042,4.037,1.9559,4.0301,4.0324,2.0742,0.0023,-2.0672,-4.1483,-2.0811,4.1252,9.33,6.3825,True,1.4225,-4.268,5.6608,1.4225,-1.4227,0.9384,-2.8453,2.3612,9.9288,5.6905,-4.2383,2.9872,7.0471,7.3974,True,2.8094,-6.799,3.7664,2.8094,-1.9948,-0.0744,-4.8042,1.9204,10.5654,9.6084,-0.957,8.9972,-1.7866,8.2544,False,False,False,False,-3.5917,8.9972,-5.441,True,True,False,False,-6.2035,9.33,-8.2382,True,True,False,False,-0.203,11.6148,-11.7501
2026-07-10,False,True,3,True,BSVN,RAPP,LASR,True,-1.0101,3.6479,-2.0925,-1.0101,1.3189,0.1818,2.329,-1.1371,-5.7404,-4.658,1.0824,2.9526,3.8911,4.8918,True,-3.9627,-1.07,-1.0038,-3.9627,-2.5164,-2.0122,1.4463,0.5042,0.0662,-2.8927,-2.9589,-1.8065,7.6848,8.3274,True,-2.331,-0.3405,-2.7287,-2.331,-1.3357,-1.8001,0.9952,-0.4643,-2.3882,-1.9905,0.3977,-0.8353,7.6848,1.7814,True,-1.7677,10.6274,-20.6136,-1.7677,4.4299,-3.918,6.1975,-8.3478,-31.241,-12.3951,18.8459,0.8741,16.7315,13.2476,False,False,False,False,0.6799,7.634,-7.7312,False,False,False,True,17.3152,21.3521,-6.0798,True,True,False,False,-37.6361,13.2476,-38.442
2026-07-17,False,True,3,True,CZFS,BIIB,IRM,True,2.8148,-0.9261,3.7603,2.8148,0.9444,1.883,-1.8704,0.9386,4.6864,3.7409,-0.9455,2.9795,0.7693,7.4478,True,6.4397,-0.5537,-1.0836,6.4397,2.943,1.6008,-3.4967,-1.3422,-0.5299,6.9934,7.5233,9.1583,7.11,7.1729,True,10.3941,1.8914,-2.0298,10.3941,6.1427,3.4186,-4.2514,-2.7242,-3.9212,8.5027,12.4239,14.4721,3.969,4.6418,True,13.3324,2.8175,4.666,13.3324,8.0749,6.9386,-5.2575,-1.1363,1.8485,10.5149,8.6664,15.1311,5.6497,5.0057,False,False,False,False,12.179,15.8177,-4.5311,False,False,False,False,6.223,8.8544,-3.5084,False,False,False,False,-1.9974,7.4478,-4.6984
2026-07-24,False,True,3,True,BLFS,IMAX,PKG,True,4.7205,9.4486,-3.7921,4.7205,7.0846,3.459,2.364,-3.6256,-13.2407,-4.7281,8.5126,10.9474,11.5077,1.2836,True,16.0362,10.9357,0.1996,16.0362,13.486,9.0572,-2.5503,-4.4288,-10.7361,5.1005,15.8366,16.3709,18.0508,1.1232,True,17.4088,20.9792,-0.0196,17.4088,19.194,12.7895,1.7852,-6.4045,-20.9988,-3.5704,17.4284,18.3462,24.1592,1.7415,True,24.2049,20.6589,-1.0723,24.2049,22.4319,14.5972,-1.773,-7.8347,-21.7312,3.546,25.2772,27.5527,24.6854,-0.0117,False,False,False,True,24.2049,27.5527,-0.8035,False,False,False,True,20.6589,24.6854,-1.693,False,False,False,False,-1.0723,1.7415,-4.8018
2026-07-31,False,True,3,True,SHOO,NBBK,GSAT,True,2.7931,-2.5884,0.3369,2.7931,0.1023,0.1805,-2.6907,0.0782,2.9253,5.3815,2.4562,5.1629,0.9491,2.0813,True,-0.2539,-0.8628,-0.8782,-0.2539,-0.5584,-0.665,-0.3044,-0.1066,-0.0154,0.6089,0.6243,4.4012,0.5177,1.0948,True,-2.4968,-5.1769,-0.9143,-2.4968,-3.8369,-2.8627,-1.3401,0.9742,4.2626,2.6801,-1.5825,0.5713,-0.7765,0.0241,False,,,,,,,,,,,,,,,False,False,False,False,-2.4968,5.1629,-4.4435,False,False,False,False,-2.8904,0.9491,-7.1182,False,False,False,False,-1.2151,2.0813,-1.5399
2026-08-07,False,True,3,True,CFFI,MTUS,SWK,True,2.4218,0.0459,-0.4001,2.4218,1.2339,0.6892,-1.188,-0.5447,-0.446,2.3759,2.8219,3.8239,2.4771,2.1468,True,-1.5759,-10.1376,-2.4005,-1.5759,-5.8568,-4.7047,-4.2809,1.1521,7.7371,8.5617,0.8246,6.6049,1.5138,-1.3368,False,,,,,,,,,,,,,,,False,,,,,,,,,,,,,,,False,False,False,False,-1.5759,6.6049,-2.3638,True,True,True,False,-14.0826,2.4771,-14.0826,False,False,False,False,-2.4005,2.1468,-5.2986
