horizon,segment,rank_position,sample_weeks,mean_return_pct,median_return_pct,p25_return_pct,p75_return_pct,positive_return_rate_pct,stop8_before_p20_rate_pct,stop8_ever_rate_pct,gap_stop_rate_pct,profit20_hit_rate_pct,mean_max_gain_pct,median_max_gain_pct,mean_asof_return_pct,median_asof_return_pct,mean_asof_drawdown_pct,median_asof_drawdown_pct,horizon_status
W1,All common-support weeks,Rank1,25,1.0241,0.3201,-2.0847,2.7931,52.0,36.0,40.0,8.0,36.0,4.0589,2.9795,11.9453,0.853,-11.3196,-6.7509,PRIMARY
W1,All common-support weeks,Rank2,25,-1.0739,-0.0472,-3.2455,2.284,44.0,44.0,44.0,8.0,24.0,3.7613,2.4771,6.9861,-1.0723,-13.1543,-7.5487,PRIMARY
W1,All common-support weeks,Rank3,25,1.1693,0.5562,-2.0925,3.7603,60.0,32.0,36.0,4.0,48.0,5.4438,4.8313,15.4762,3.2959,-10.5395,-4.6984,PRIMARY
W1,Train-era weeks 1-30,Rank1,15,1.3765,0.73,-1.6627,2.8071,53.33,46.67,53.33,6.67,46.67,4.3222,2.7389,18.3553,10.5853,-12.8319,-8.9744,PRIMARY
W1,Train-era weeks 1-30,Rank2,15,-1.02,-0.0303,-2.8949,1.9398,46.67,46.67,46.67,6.67,26.67,4.3391,2.8951,11.5819,1.7657,-15.9675,-7.5589,PRIMARY
W1,Train-era weeks 1-30,Rank3,15,2.0352,1.2346,-1.3597,4.4878,73.33,33.33,40.0,6.67,73.33,6.4583,5.6328,27.0082,11.959,-11.196,-4.4283,PRIMARY
W1,Contaminated validation weeks 31-40,Rank1,10,0.4955,0.1351,-2.3464,2.7003,50.0,20.0,20.0,10.0,20.0,3.6641,3.2688,2.3304,-0.448,-9.0511,-5.2214,PRIMARY
W1,Contaminated validation weeks 31-40,Rank2,10,-1.1546,-0.4867,-3.4912,1.8725,40.0,40.0,40.0,10.0,20.0,2.8946,2.1706,0.0924,-1.9813,-8.9343,-6.9318,PRIMARY
W1,Contaminated validation weeks 31-40,Rank3,10,-0.1296,-0.2529,-1.9138,1.4318,40.0,30.0,30.0,0.0,10.0,3.922,3.2679,-1.8219,-1.1511,-9.5547,-4.7082,PRIMARY
W1,Early half,Rank1,13,1.6666,0.73,-1.2406,2.9569,53.85,38.46,46.15,7.69,53.85,3.8233,2.0357,22.9866,12.1438,-11.9263,-6.7509,PRIMARY
W1,Early half,Rank2,13,-1.4278,-0.6777,-3.2455,1.5957,38.46,53.85,53.85,7.69,30.77,4.3706,2.8951,13.006,1.7657,-17.7006,-9.2331,PRIMARY
W1,Early half,Rank3,13,2.183,2.7557,-2.8179,4.666,69.23,38.46,46.15,7.69,69.23,6.1034,4.9516,27.9112,11.959,-12.3243,-7.9156,PRIMARY
W1,Late half,Rank1,12,0.3281,0.1351,-3.0125,2.6912,50.0,33.33,33.33,8.33,16.67,4.3142,3.6408,-0.016,-2.0364,-10.6623,-6.3973,PRIMARY
W1,Late half,Rank2,12,-0.6904,-0.0006,-2.8893,2.5701,50.0,33.33,33.33,8.33,16.67,3.1013,2.1706,0.4646,-1.9813,-8.229,-6.6922,PRIMARY
W1,Late half,Rank3,12,0.071,0.1156,-1.5563,1.3751,50.0,25.0,25.0,0.0,25.0,4.7292,4.1635,2.0049,-0.645,-8.6059,-4.5635,PRIMARY
W2,All common-support weeks,Rank1,25,1.2988,0.4071,-3.9627,6.4397,52.0,36.0,40.0,8.0,36.0,5.342,4.4833,11.9453,0.853,-11.3196,-6.7509,PRIMARY
W2,All common-support weeks,Rank2,25,-2.5818,-0.6604,-4.9311,1.4225,44.0,44.0,44.0,8.0,24.0,2.8292,2.4727,6.9861,-1.0723,-13.1543,-7.5487,PRIMARY
W2,All common-support weeks,Rank3,25,2.2016,0.5976,-1.4982,6.7715,60.0,32.0,36.0,4.0,48.0,6.2411,5.2678,15.4762,3.2959,-10.5395,-4.6984,PRIMARY
W2,Train-era weeks 1-30,Rank1,15,2.1542,0.4071,-3.5878,6.0018,53.33,46.67,53.33,6.67,46.67,4.9257,2.2824,18.3553,10.5853,-12.8319,-8.9744,PRIMARY
W2,Train-era weeks 1-30,Rank2,15,-2.669,0.251,-3.9135,2.2804,53.33,46.67,46.67,6.67,26.67,2.7911,2.4727,11.5819,1.7657,-15.9675,-7.5589,PRIMARY
W2,Train-era weeks 1-30,Rank3,15,3.0707,1.1541,-1.0822,7.763,73.33,33.33,40.0,6.67,73.33,6.9955,5.2678,27.0082,11.959,-11.196,-4.4283,PRIMARY
W2,Contaminated validation weeks 31-40,Rank1,10,0.0158,0.851,-3.366,5.7797,50.0,20.0,20.0,10.0,20.0,5.9664,6.1912,2.3304,-0.448,-9.0511,-5.2214,PRIMARY
W2,Contaminated validation weeks 31-40,Rank2,10,-2.451,-0.7616,-6.5515,0.0113,30.0,40.0,40.0,10.0,20.0,2.8863,2.9503,0.0924,-1.9813,-8.9343,-6.9318,PRIMARY
W2,Contaminated validation weeks 31-40,Rank3,10,0.8979,-0.941,-1.3945,3.0825,40.0,30.0,30.0,0.0,10.0,5.1094,5.3222,-1.8219,-1.1511,-9.5547,-4.7082,PRIMARY
W2,Early half,Rank1,13,2.6609,0.4071,-1.7793,6.6892,53.85,38.46,46.15,7.69,53.85,5.2757,2.2824,22.9866,12.1438,-11.9263,-6.7509,PRIMARY
W2,Early half,Rank2,13,-3.1807,-1.0793,-4.9311,3.1383,46.15,53.85,53.85,7.69,30.77,2.4827,2.2046,13.006,1.7657,-17.7006,-9.2331,PRIMARY
W2,Early half,Rank3,13,3.4486,2.8336,-2.2389,8.0767,69.23,38.46,46.15,7.69,69.23,7.4573,8.8465,27.9112,11.959,-12.3243,-7.9156,PRIMARY
W2,Late half,Rank1,12,-0.1768,0.851,-4.7849,5.5958,50.0,33.33,33.33,8.33,16.67,5.4137,6.1912,-0.016,-2.0364,-10.6623,-6.3973,PRIMARY
W2,Late half,Rank2,12,-1.9329,-0.607,-2.8971,0.4542,41.67,33.33,33.33,8.33,16.67,3.2046,3.8423,0.4646,-1.9813,-8.229,-6.6922,PRIMARY
W2,Late half,Rank3,12,0.8506,-0.4018,-1.1872,1.8748,50.0,25.0,25.0,0.0,25.0,4.9235,4.3535,2.0049,-0.645,-8.6059,-4.5635,PRIMARY
W3,All common-support weeks,Rank1,24,2.9263,1.2453,-3.2365,5.6532,58.33,37.5,41.67,8.33,37.5,6.6992,3.2748,12.5087,5.6545,-11.6927,-7.0523,DIAGNOSTIC_ONLY
W3,All common-support weeks,Rank2,24,-1.0807,-0.0356,-4.4952,2.6667,45.83,41.67,41.67,4.17,25.0,2.6489,3.1056,7.864,0.3467,-13.1156,-7.3335,DIAGNOSTIC_ONLY
W3,All common-support weeks,Rank3,24,2.6402,0.8816,-1.3329,5.8687,62.5,33.33,37.5,4.17,50.0,6.6329,5.2367,16.2211,4.5868,-10.7578,-4.5635,DIAGNOSTIC_ONLY
W3,Train-era weeks 1-30,Rank1,15,2.9368,1.2291,-3.8407,4.5029,60.0,46.67,53.33,6.67,46.67,7.0415,3.5625,18.3553,10.5853,-12.8319,-8.9744,DIAGNOSTIC_ONLY
W3,Train-era weeks 1-30,Rank2,15,-0.5027,0.2108,-1.5837,3.0853,53.33,46.67,46.67,6.67,26.67,2.9764,2.9474,11.5819,1.7657,-15.9675,-7.5589,DIAGNOSTIC_ONLY
W3,Train-era weeks 1-30,Rank3,15,3.4565,2.6689,-0.0738,6.2843,73.33,33.33,40.0,6.67,73.33,7.3591,6.1614,27.0082,11.959,-11.196,-4.4283,DIAGNOSTIC_ONLY
W3,Contaminated validation weeks 31-40,Rank1,9,2.9088,1.4225,-2.4968,10.3941,55.56,22.22,22.22,11.11,22.22,6.1288,2.9872,2.7644,0.6799,-9.7941,-5.441,DIAGNOSTIC_ONLY
W3,Contaminated validation weeks 31-40,Rank2,9,-2.0441,-0.3405,-5.1769,1.4507,33.33,33.33,33.33,0.0,22.22,2.103,3.969,1.6674,-1.0723,-8.3623,-6.7453,DIAGNOSTIC_ONLY
W3,Contaminated validation weeks 31-40,Rank3,9,1.2796,-0.9143,-2.0298,5.6608,44.44,33.33,33.33,0.0,11.11,5.4226,4.6418,-1.7576,-1.087,-10.0276,-4.6984,DIAGNOSTIC_ONLY
W3,Early half,Rank1,13,4.2805,1.2291,-2.1199,4.9263,61.54,38.46,46.15,7.69,53.85,7.9785,3.5625,22.9866,12.1438,-11.9263,-6.7509,DIAGNOSTIC_ONLY
W3,Early half,Rank2,13,-0.778,0.2108,-2.496,2.9258,53.85,53.85,53.85,7.69,30.77,3.0123,2.9474,13.006,1.7657,-17.7006,-9.2331,DIAGNOSTIC_ONLY
W3,Early half,Rank3,13,3.9614,3.6505,0.1744,8.361,76.92,38.46,46.15,7.69,69.23,7.822,6.5256,27.9112,11.959,-12.3243,-7.9156,DIAGNOSTIC_ONLY
W3,Late half,Rank1,11,1.3259,1.4225,-3.9763,7.2327,54.55,36.36,36.36,9.09,18.18,5.1873,2.9872,0.1258,-2.4968,-11.4167,-7.3537,DIAGNOSTIC_ONLY
W3,Late half,Rank2,11,-1.4385,-0.3405,-4.7225,1.6711,36.36,27.27,27.27,0.0,18.18,2.2194,3.969,1.7871,-1.0723,-7.6969,-6.6391,DIAGNOSTIC_ONLY
W3,Late half,Rank3,11,1.0787,-0.3221,-1.649,3.1661,45.45,27.27,27.27,0.0,27.27,5.2277,4.6162,2.4054,-0.203,-8.9065,-4.4286,DIAGNOSTIC_ONLY
W4,All common-support weeks,Rank1,23,3.3178,2.8094,-2.5495,9.5386,60.87,39.13,43.48,8.7,39.13,6.6971,4.3958,13.1611,10.456,-12.0079,-7.3537,PRIMARY
W4,All common-support weeks,Rank2,23,2.0222,0.917,-7.3841,3.1349,56.52,43.48,43.48,4.35,26.09,5.5846,3.5956,8.3316,1.7657,-13.3763,-7.5487,PRIMARY
W4,All common-support weeks,Rank3,23,2.3465,3.8111,-2.3136,7.6651,69.57,34.78,39.13,4.35,52.17,7.903,8.0396,16.9791,5.8776,-11.1586,-4.6984,PRIMARY
W4,Train-era weeks 1-30,Rank1,15,3.6094,2.6557,-3.5002,8.6973,60.0,46.67,53.33,6.67,46.67,6.5012,4.1503,18.3553,10.5853,-12.8319,-8.9744,PRIMARY
W4,Train-era weeks 1-30,Rank2,15,4.1516,0.917,-5.1813,3.1091,60.0,46.67,46.67,6.67,26.67,7.6749,4.4978,11.5819,1.7657,-15.9675,-7.5589,PRIMARY
W4,Train-era weeks 1-30,Rank3,15,4.029,4.2077,-1.0432,10.3754,73.33,33.33,40.0,6.67,73.33,9.1662,8.6383,27.0082,11.959,-11.196,-4.4283,PRIMARY
W4,Contaminated validation weeks 31-40,Rank1,8,2.7711,3.4986,-1.7833,13.5261,62.5,25.0,25.0,12.5,25.0,7.0642,7.3679,3.4221,0.7664,-10.4629,-6.3973,PRIMARY
W4,Contaminated validation weeks 31-40,Rank2,8,-1.9704,0.5779,-8.6623,3.3749,50.0,37.5,37.5,0.0,25.0,1.6655,1.792,2.2372,2.3014,-8.5178,-6.4125,PRIMARY
W4,Contaminated validation weeks 31-40,Rank3,8,-0.808,2.9802,-2.4125,4.3946,62.5,37.5,37.5,0.0,12.5,5.5345,6.5227,-1.8254,-0.645,-11.0886,-4.7082,PRIMARY
W4,Early half,Rank1,13,5.7651,3.6338,-1.3284,9.1932,69.23,38.46,46.15,7.69,53.85,8.1398,4.1503,22.9866,12.1438,-11.9263,-6.7509,PRIMARY
W4,Early half,Rank2,13,4.1354,0.3483,-7.9693,1.5779,53.85,53.85,53.85,7.69,30.77,8.0155,2.088,13.006,1.7657,-17.7006,-9.2331,PRIMARY
W4,Early half,Rank3,13,3.6048,4.2077,-3.5401,10.9901,69.23,38.46,46.15,7.69,69.23,9.1593,8.6383,27.9112,11.959,-12.3243,-7.9156,PRIMARY
W4,Late half,Rank1,10,0.1364,0.5209,-3.2561,11.0462,50.0,40.0,40.0,10.0,20.0,4.8214,5.0672,0.388,-1.1276,-12.114,-7.5425,PRIMARY
W4,Late half,Rank2,10,-0.725,2.497,-5.3673,4.4898,60.0,30.0,30.0,0.0,20.0,2.4246,4.0585,2.2548,2.3014,-7.7548,-6.3594,PRIMARY
W4,Late half,Rank3,10,0.7108,3.7888,-0.2668,4.5755,70.0,30.0,30.0,0.0,30.0,6.2697,6.5227,2.7675,1.5465,-9.6432,-4.5635,PRIMARY
