snapshot_date,code,pick_order,entry_status,lane,industry,reason_codes,risk_codes,sort_key,raw_rank,ibd_candidate_rule,ibd_candidate_price,latest_close,current_vs_ibd_candidate_pct,ibd_entry_volume_ratio,ibd_entry_close_position,ibd_entry_breakout_range_ratio,dist_to_52w_high_pct,volume_ratio,eps_yoy_growth,effective_eps_yoy_growth,price_data_status
2025-10-24,IBM,1,ACTIONABLE,fresh_demand_alpha,Unknown,near_buy_point;volume_confirms_breakout;eps_acceleration_support;weekly_volume_follow_through;near_52w_high,,"(0, 0, 0, -5, 0, 1, 0, 0, -3.4439759503332747, 'IBM', 21)",1,ceiling,293.13,307.46,4.89,3.4439759503332747,0.884723195515066,0.5021023125437972,-1.058728881737736,2.510703264532189,611.1111111111,611.1111111111,PENDING
2025-10-24,AAPL,2,ACTIONABLE,standard_breakout,Telecommunications Equipment,geometry_caution_not_failure;near_buy_point;volume_confirms_breakout;near_52w_high,,"(0, 2, 0, -3, 0, 0, 1, 1, -1.7323389230937476, 'AAPL', 15)",12,ceiling,259.18,262.82,1.4,1.7323389230937476,0.755428571428573,0.349714285714286,-0.93105657959216,1.1632026102461466,11.1111111111,11.1111111111,PENDING
2025-10-31,VTR,1,ACTIONABLE,constructive_pullback,Real Estate Investment Trusts,near_buy_point;volume_confirms_breakout;eps_acceleration_support;weekly_volume_follow_through;near_52w_high;pullback_structure,pullback_not_dry,"(0, 1, 0, -4, 1, 1, 0, 0, -2.157459398838709, 'VTR', 27)",1,ma10_touch_confirm,70.84,73.79,4.16,2.157459398838709,0.9466463414634154,0.5365853658536589,-1.231428188997441,1.7382656987851068,180.0,180.0,PENDING
2025-10-31,SOFI,2,ACTIONABLE,constructive_pullback,Unknown,near_buy_point;volume_confirms_breakout;eps_acceleration_support;weekly_volume_follow_through;pullback_structure,pullback_not_dry,"(0, 1, 0, -3, 1, 0, 0, 0, -2.638767822182297, 'SOFI', 9)",2,pivot,29.63,29.68,0.17,2.638767822182297,0.8993710691823898,0.6383647798742142,-8.845208845208852,1.5713871268676354,116.6666666667,116.6666666667,PENDING
2025-11-07,COLL,1,ACTIONABLE,fresh_demand_alpha,Unknown,geometry_caution_not_failure;near_buy_point;volume_confirms_breakout;eps_acceleration_support;weekly_volume_follow_through;near_52w_high,,"(0, 0, 0, -5, 0, 0, 0, 0, -2.1072591018944413, 'COLL', 4)",1,ceiling,42.23,42.3,0.17,2.1072591018944413,0.6923076923076901,0.02834008097166,-1.7649790989317404,1.88133182204756,211.1111111111,211.1111111111,PENDING
2025-11-14,ALL,1,ACTIONABLE,fresh_demand_alpha,Multi-Line Insurance,near_buy_point;volume_confirms_breakout;eps_acceleration_support;weekly_volume_follow_through;near_52w_high,,"(0, 0, 0, -5, 0, 0, 0, 0, -1.8068879028430345, 'ALL', 13)",1,ceiling,210.85,214.3,1.64,1.8068879028430345,0.7946666666666715,0.9200000000000046,-0.64904960593416,1.3277408563188609,222.1709006928,222.1709006928,PENDING
2025-11-14,LH,2,ACTIONABLE,fresh_demand_alpha,Medical/Nursing Services,near_buy_point;volume_confirms_breakout;eps_acceleration_support;weekly_volume_follow_through,,"(0, 0, 0, -4, 0, 1, 0, 0, -2.182088193729191, 'LH', 3)",2,ceiling,260.99,266.89,2.26,2.182088193729191,0.9263854425144756,0.0115798180314298,-9.134549911480338,2.121417600518684,56.0,56.0,PENDING
2025-11-14,LYFT,3,ACTIONABLE,constructive_pullback,Unknown,near_buy_point;volume_confirms_breakout;eps_acceleration_support;weekly_volume_follow_through;pullback_structure,,"(0, 1, 0, -4, 0, 1, 0, 0, -2.1354427537112186, 'LYFT', 0)",3,ma10_touch_confirm,22.19,23.14,4.28,2.1354427537112186,0.9112426035502946,0.90532544378698,-9.397024275646038,1.4075003914351387,466.6666666667,466.6666666667,PENDING
2025-11-21,WMT,1,ACTIONABLE,fresh_demand_alpha,Unknown,near_buy_point;volume_confirms_breakout;eps_acceleration_support;weekly_volume_follow_through;near_52w_high,,"(0, 0, 0, -5, 0, 0, 0, 0, -3.238023896478674, 'WMT', 3)",1,ceiling,104.51,105.32,0.78,3.238023896478674,0.8470363288718932,0.4971319311663478,-3.887570724584788,2.129459793119035,57.1428571429,57.1428571429,PENDING
2025-11-28,MNST,1,ACTIONABLE,constructive_pullback,Beverages: Non-Alcoholic,geometry_caution_not_failure;near_buy_point;volume_confirms_breakout;eps_acceleration_support;near_52w_high;pullback_structure,pullback_not_dry,"(0, 1, 0, -3, 1, 1, 0, 1, -1.8327218348925831, 'MNST', 24)",1,ma10_touch_confirm,72.62,74.99,3.26,1.8327218348925831,0.763975155279497,0.3850931677018575,-0.3719941543775751,0.8831286156597405,30.4347826087,30.4347826087,PENDING
2025-11-28,ROST,2,ACTIONABLE,standard_breakout,Apparel/Footwear Retail,geometry_caution_not_failure;near_buy_point;volume_confirms_breakout;near_52w_high;pullback_structure,pullback_not_dry,"(0, 2, 0, -2, 1, 0, 1, 1, -1.7914428565667524, 'ROST', 29)",16,ceiling_pullback,174.86,176.36,0.86,1.7914428565667524,0.7832898172323735,0.4281984334203605,-1.0269936584544448,1.1661167543326116,-1.8867924528,-1.8867924528,PENDING
2025-11-28,WFC,3,ACTIONABLE,standard_breakout,Major Banks,near_buy_point;volume_confirms_breakout;near_52w_high;pullback_structure,pullback_not_dry,"(0, 2, 0, -2, 1, 1, 1, 1, -1.8425351284104892, 'WFC', 27)",17,pivot,83.89,85.85,2.34,1.8425351284104892,0.839552238805968,0.2873134328358186,-3.1475631768953183,0.8642318565516041,16.9014084507,16.9014084507,PENDING
2025-12-05,DASH,1,ACTIONABLE,fresh_demand_alpha,Air Freight/Couriers,near_buy_point;volume_confirms_breakout;eps_acceleration_support;weekly_volume_follow_through,,"(0, 0, 0, -4, 0, 1, 0, 0, -2.1449777553709577, 'DASH', 18)",1,ceiling,214.64,225.0,4.83,2.1449777553709577,0.896825396825397,0.1428571428571431,-21.190893169877413,1.4500688461208224,44.7368421053,44.7368421053,PENDING
2025-12-19,SCHW,1,ACTIONABLE,fresh_demand_alpha,Investment Banks/Brokers,near_buy_point;volume_confirms_breakout;eps_acceleration_support;weekly_volume_follow_through;near_52w_high,,"(0, 0, 0, -5, 0, 0, 0, 0, -2.6493764581893835, 'SCHW', 18)",1,ceiling,97.27,98.82,1.59,2.6493764581893835,0.6926406926406895,0.6709956709956691,-0.7133527579624266,1.633422314965375,77.4647887324,77.4647887324,PENDING
2025-12-19,PLTR,2,ACTIONABLE,fresh_demand_alpha,Packaged Software,near_buy_point;volume_confirms_breakout;eps_acceleration_support,,"(0, 0, 0, -3, 0, 1, 0, 1, -1.5636089595005036, 'PLTR', 13)",2,ceiling,187.99,193.38,2.87,1.5636089595005036,0.8041112454655378,0.6517533252720653,-6.81380107941404,1.2713246293491829,200.0,200.0,PENDING
2025-12-19,MU,3,ACTIONABLE,constructive_pullback,Semiconductors,near_buy_point;volume_confirms_breakout;eps_acceleration_support;weekly_volume_follow_through;near_52w_high;pullback_structure;dry_pullback,,"(0, 1, 0, -6, 0, 1, 0, 0, -2.454530422232894, 'MU', 1)",3,pivot,257.07,265.92,3.44,2.454530422232894,0.8520745640408911,0.5321707757065559,-0.9166107757657028,2.0820798811261754,175.4491017964,175.4491017964,PENDING
2025-12-26,HEI,1,ACTIONABLE,fresh_demand_alpha,Aerospace & Defense,near_buy_point;volume_confirms_breakout;eps_acceleration_support;near_52w_high,,"(0, 0, 0, -4, 0, 1, 0, 1, -1.684948516215088, 'HEI', 12)",1,ceiling,326.68,334.84,2.5,1.684948516215088,0.7999999999999975,0.8826815642458087,-1.5494986915997933,1.1737991018213216,29.8969072165,29.8969072165,PENDING
2025-12-26,HUT,2,ACTIONABLE,constructive_pullback,Data Processing Services,geometry_caution_not_failure;near_buy_point;volume_confirms_breakout;eps_acceleration_support;pullback_structure,pullback_not_dry,"(0, 1, 0, -2, 1, 0, 0, 1, -1.659672058655187, 'HUT', 0)",2,ceiling_pullback,48.73,49.64,1.87,1.659672058655187,0.7009345794392522,0.2216288384512688,-13.353115727002962,0.9352945785294614,4200.0,4200.0,PENDING
2026-01-02,FTAI,1,ACTIONABLE,constructive_pullback,Unknown,near_buy_point;volume_confirms_breakout;eps_acceleration_support;near_52w_high;pullback_structure,,"(0, 1, 0, -4, 0, 1, 0, 1, -1.7109331147482558, 'FTAI', 0)",1,ma10_touch_confirm,201.0,210.35,4.65,1.7109331147482558,0.9785544082605234,0.7426528991262901,-0.1281929541354198,0.42205415955111,44.7368421053,44.7368421053,PENDING
2026-01-09,GH,1,ACTIONABLE,constructive_pullback,Medical Specialties,near_buy_point;volume_confirms_breakout;weekly_volume_follow_through;near_52w_high;pullback_structure;dry_pullback,,"(0, 1, 0, -5, 0, 1, 1, 0, -1.7289082358775412, 'GH', 17)",3,ma10_touch_confirm,105.01,110.17,4.91,1.7289082358775412,0.9895437262357416,0.6958174904942962,-3.2832938284610647,1.442786225029654,15.9090909091,15.9090909091,PENDING
2026-01-16,BKR,1,ACTIONABLE,fresh_demand_alpha,Contract Drilling,near_buy_point;volume_confirms_breakout;weekly_volume_follow_through;near_52w_high,,"(0, 0, 0, -4, 0, 1, 1, 0, -1.6124771306162669, 'BKR', 16)",1,ceiling,50.69,51.75,2.09,1.6124771306162669,0.9292035398230104,0.5796460176991166,-1.1083508503726305,1.5299200433771476,-300.0,-300.0,PENDING
2026-01-16,FE,2,ACTIONABLE,constructive_pullback,Unknown,near_buy_point;volume_confirms_breakout;weekly_volume_follow_through;near_52w_high;pullback_structure;dry_pullback,,"(0, 1, 0, -5, 0, 1, 1, 0, -1.963137060301905, 'FE', 18)",3,three_weeks_tight,45.42,47.34,4.23,1.963137060301905,0.9574468085106396,2.042553191489353,-0.817096165933362,1.5776301855557666,4.1095890411,4.1095890411,PENDING
2026-01-23,MTB,1,ACTIONABLE,fresh_demand_alpha,Regional Banks,near_buy_point;volume_confirms_breakout;weekly_volume_follow_through;near_52w_high,,"(0, 0, 0, -4, 0, 0, 1, 0, -1.7659229528520548, 'MTB', 7)",1,ceiling,213.68,213.82,0.07,1.7659229528520548,0.8181818181818182,0.6919191919191917,-3.762714915834009,1.3608533982338358,19.9004975124,19.9004975124,PENDING
2026-01-23,MDT,2,ACTIONABLE,fresh_demand_alpha,Unknown,near_buy_point;volume_confirms_breakout;weekly_volume_follow_through,,"(0, 0, 0, -3, 0, 1, 1, 0, -1.592536214065112, 'MDT', 10)",2,ceiling,97.94,100.88,3.0,1.592536214065112,0.6768558951965097,1.0262008733624464,-5.125552525157529,1.3581501133390148,8.0808080808,8.0808080808,PENDING
2026-01-30,HON,1,ACTIONABLE,fresh_demand_alpha,Industrial Machinery,near_buy_point;volume_confirms_breakout;eps_acceleration_support;weekly_volume_follow_through;near_52w_high,,"(0, 0, 0, -5, 0, 0, 0, 0, -1.6633727485838388, 'HON', 9)",1,ceiling,224.9,227.52,1.16,1.6633727485838388,0.912429378531073,0.3305084745762711,-0.9016072128577024,1.5796441788754596,32.4074074074,32.4074074074,PENDING
2026-01-30,AAOI,2,ACTIONABLE,fresh_demand_alpha,Semiconductors,near_buy_point;volume_confirms_breakout;eps_acceleration_support;weekly_volume_follow_through,,"(0, 0, 0, -4, 0, 0, 0, 0, -2.443582210566355, 'AAOI', 1)",2,ceiling,43.05,43.61,1.3,2.443582210566355,0.876300578034682,0.2520231213872832,-9.728834609811642,2.057257023916887,33.3333333333,33.3333333333,PENDING
2026-01-30,ZM,3,ACTIONABLE,fresh_demand_alpha,Packaged Software,near_buy_point;volume_confirms_breakout;eps_acceleration_support;weekly_volume_follow_through,,"(0, 0, 0, -4, 0, 1, 0, 0, -3.5896878625881583, 'ZM', 7)",3,ceiling,88.9,92.1,3.6,3.5896878625881583,0.9607635206786844,0.6956521739130428,-5.6159048985447875,2.043178123461148,204.5454545455,204.5454545455,PENDING
2026-02-13,WULF,1,ACTIONABLE,fresh_demand_alpha,Unknown,near_buy_point;volume_confirms_breakout;weekly_volume_follow_through,,"(0, 0, 0, -3, 0, 0, 1, 0, -2.2589028629542973, 'WULF', 13)",1,ceiling,16.13,16.26,0.81,2.2589028629542973,0.9052631578947368,0.2736842105263157,-8.135593220338965,1.964408515561157,-1783.3333333333,-1783.3333333333,PENDING
2026-02-20,FANG,1,ACTIONABLE,constructive_pullback,Oil & Gas Production,near_buy_point;volume_confirms_breakout;weekly_volume_follow_through;near_52w_high;pullback_structure,,"(0, 1, 0, -4, 0, 1, 1, 0, -1.7843439599194195, 'FANG', 12)",1,ma10_touch_confirm,169.49,176.01,3.85,1.7843439599194195,0.8729411764705834,1.5341176470588191,-0.5705569992091375,1.3897904538936954,10.0313479624,10.0313479624,PENDING
2026-02-20,HEI,2,ACTIONABLE,constructive_pullback,Aerospace & Defense,near_buy_point;volume_confirms_breakout;eps_acceleration_support;weekly_volume_follow_through;near_52w_high;pullback_structure,pullback_not_dry,"(0, 1, 0, -4, 1, 1, 0, 0, -1.5364325054337504, 'HEI', 17)",2,ceiling_pullback,342.22,351.66,2.76,1.5364325054337504,0.8277404921700264,1.0559284116331096,-2.7730929801763837,1.4114637685578155,29.8969072165,29.8969072165,PENDING
2026-02-20,UAL,3,ACTIONABLE,standard_breakout,Airlines,near_buy_point;volume_confirms_breakout,,"(0, 2, 0, -2, 0, 1, 1, 1, -1.6043372643898532, 'UAL', 3)",8,ceiling,110.25,113.03,2.52,1.6043372643898532,0.8577114427860704,0.6646766169154238,-5.18412884825098,1.0695046838599265,0.0,0.0,PENDING
2026-02-27,GMED,1,ACTIONABLE,fresh_demand_alpha,Unknown,near_buy_point;volume_confirms_breakout;eps_acceleration_support;weekly_volume_follow_through,,"(0, 0, 0, -4, 0, 0, 0, 0, -1.5007093681613497, 'GMED', 3)",1,ceiling,93.67,95.46,1.91,1.5007093681613497,0.97985347985348,0.467032967032967,-5.857988165680483,1.4753693588470889,131.5789473684,131.5789473684,PENDING
2026-02-27,EQIX,2,ACTIONABLE,fresh_demand_alpha,Real Estate Investment Trusts,near_buy_point;volume_confirms_breakout;weekly_volume_follow_through;near_52w_high,,"(0, 0, 0, -4, 0, 0, 1, 0, -1.845843294180062, 'EQIX', 12)",2,ceiling,959.33,974.26,1.56,1.845843294180062,0.9763955342902708,0.4762360446570953,-1.342757615035639,1.5754101675193843,22.9032258065,22.9032258065,PENDING
2026-02-27,EXPE,3,ACTIONABLE,fresh_demand_alpha,Other Consumer Services,near_buy_point;volume_confirms_breakout;eps_acceleration_support;weekly_volume_follow_through,,"(0, 0, 0, -4, 0, 1, 0, 0, -1.6360471378951136, 'EXPE', 5)",3,ceiling,206.07,215.69,4.67,1.6360471378951136,0.968053491827637,0.881129271916791,-29.00263331138907,1.8567199042784743,45.4365079365,45.4365079365,PENDING
2026-03-06,FIGS,1,ACTIONABLE,constructive_pullback,Unknown,near_buy_point;volume_confirms_breakout;eps_acceleration_support;weekly_volume_follow_through;pullback_structure;dry_pullback,,"(0, 1, 0, -5, 0, 1, 0, 0, -2.927203899071957, 'FIGS', 0)",1,ma10_touch_confirm,15.9,16.42,3.27,2.927203899071957,0.8697674418604662,0.5674418604651169,-6.06407322654462,1.6171669806306666,600.0,600.0,PENDING
2026-03-06,RTX,2,ACTIONABLE,constructive_pullback,Aerospace & Defense,near_buy_point;volume_confirms_breakout;eps_acceleration_support;weekly_volume_follow_through;near_52w_high;pullback_structure,pullback_not_dry,"(0, 1, 0, -4, 1, 1, 0, 0, -2.109645537374721, 'RTX', 8)",2,ma10_touch_confirm,204.9,209.76,2.37,2.109645537374721,0.8630705394190876,1.5062240663900417,-2.209790209790219,1.677951814330621,29.3577981651,29.3577981651,PENDING
2026-03-13,DOCN,1,ACTIONABLE,constructive_pullback,Packaged Software,near_buy_point;volume_confirms_breakout;eps_acceleration_support;near_52w_high;pullback_structure,pullback_not_dry,"(0, 1, 0, -3, 1, 1, 0, 1, -1.8260653671246825, 'DOCN', 1)",2,ceiling_pullback,66.26,68.63,3.58,1.8260653671246825,0.8991935483870968,0.3266129032258055,-2.5557290927161858,1.2729485387162005,357.5757575758,357.5757575758,PENDING
2026-03-20,LMND,1,ACTIONABLE,fresh_demand_alpha,Unknown,near_buy_point;volume_confirms_breakout;eps_acceleration_support,,"(0, 0, 0, -3, 0, 1, 0, 1, -2.176558941231044, 'LMND', 7)",1,ceiling,61.82,64.18,3.82,2.176558941231044,0.8396551724137943,0.8706896551724149,-35.75575575575575,1.2742858237399788,46.3157894737,46.3157894737,PENDING
2026-03-27,DELL,1,ACTIONABLE,fresh_demand_alpha,Computer Processing Hardware,near_buy_point;volume_confirms_breakout;eps_acceleration_support;weekly_volume_follow_through,,"(0, 0, 0, -4, 0, 1, 0, 0, -1.8407157779114107, 'DELL', 0)",1,ceiling,167.21,171.81,2.75,1.8407157779114107,0.906291834002677,0.6492637215528775,-7.8223080637373155,1.4377013210574587,39.0243902439,39.0243902439,PENDING
2026-03-27,CASY,2,ACTIONABLE,constructive_pullback,Specialty Stores,near_buy_point;volume_confirms_breakout;eps_acceleration_support;near_52w_high;pullback_structure,pullback_not_dry,"(0, 1, 0, -3, 1, 1, 0, 1, -1.7666946874451517, 'CASY', 8)",2,pivot,690.0,714.24,3.51,1.7666946874451517,0.7716708542713576,0.7609924623115576,-1.0062370062370096,1.2508548286900731,49.7854077253,49.7854077253,PENDING
2026-04-02,MRVL,1,ACTIONABLE,fresh_demand_alpha,Semiconductors,near_buy_point;volume_confirms_breakout;eps_acceleration_support;weekly_volume_follow_through;near_52w_high,,"(0, 0, 0, -5, 0, 1, 0, 0, -2.406028542057799, 'MRVL', 10)",1,ceiling,102.7,107.11,4.29,2.406028542057799,0.8462585034013594,0.5455782312925151,-0.6769287833827908,1.7371101232727042,382.0512820513,382.0512820513,PENDING
2026-04-02,INVA,2,ACTIONABLE,fresh_demand_alpha,Unknown,geometry_caution_not_failure;near_buy_point;volume_confirms_breakout;eps_acceleration_support,,"(0, 0, 0, -3, 0, 0, 0, 1, -2.63418106516534, 'INVA', 21)",2,ceiling,22.76,22.99,1.01,2.63418106516534,0.7090909090909092,0.2727272727272697,-8.588469184890657,1.132556464137076,5300.0,5300.0,PENDING
2026-04-02,PFIS,3,ACTIONABLE,constructive_pullback,Regional Banks,near_buy_point;volume_confirms_breakout;eps_acceleration_support;weekly_volume_follow_through;near_52w_high;pullback_structure,,"(0, 1, 0, -5, 0, 0, 0, 0, -2.377803335250144, 'PFIS', 37)",3,ma10_touch_confirm,53.87,54.62,1.39,2.377803335250144,0.9759036144578318,0.4518072289156636,-4.2929735412651215,1.6112822175393096,451.1627906977,451.1627906977,PENDING
2026-04-10,FRAF,1,ACTIONABLE,fresh_demand_alpha,Regional Banks,near_buy_point;volume_confirms_breakout;eps_acceleration_support;weekly_volume_follow_through;near_52w_high,,"(0, 0, 0, -5, 0, 1, 0, 0, -4.251876779704893, 'FRAF', 49)",1,ceiling,55.3,56.6,2.35,4.251876779704893,0.9552238805970183,0.9701492537313492,-4.921888123635143,2.7358491151411664,25.2631578947,25.2631578947,PENDING
2026-04-10,SPIR,2,ACTIONABLE,fresh_demand_alpha,Unknown,near_buy_point;volume_confirms_breakout;weekly_volume_follow_through;near_52w_high,,"(0, 0, 0, -4, 0, 0, 1, 0, -6.768676828498409, 'SPIR', 10)",2,ceiling,21.3,21.56,1.22,6.768676828498409,1.0,0.0909090909090902,0.0,5.109620558509152,-22.0,-22.0,PENDING
2026-04-10,HLIO,3,ACTIONABLE,fresh_demand_alpha,Industrial Machinery,near_buy_point;volume_confirms_breakout;weekly_volume_follow_through,,"(0, 0, 0, -3, 0, 0, 1, 0, -1.592695559647192, 'HLIO', 14)",3,ceiling,70.68,71.13,0.64,1.592695559647192,0.8176638176638178,0.4871794871794846,-6.983130639466461,1.5830218061314325,-8.8235294118,-8.8235294118,PENDING
2026-04-17,AMLX,1,ACTIONABLE,fresh_demand_alpha,Pharmaceuticals: Major,near_buy_point;volume_confirms_breakout;eps_acceleration_support;weekly_volume_follow_through;near_52w_high,,"(0, 0, 0, -5, 0, 1, 0, 0, -2.360510333377026, 'AMLX', 41)",1,ceiling,17.49,18.36,4.97,2.360510333377026,0.8317757009345798,0.2242990654205625,-1.2903225806451757,1.5855789043708044,65.4205607477,65.4205607477,PENDING
2026-04-17,ALB,2,ACTIONABLE,fresh_demand_alpha,Unknown,near_buy_point;volume_confirms_breakout;eps_acceleration_support;weekly_volume_follow_through,,"(0, 0, 0, -4, 0, 1, 0, 0, -2.567567321473123, 'ALB', 71)",2,ceiling,191.5,197.75,3.26,2.567567321473123,0.996584440227704,0.9153700189753324,-8.325993231653616,1.780966540596577,81.7989417989,81.7989417989,PENDING
2026-04-17,CVEO,3,ACTIONABLE,constructive_pullback,Hotels/Resorts/Cruise lines,near_buy_point;volume_confirms_breakout;eps_acceleration_support;weekly_volume_follow_through;near_52w_high;pullback_structure,,"(0, 1, 0, -5, 0, 0, 0, 0, -2.0475160848011815, 'CVEO', 36)",3,pivot,29.68,30.18,1.68,2.0475160848011815,0.846938775510205,0.5102040816326547,-0.4945598417408492,1.5602365191366427,88.8888888889,88.8888888889,PENDING
2026-04-24,WSFS,1,ACTIONABLE,fresh_demand_alpha,Savings Banks,near_buy_point;volume_confirms_breakout;eps_acceleration_support;near_52w_high,,"(0, 0, 0, -4, 0, 0, 0, 1, -1.771831584566037, 'WSFS', 74)",1,ceiling,70.94,71.39,0.63,1.771831584566037,0.8888888888888883,0.17857142857143,-1.0533610533610571,1.1912837006896475,26.8518518519,26.8518518519,PENDING
2026-04-24,MCRI,2,ACTIONABLE,fresh_demand_alpha,Hotels/Resorts/Cruise lines,near_buy_point;volume_confirms_breakout;weekly_volume_follow_through;near_52w_high,,"(0, 0, 0, -4, 0, 0, 1, 0, -4.464522986978475, 'MCRI', 47)",2,ceiling,112.85,114.98,1.89,4.464522986978475,0.9973380656610468,0.1233362910381544,-2.5593220338983036,2.45215163225928,14.9659863946,14.9659863946,PENDING
2026-04-24,SANM,3,ACTIONABLE,fresh_demand_alpha,Electronic Production Equipment,near_buy_point;volume_confirms_breakout;weekly_volume_follow_through;near_52w_high,,"(0, 0, 0, -4, 0, 1, 1, 0, -1.8373951658499812, 'SANM', 36)",3,ceiling,185.29,192.16,3.71,1.8373951658499812,0.9023521026372056,0.4896650035637921,-0.7079005838888097,1.4695741775259672,-23.275862069,-23.275862069,PENDING
2026-05-01,RBB,1,ACTIONABLE,fresh_demand_alpha,Regional Banks,geometry_caution_not_failure;near_buy_point;volume_confirms_breakout;eps_acceleration_support;weekly_volume_follow_through;near_52w_high,,"(0, 0, 0, -5, 0, 0, 0, 0, -2.7977968377497056, 'RBB', 35)",1,ceiling,24.06,24.24,0.75,2.7977968377497056,0.7368421052631594,0.0789473684210554,-1.3029315960912058,1.826743663224219,51.2820512821,51.2820512821,PENDING
2026-05-01,IRM,2,ACTIONABLE,fresh_demand_alpha,Real Estate Investment Trusts,near_buy_point;volume_confirms_breakout;eps_acceleration_support;weekly_volume_follow_through;near_52w_high,,"(0, 0, 0, -5, 0, 1, 0, 0, -3.3043550104652444, 'IRM', 29)",2,ceiling,123.89,127.19,2.66,3.3043550104652444,0.9559118236472934,0.210420841683366,-0.5862122870095354,1.558605159817288,860.0,860.0,PENDING
2026-05-01,BEN,3,ACTIONABLE,fresh_demand_alpha,Investment Managers,near_buy_point;volume_confirms_breakout;eps_acceleration_support;weekly_volume_follow_through;near_52w_high,,"(0, 0, 0, -5, 0, 1, 0, 0, -2.2374398317650503, 'BEN', 16)",3,ceiling,28.88,29.84,3.32,2.2374398317650503,0.9946524064171134,0.310160427807488,-1.6803953871499244,1.5891886634704206,88.4615384615,88.4615384615,PENDING
2026-05-08,FTNT,1,ACTIONABLE,fresh_demand_alpha,Information Technology Services,near_buy_point;volume_confirms_breakout;eps_acceleration_support;weekly_volume_follow_through;near_52w_high,,"(0, 0, 0, -5, 0, 0, 0, 0, -1.6252932081479756, 'FTNT', 63)",1,ceiling,112.37,114.07,1.51,1.6252932081479756,0.9261576971214012,0.2127659574468072,-0.5145648002790937,1.5112176203279293,28.5714285714,28.5714285714,PENDING
2026-05-08,KRYS,2,ACTIONABLE,fresh_demand_alpha,Biotechnology,near_buy_point;volume_confirms_breakout;eps_acceleration_support;weekly_volume_follow_through;near_52w_high,,"(0, 0, 0, -5, 0, 1, 0, 0, -2.2218782021511085, 'KRYS', 103)",2,ceiling,295.98,305.71,3.29,2.2218782021511085,0.9560315670800434,0.0405862457722643,-0.1274093433518586,1.7335209859009408,52.5,52.5,PENDING
2026-05-08,CTS,3,ACTIONABLE,fresh_demand_alpha,Electronic Production Equipment,near_buy_point;volume_confirms_breakout;eps_acceleration_support;weekly_volume_follow_through;near_52w_high,,"(0, 0, 0, -5, 0, 1, 0, 0, -1.8237927230624769, 'CTS', 41)",3,ceiling,59.61,61.75,3.59,1.8237927230624769,0.9738219895287972,0.2041884816753933,-0.435343437600777,1.4576885410108735,34.0909090909,34.0909090909,PENDING
2026-05-15,HLIO,1,ACTIONABLE,fresh_demand_alpha,Industrial Machinery,geometry_caution_not_failure;near_buy_point;volume_confirms_breakout;eps_acceleration_support;weekly_volume_follow_through;near_52w_high,,"(0, 0, 0, -5, 0, 0, 0, 0, -2.9419838945827235, 'HLIO', 52)",1,ceiling,75.95,77.03,1.42,2.9419838945827235,0.6733870967741925,0.2177419354838697,-3.712499999999997,1.547730540133989,168.1818181818,168.1818181818,PENDING
2026-05-15,CVS,2,ACTIONABLE,fresh_demand_alpha,Drugstore Chains,near_buy_point;volume_confirms_breakout;eps_acceleration_support;weekly_volume_follow_through;near_52w_high,,"(0, 0, 0, -5, 0, 0, 0, 0, -1.622106648070288, 'CVS', 16)",2,ceiling,94.55,95.89,1.42,1.622106648070288,0.9455958549222814,0.1554404145077742,-2.5805140709133423,1.4053637483907049,63.1205673759,63.1205673759,PENDING
2026-05-15,AIZ,3,ACTIONABLE,fresh_demand_alpha,Property/Casualty Insurance,near_buy_point;volume_confirms_breakout;eps_acceleration_support;near_52w_high,,"(0, 0, 0, -4, 0, 1, 0, 1, -1.6516204725145227, 'AIZ', 58)",3,ceiling,245.31,254.61,3.79,1.6516204725145227,0.6503067484662571,1.5153374233128782,-0.9954504802270892,1.2434106123342392,91.1660777385,91.1660777385,PENDING
2026-05-22,CMPR,1,ACTIONABLE,fresh_demand_alpha,Commercial Printing/Forms,near_buy_point;volume_confirms_breakout;eps_acceleration_support;weekly_volume_follow_through;near_52w_high,,"(0, 0, 0, -5, 0, 0, 0, 0, -3.1105353555937234, 'CMPR', 18)",1,ceiling,102.22,102.39,0.17,3.1105353555937234,0.9773798303487268,0.0622054665409987,-2.4020589076351073,1.859649323537886,266.6666666667,266.6666666667,PENDING
2026-05-22,PDLB,2,ACTIONABLE,fresh_demand_alpha,Savings Banks,near_buy_point;volume_confirms_breakout;eps_acceleration_support;weekly_volume_follow_through;near_52w_high,,"(0, 0, 0, -5, 0, 1, 0, 0, -3.3883323512080143, 'PDLB', 69)",2,ceiling,18.01,18.57,3.11,3.3883323512080143,0.9772727272727276,0.590909090909091,-1.0655301012253535,1.6603348261938484,44.0,44.0,PENDING
2026-05-22,ELMD,3,ACTIONABLE,constructive_pullback,Medical Specialties,near_buy_point;volume_confirms_breakout;eps_acceleration_support;weekly_volume_follow_through;near_52w_high;pullback_structure,,"(0, 1, 0, -5, 0, 1, 0, 0, -2.6154458598726116, 'ELMD', 31)",4,ma10_touch_confirm,37.45,38.22,2.06,2.6154458598726116,0.843853820598007,0.2624584717607972,-3.60655737704918,1.532339168361295,66.6666666667,66.6666666667,PENDING
2026-05-29,BWA,1,ACTIONABLE,fresh_demand_alpha,Trucks/Construction/Farm Machinery,geometry_caution_not_failure;near_buy_point;volume_confirms_breakout;eps_acceleration_support;weekly_volume_follow_through;near_52w_high,,"(0, 0, 0, -5, 0, 1, 0, 0, -2.5996567820196277, 'BWA', 61)",1,ceiling,69.87,71.82,2.79,2.5996567820196277,0.7142857142857151,0.3706563706563698,-2.7883053600433194,1.6832475907798377,61.1111111111,61.1111111111,PENDING
2026-05-29,NBIX,2,ACTIONABLE,fresh_demand_alpha,Biotechnology,geometry_caution_not_failure;near_buy_point;volume_confirms_breakout;eps_acceleration_support;near_52w_high,,"(0, 0, 0, -4, 0, 0, 0, 1, -1.6165769039137463, 'NBIX', 49)",2,ceiling,157.98,158.3,0.2,1.6165769039137463,0.7863013698630137,0.0876712328767181,-2.51862799433461,1.0389951732838676,2287.5,2287.5,PENDING
2026-05-29,ILMN,3,ACTIONABLE,fresh_demand_alpha,Medical Specialties,near_buy_point;volume_confirms_breakout;weekly_volume_follow_through;near_52w_high,,"(0, 0, 0, -4, 0, 1, 1, 0, -1.5145320941727023, 'ILMN', 17)",3,ceiling,156.66,162.96,4.02,1.5145320941727023,0.9896432681242804,0.234752589182968,-1.4573380903428634,1.381528476210127,6.0975609756,6.0975609756,PENDING
2026-06-05,TWIN,1,ACTIONABLE,fresh_demand_alpha,Trucks/Construction/Farm Machinery,near_buy_point;volume_confirms_breakout;eps_acceleration_support;weekly_volume_follow_through;near_52w_high,,"(0, 0, 0, -5, 0, 1, 0, 0, -2.1296871461386653, 'TWIN', 32)",1,ceiling,19.24,19.91,3.48,2.1296871461386653,0.950000000000001,0.4187500000000016,-0.4002001000500188,1.6860442869146433,309.0909090909,309.0909090909,PENDING
2026-06-05,AMG,2,ACTIONABLE,fresh_demand_alpha,Investment Managers,near_buy_point;volume_confirms_breakout;eps_acceleration_support;near_52w_high,,"(0, 0, 0, -4, 0, 0, 0, 1, -1.6517765018632935, 'AMG', 52)",2,ceiling,330.36,336.81,1.95,1.6517765018632935,0.91963545981773,0.1847555923777954,-0.3727038778951086,1.255977426391603,74.5454545455,74.5454545455,PENDING
2026-06-05,TBBB,3,ACTIONABLE,fresh_demand_alpha,Food Retail,near_buy_point;volume_confirms_breakout;weekly_volume_follow_through;near_52w_high,,"(0, 0, 0, -4, 0, 0, 1, 0, -3.710017717069322, 'TBBB', 50)",3,ceiling,39.39,39.42,0.08,3.710017717069322,0.8607594936708867,0.0537974683544309,-1.6712397106510402,1.829703240043232,-526.3157894737,-526.3157894737,PENDING
2026-06-12,CWBC,1,ACTIONABLE,fresh_demand_alpha,Regional Banks,near_buy_point;volume_confirms_breakout;eps_acceleration_support;weekly_volume_follow_through;near_52w_high,,"(0, 0, 0, -5, 0, 0, 0, 0, -1.6403327529502805, 'CWBC', 209)",1,ceiling,25.47,25.75,1.1,1.6403327529502805,0.7619047619047595,1.3333333333333333,-0.1937984496124034,1.9684905070874923,36.3636363636,36.3636363636,PENDING
2026-06-12,AD,2,ACTIONABLE,fresh_demand_alpha,Wireless Telecommunications,near_buy_point;volume_confirms_breakout;eps_acceleration_support;weekly_volume_follow_through,,"(0, 0, 0, -4, 0, 0, 0, 0, -1.8896559557765609, 'AD', 235)",2,ceiling,40.51,40.76,0.62,1.8896559557765609,0.932038834951456,0.8155339805825267,-11.468288444830588,2.0241544269002913,880.9523809524,880.9523809524,PENDING
2026-06-12,WTS,3,ACTIONABLE,fresh_demand_alpha,Industrial Machinery,near_buy_point;volume_confirms_breakout;eps_acceleration_support;near_52w_high,,"(0, 0, 0, -4, 0, 0, 0, 1, -1.7310500473538917, 'WTS', 219)",3,ceiling,330.96,333.11,0.65,1.7310500473538917,0.9631114675220545,0.1724137931034514,-3.1431728308909057,1.234152461680496,34.3891402715,34.3891402715,PENDING
2026-06-18,TER,1,ACTIONABLE,constructive_pullback,Electronic Production Equipment,near_buy_point;volume_confirms_breakout;eps_acceleration_support;weekly_volume_follow_through;near_52w_high;pullback_structure,pullback_not_dry,"(0, 1, 0, -4, 1, 1, 0, 0, -4.71001892064711, 'TER', 3)",1,pivot,421.95,437.92,3.78,4.71001892064711,0.910582908885117,0.903791737408037,-0.6420873511060687,2.0370440787670057,314.7540983607,314.7540983607,PENDING
2026-06-18,ADI,2,ACTIONABLE,constructive_pullback,Semiconductors,near_buy_point;volume_confirms_breakout;eps_acceleration_support;weekly_volume_follow_through;near_52w_high;pullback_structure,pullback_not_dry,"(0, 1, 0, -4, 1, 1, 0, 0, -2.8503897221704557, 'ADI', 36)",2,ma10_touch_confirm,422.23,434.46,2.9,2.8503897221704557,0.6674776966747747,0.9918896999188952,-1.1917216283829912,1.5564116227799891,110.5263157895,110.5263157895,PENDING
2026-06-18,GEV,3,ACTIONABLE,constructive_pullback,Electrical Products,near_buy_point;volume_confirms_breakout;eps_acceleration_support;weekly_volume_follow_through;pullback_structure,pullback_not_dry,"(0, 1, 0, -3, 1, 0, 0, 0, -1.630543291755674, 'GEV', 82)",4,pivot,1090.14,1109.73,1.8,1.630543291755674,0.7317470664928292,0.6385267275097744,-6.062555550852833,1.3937125887537127,1816.4835164835,1816.4835164835,PENDING
2026-06-26,EGBN,1,ACTIONABLE,fresh_demand_alpha,Regional Banks,near_buy_point;volume_confirms_breakout;eps_acceleration_support;weekly_volume_follow_through;near_52w_high,,"(0, 0, 0, -5, 0, 0, 0, 0, -4.209364229559158, 'EGBN', 56)",1,ceiling,28.92,29.13,0.73,4.209364229559158,0.8095238095238093,0.2499999999999968,-0.5462615227039946,1.7089960939984552,700.0,700.0,PENDING
2026-06-26,ADPT,2,ACTIONABLE,fresh_demand_alpha,Biotechnology,near_buy_point;volume_confirms_breakout;eps_acceleration_support;weekly_volume_follow_through;near_52w_high,,"(0, 0, 0, -5, 0, 0, 0, 0, -2.682593619798308, 'ADPT', 61)",2,ceiling,20.76,20.96,0.96,2.682593619798308,0.9615384615384625,0.1923076923076918,-0.1904761904761853,1.6727348621666305,35.0,35.0,PENDING
2026-06-26,QCRH,3,ACTIONABLE,fresh_demand_alpha,Major Banks,near_buy_point;volume_confirms_breakout;eps_acceleration_support;weekly_volume_follow_through;near_52w_high,,"(0, 0, 0, -5, 0, 1, 0, 0, -4.7699616159312885, 'QCRH', 59)",6,ceiling,95.78,98.27,2.6,4.7699616159312885,0.8078431372548992,0.9764705882352878,-0.4961522883758729,1.861743378038895,30.9210526316,30.9210526316,PENDING
2026-07-02,BMRC,1,ACTIONABLE,fresh_demand_alpha,Regional Banks,near_buy_point;volume_confirms_breakout;eps_acceleration_support;weekly_volume_follow_through,,"(0, 0, 0, -4, 0, 0, 0, 0, -1.879151013679522, 'BMRC', 79)",1,ceiling,27.95,28.43,1.72,1.879151013679522,0.9917355371900844,0.8181818181818192,-6.295319709953862,1.5269125960489467,76.6666666667,76.6666666667,PENDING
2026-07-02,BSET,2,ACTIONABLE,fresh_demand_alpha,Home Furnishings,geometry_caution_not_failure;near_buy_point;volume_confirms_breakout;weekly_volume_follow_through;near_52w_high,,"(0, 0, 0, -4, 0, 0, 1, 0, -4.546502690238278, 'BSET', 26)",2,ceiling,19.97,20.23,1.3,4.546502690238278,0.7314487632508839,0.0918727915194352,-3.6207717960933694,2.662547793994839,9.0909090909,9.0909090909,PENDING
2026-07-02,PACS,3,ACTIONABLE,fresh_demand_alpha,Hospital/Nursing Management,geometry_caution_not_failure;near_buy_point;volume_confirms_breakout;eps_acceleration_support;near_52w_high,,"(0, 0, 0, -4, 0, 1, 0, 1, -1.5933043881206037, 'PACS', 32)",4,ceiling,42.62,44.48,4.36,1.5933043881206037,0.686131386861314,0.0048661800486625,-1.592920353982319,1.2475232878410134,194.1176470588,194.1176470588,PENDING
2026-07-10,BSVN,1,ACTIONABLE,constructive_pullback,Regional Banks,near_buy_point;volume_confirms_breakout;weekly_volume_follow_through;near_52w_high;pullback_structure,,"(0, 1, 0, -4, 0, 1, 1, 0, -2.019607843137255, 'BSVN', 65)",1,ma10_touch_confirm,49.94,51.22,2.56,2.019607843137255,0.8214285714285696,1.616071428571424,-1.405197305101069,1.4980030104347315,15.7407407407,15.7407407407,PENDING
2026-07-10,RAPP,2,ACTIONABLE,constructive_pullback,Biotechnology,geometry_caution_not_failure;near_buy_point;volume_confirms_breakout;eps_acceleration_support;weekly_volume_follow_through;near_52w_high;pullback_structure,pullback_not_dry,"(0, 1, 0, -4, 1, 1, 0, 0, -2.734927941684593, 'RAPP', 56)",2,pivot,40.92,41.75,2.03,2.734927941684593,0.7765486725663723,0.236725663716814,-4.5932358318098725,1.567144133730899,38.2352941176,38.2352941176,PENDING
2026-07-10,LASR,3,ACTIONABLE,constructive_pullback,Unknown,near_buy_point;volume_confirms_breakout;eps_acceleration_support;pullback_structure,pullback_not_dry,"(0, 1, 0, -2, 1, 0, 0, 1, -3.1728644618793647, 'LASR', 4)",4,pivot,72.0,72.05,0.07,3.1728644618793647,0.8945432250153272,0.1661557326793373,-17.13628522139161,1.2882451979705123,106.25,106.25,PENDING
2026-07-17,CZFS,1,ACTIONABLE,fresh_demand_alpha,Regional Banks,near_buy_point;volume_confirms_breakout;eps_acceleration_support;weekly_volume_follow_through;near_52w_high,,"(0, 0, 0, -5, 0, 1, 0, 0, -1.5797131573477448, 'CZFS', 48)",1,ceiling,70.45,73.62,4.5,1.5797131573477448,0.9319999999999992,1.7519999999999982,-1.8399999999999972,1.374952992887268,35.8490566038,35.8490566038,PENDING
2026-07-17,BIIB,2,ACTIONABLE,fresh_demand_alpha,Pharmaceuticals: Major,near_buy_point;volume_confirms_breakout;eps_acceleration_support;weekly_volume_follow_through,,"(0, 0, 0, -4, 0, 0, 0, 0, -1.8864175929852445, 'BIIB', 107)",2,ceiling,202.41,205.99,1.77,1.8864175929852445,0.8598629093678596,0.5041888804265047,-6.248862188239568,1.935286643932244,31.0975609756,31.0975609756,PENDING
2026-07-17,IRM,3,ACTIONABLE,fresh_demand_alpha,Real Estate Investment Trusts,near_buy_point;volume_confirms_breakout;eps_acceleration_support;weekly_volume_follow_through,,"(0, 0, 0, -4, 0, 0, 0, 0, -1.7630462068990274, 'IRM', 38)",3,ceiling,123.05,123.82,0.63,1.7630462068990274,0.9662027833001984,0.0934393638170971,-8.063558063558073,1.759546857676402,860.0,860.0,PENDING
2026-07-24,IMAX,1,ACTIONABLE,fresh_demand_alpha,Electronics/Appliances,geometry_caution_not_failure;near_buy_point;volume_confirms_breakout;eps_acceleration_support;weekly_volume_follow_through,,"(0, 0, 0, -4, 0, 0, 0, 0, -5.816685398052541, 'IMAX', 45)",1,ceiling,43.16,43.38,0.51,5.816685398052541,0.6629213483146075,0.224719101123597,-5.448997384481258,2.2938727555498537,35.0,35.0,PENDING
2026-07-24,PKG,2,ACTIONABLE,fresh_demand_alpha,Containers/Packaging,near_buy_point;volume_confirms_breakout;weekly_volume_follow_through;near_52w_high,,"(0, 0, 0, -4, 0, 1, 1, 0, -1.8609151130028176, 'PKG', 26)",2,ceiling,246.42,254.39,3.23,1.8609151130028176,0.99757281553398,0.3868932038834952,-0.0196509982707149,1.578781529173657,-15.4867256637,-15.4867256637,PENDING
2026-07-24,PCAR,3,ACTIONABLE,fresh_demand_alpha,Trucks/Construction/Farm Machinery,near_buy_point;volume_confirms_breakout;weekly_volume_follow_through;near_52w_high,,"(0, 0, 0, -4, 0, 1, 1, 0, -1.556774180995064, 'PCAR', 67)",3,ceiling,128.08,132.24,3.25,1.556774180995064,0.8528827037773399,0.602385685884692,-1.239731142643763,1.3351416603798207,19.7916666667,19.7916666667,PENDING
2026-07-31,SHOO,1,ACTIONABLE,fresh_demand_alpha,Apparel/Footwear,near_buy_point;volume_confirms_breakout;eps_acceleration_support;weekly_volume_follow_through,,"(0, 0, 0, -4, 0, 0, 0, 0, -2.024783509536206, 'SHOO', 37)",1,ceiling,46.05,46.08,0.07,2.024783509536206,0.967145790554414,0.3655030800821354,-5.496308449548815,1.7879275645497557,167.8571428571,167.8571428571,PENDING
2026-07-31,NBBK,2,ACTIONABLE,fresh_demand_alpha,Regional Banks,geometry_caution_not_failure;near_buy_point;volume_confirms_breakout;weekly_volume_follow_through;near_52w_high,,"(0, 0, 0, -4, 0, 0, 1, 0, -2.446938522941741, 'NBBK', 77)",2,ceiling,22.78,23.01,1.01,2.446938522941741,0.7619047619047628,0.3214285714285709,-1.1173184357541777,1.833924992014577,9.0909090909,9.0909090909,PENDING
2026-07-31,GSAT,3,ACTIONABLE,constructive_pullback,Wireless Telecommunications,near_buy_point;volume_confirms_breakout;weekly_volume_follow_through;near_52w_high;pullback_structure;dry_pullback,,"(0, 1, 0, -5, 0, 0, 1, 0, -1.738181840327524, 'GSAT', 38)",4,pivot,81.78,83.38,1.96,1.738181840327524,0.937007874015744,0.6299212598425159,-1.55844155844157,1.367140722975233,0.0,0.0,PENDING
2026-08-07,CFFI,1,ACTIONABLE,fresh_demand_alpha,Regional Banks,geometry_caution_not_failure;near_buy_point;volume_confirms_breakout;eps_acceleration_support;weekly_volume_follow_through;near_52w_high,,"(0, 0, 0, -5, 0, 0, 0, 0, -49.56896551724138, 'CFFI', 41)",1,ceiling,86.42,87.94,1.76,49.56896551724138,0.6885644768856445,0.0948905109489052,-2.0276292335115964,5.620076272611173,25.3012048193,25.3012048193,PENDING
2026-08-07,MTUS,2,ACTIONABLE,fresh_demand_alpha,Steel,near_buy_point;volume_confirms_breakout;eps_acceleration_support;weekly_volume_follow_through;near_52w_high,,"(0, 0, 0, -5, 0, 0, 0, 0, -2.3888469437859357, 'MTUS', 70)",2,ceiling,21.54,21.67,0.6,2.3888469437859357,0.8131487889273348,0.0069204152249133,-4.0301151461470175,1.3603753316803435,133.3333333333,133.3333333333,PENDING
2026-08-07,SWK,3,ACTIONABLE,fresh_demand_alpha,Tools & Hardware,near_buy_point;volume_confirms_breakout;eps_acceleration_support;weekly_volume_follow_through;near_52w_high,,"(0, 0, 0, -5, 0, 0, 0, 0, -1.5289629710359054, 'SWK', 38)",3,ceiling,102.72,103.89,1.14,1.5289629710359054,0.8743718592964825,0.2939698492462312,-0.4789730817128079,1.443812577562711,247.7611940299,247.7611940299,PENDING
