snapshot_date,code,selection_source,ibd_entry_status,ibd_candidate_rule,ibd_candidate_price,current_vs_ibd_candidate_pct,_evidence_family_count,review_reason,pit_eps_yoy_growth,volume_ratio,dist_to_52w_high_pct,pullback_v_is_dry,sector,industry
2026-08-07,ACT,SUPPLEMENTAL,UNCONFIRMED,three_weeks_tight,48.79,0.35,1,unconfirmed_near_buy_point|rs_near_high,12.6126126126,1.1332270394456017,-0.4473363155754306,False,Finance,Multi-Line Insurance
2026-08-07,AIR,SUPPLEMENTAL,UNCONFIRMED,ma10_touch_confirm,142.92,0.1,1,unconfirmed_near_buy_point|eps,34.0206185567,0.7432057647518651,-7.103896103896101,False,Electronic Technology,Aerospace & Defense
2026-08-07,AIRT,ACTIONABLE_BASELINE,ACTIONABLE,ceiling,30.6,4.58,2,weekend_actionable,1227.8431372549,3.352112943004911,-8.571428571428575,,Transportation,Air Freight/Couriers
2026-08-07,AIT,SUPPLEMENTAL,UNCONFIRMED,ma10_touch_confirm,352.76,2.02,1,unconfirmed_near_buy_point|rs_near_high,3.1128404669,0.7350552783923808,-0.8348717383517612,False,Distribution Services,Wholesale Distributors
2026-08-07,AIZ,ACTIONABLE_BASELINE,ACTIONABLE,pivot,279.5,3.6,3,weekend_actionable,30.4824561404,1.193150084524977,-4.7344870698164065,False,Finance,Property/Casualty Insurance
2026-08-07,ALH,SUPPLEMENTAL,UNCONFIRMED,pivot,27.05,2.66,2,unconfirmed_near_buy_point|eps|rs_near_high,180.0,0.7656595718008656,-1.6294721927027966,,Producer Manufacturing,Industrial Machinery
2026-08-07,ALX,ACTIONABLE_BASELINE,ACTIONABLE,ma10_touch_confirm,275.0,0.69,3,weekend_actionable,2441.1764705882,1.4534176117147108,-4.332653836851752,False,Finance,Real Estate Investment Trusts
2026-08-07,AME,ACTIONABLE_BASELINE,ACTIONABLE,pivot,244.71,3.66,2,weekend_actionable,14.1935483871,1.3113305728790554,-1.6631130063965882,False,Producer Manufacturing,Electrical Products
2026-08-07,AMKR,SUPPLEMENTAL,UNCONFIRMED,ceiling,53.37,3.56,1,unconfirmed_near_buy_point|eps,266.6666666667,0.7432844319691122,-42.83202316921803,,Electronic Technology,Semiconductors
2026-08-07,AMN,SUPPLEMENTAL,UNCONFIRMED,pivot,35.73,0.76,2,unconfirmed_near_buy_point|eps|rs_near_high,117.5496688742,1.2031307082306115,-2.1739130434782483,False,Commercial Services,Personnel Services
2026-08-07,ANET,ACTIONABLE_BASELINE,ACTIONABLE,ma10_touch_confirm,183.52,2.81,2,weekend_actionable,35.7142857143,1.419744091405577,-12.20159151193634,,Electronic Technology,Computer Peripherals
2026-08-07,ASH,ACTIONABLE_BASELINE,ACTIONABLE,ma10_touch_confirm,74.99,1.95,3,weekend_actionable,102.1591610117,0.8641783851761504,-2.3003194888178924,False,Consumer Non-Durables,Food: Specialty/Candy
2026-08-07,ATEX,SUPPLEMENTAL,UNCONFIRMED,ma10_touch_confirm,95.93,3.47,2,unconfirmed_near_buy_point|eps|supply_contraction,90.1960784314,0.6125591401741338,-12.159292035398227,True,Communications,Wireless Telecommunications
2026-08-07,ATLO,SUPPLEMENTAL,UNCONFIRMED,pivot,31.18,0.22,3,unconfirmed_near_buy_point|eps|rs_near_high|supply_contraction,31.3725490196,0.5377789219985658,-2.829601990049746,True,Finance,Regional Banks
2026-08-07,ATRO,SUPPLEMENTAL,UNCONFIRMED,ceiling_pullback,74.21,4.77,2,unconfirmed_near_buy_point|eps|supply_contraction,157.6923076923,0.7411438774439547,-12.364743011722268,True,Electronic Technology,Aerospace & Defense
2026-08-07,AVT,ACTIONABLE_BASELINE,ACTIONABLE,pivot,93.37,3.38,3,weekend_actionable,12.8712871287,1.3745207992648347,-3.4699999999999953,True,Distribution Services,Electronics Distributors
2026-08-07,AXGN,SUPPLEMENTAL,UNCONFIRMED,pivot,45.83,1.31,1,unconfirmed_near_buy_point|rs_near_high,-400.0,0.7337650509955235,-1.1075612353567688,False,Health Technology,Medical Specialties
2026-08-07,BAC,SUPPLEMENTAL,UNCONFIRMED,three_weeks_tight,62.99,0.29,2,unconfirmed_near_buy_point|eps|rs_near_high,34.4444444444,0.7282416770565782,-1.2505862122870082,False,Finance,Major Banks
2026-08-07,BDL,ACTIONABLE_BASELINE,ACTIONABLE,ma10_touch_confirm,44.1,4.58,2,weekend_actionable,6.8965517241,1.754981087764145,-3.8966451344030095,False,Consumer Services,Restaurants
2026-08-07,BOKF,SUPPLEMENTAL,UNCONFIRMED,ceiling_pullback,143.59,0.15,2,unconfirmed_near_buy_point|eps|rs_near_high,33.3333333333,0.8214066697384059,-1.6550403501572886,False,Finance,Major Banks
2026-08-07,BUUU,SUPPLEMENTAL,UNCONFIRMED,pivot,25.99,1.92,1,unconfirmed_near_buy_point|rs_near_high,,1.0786318653012874,-3.49726775956285,False,Commercial Services,Miscellaneous Commercial Services
2026-08-07,BVS,ACTIONABLE_BASELINE,ACTIONABLE,ceiling,14.0,0.86,2,weekend_actionable,327.2727272727,1.8836834249775576,-11.139081183134058,,Unknown,Unknown
2026-08-07,CATY,SUPPLEMENTAL,UNCONFIRMED,ma10_touch_confirm,63.35,0.09,1,unconfirmed_near_buy_point|rs_near_high,24.5454545455,0.7243550997021222,-2.2807828633071403,False,Finance,Regional Banks
2026-08-07,CBAN,SUPPLEMENTAL,UNCONFIRMED,ma10_touch_confirm,21.94,0.32,1,unconfirmed_near_buy_point|rs_near_high,10.8695652174,0.5789467248537332,-1.6532618409293875,,Finance,Regional Banks
2026-08-07,CFFI,ACTIONABLE_BASELINE,ACTIONABLE,ceiling,86.42,1.76,3,weekend_actionable,25.3012048193,5.620076272611173,-2.0276292335115964,,Finance,Regional Banks
2026-08-07,CFG,SUPPLEMENTAL,UNCONFIRMED,ceiling_pullback,72.47,0.28,2,unconfirmed_near_buy_point|eps|rs_near_high,41.3043478261,0.619949440241865,-2.508720150254906,False,Finance,Major Banks
2026-08-07,CIX,SUPPLEMENTAL,UNCONFIRMED,ceiling,29.73,1.21,3,unconfirmed_near_buy_point|volume|eps|rs_near_high,34.0909090909,1.6686115785723938,-0.0996015936254979,,Producer Manufacturing,Metal Fabrication
2026-08-07,CLDX,SUPPLEMENTAL,UNCONFIRMED,pivot,40.3,3.5,1,unconfirmed_near_buy_point|rs_near_high,-10.5882352941,0.9504191787792772,-2.819198508853682,False,Health Technology,Biotechnology
2026-08-07,COSO,SUPPLEMENTAL,UNCONFIRMED,ceiling_pullback,27.3,2.71,1,unconfirmed_near_buy_point|rs_near_high,3.5087719298,0.747840100641135,-0.7433628318584073,False,Finance,Regional Banks
2026-08-07,CPAY,ACTIONABLE_BASELINE,ACTIONABLE,ceiling,391.1,0.47,3,weekend_actionable,49.1176470588,1.088652981082752,-3.2048281808104373,,Commercial Services,Miscellaneous Commercial Services
2026-08-07,CPBI,ACTIONABLE_BASELINE,ACTIONABLE,pivot,20.2,1.98,2,weekend_actionable,13.6363636364,0.7333657115104419,-5.634448007329351,True,Finance,Investment Banks/Brokers
2026-08-07,CRNX,SUPPLEMENTAL,UNCONFIRMED,pivot,84.0,0.1,2,unconfirmed_near_buy_point|rs_near_high|supply_contraction,7.3170731707,0.521678010028088,-0.2609727164887276,True,Health Technology,Pharmaceuticals: Major
2026-08-07,CUBI,ACTIONABLE_BASELINE,ACTIONABLE,ceiling,79.91,2.7,2,weekend_actionable,18.4971098266,1.0248827734532773,-2.239428231089946,,Finance,Regional Banks
2026-08-07,DAL,SUPPLEMENTAL,UNCONFIRMED,ma10_touch_confirm,89.69,1.84,2,unconfirmed_near_buy_point|rs_near_high|supply_contraction,-25.3822629969,0.7075854933301938,-4.2958927074601805,True,Transportation,Airlines
2026-08-07,DCO,SUPPLEMENTAL,UNCONFIRMED,pivot,196.63,0.22,1,unconfirmed_near_buy_point|eps,55.9523809524,1.0455406875405049,-6.33109938685299,False,Electronic Technology,Aerospace & Defense
2026-08-07,DGX,SUPPLEMENTAL,UNCONFIRMED,ma10_touch_confirm,237.78,0.24,1,unconfirmed_near_buy_point|rs_near_high,14.979757085,0.7445033802832393,-0.7412651480448118,,Health Services,Services to the Health Industry
2026-08-07,DIOD,SUPPLEMENTAL,UNCONFIRMED,pivot,104.35,0.79,1,unconfirmed_near_buy_point|supply_contraction,1.0101010101,1.0324436026582005,-16.525121041352484,True,Electronic Technology,Semiconductors
2026-08-07,ELMD,SUPPLEMENTAL,UNCONFIRMED,ma10_touch_confirm,41.2,2.4,1,unconfirmed_near_buy_point|eps,66.6666666667,0.6965163646277553,-10.991561181434603,False,Health Technology,Medical Specialties
2026-08-07,ESNT,SUPPLEMENTAL,UNCONFIRMED,ceiling,66.28,3.68,1,unconfirmed_near_buy_point|rs_near_high,7.7720207254,0.6887710953347628,-1.8145449349907028,,Finance,Specialty Insurance
2026-08-07,ETN,SUPPLEMENTAL,UNCONFIRMED,ceiling,434.23,3.33,1,unconfirmed_near_buy_point|rs_near_high,-15.9362549801,1.0287240386191574,-1.9878544278911223,,Producer Manufacturing,Electrical Products
2026-08-07,EXPD,ACTIONABLE_BASELINE,ACTIONABLE,ceiling_pullback,174.52,2.4,4,weekend_actionable,51.4925373134,1.280446479466261,-4.809843400447422,True,Transportation,Air Freight/Couriers
2026-08-07,EXPE,ACTIONABLE_BASELINE,ACTIONABLE,ceiling,302.5,2.7,2,weekend_actionable,188.7096774194,1.4174145625198526,-6.226796655700095,,Consumer Services,Other Consumer Services
2026-08-07,FAST,SUPPLEMENTAL,UNCONFIRMED,ceiling,49.52,4.68,1,unconfirmed_near_buy_point|rs_near_high,13.7931034483,1.0878401257703083,-0.1156069364161793,,Distribution Services,Wholesale Distributors
2026-08-07,FBLA,ACTIONABLE_BASELINE,ACTIONABLE,pivot,15.46,1.03,2,weekend_actionable,-75.0,1.1147243837335232,-2.252816020025039,False,Finance,Regional Banks
2026-08-07,FBNC,SUPPLEMENTAL,UNCONFIRMED,ceiling_pullback,64.59,0.12,3,unconfirmed_near_buy_point|eps|rs_near_high|supply_contraction,31.1827956989,0.7319112713786866,-2.810339645326121,True,Finance,Regional Banks
2026-08-07,FLXS,SUPPLEMENTAL,UNCONFIRMED,pivot,74.9,1.72,2,unconfirmed_near_buy_point|eps|rs_near_high,260.5633802817,0.7814190025672101,-4.404015056461741,False,Consumer Durables,Home Furnishings
2026-08-07,FNLC,SUPPLEMENTAL,UNCONFIRMED,pivot,35.35,0.08,1,unconfirmed_near_buy_point|rs_near_high,18.0555555556,0.6283542999441845,-2.534435261707979,False,Finance,Major Banks
2026-08-07,FRST,SUPPLEMENTAL,UNCONFIRMED,ceiling_pullback,16.22,0.18,2,unconfirmed_near_buy_point|eps|rs_near_high,280.0,0.7675817280362202,-3.100775193798444,False,Finance,Regional Banks
2026-08-07,GD,SUPPLEMENTAL,UNCONFIRMED,ma10_touch_confirm,388.12,1.01,1,unconfirmed_near_buy_point|rs_near_high,10.1754385965,0.8148471287787308,-1.9874999999999976,False,Electronic Technology,Aerospace & Defense
2026-08-07,GE,SUPPLEMENTAL,UNCONFIRMED,ceiling_pullback,366.77,0.9,2,unconfirmed_near_buy_point|rs_near_high|supply_contraction,19.5767195767,0.7894602659281345,-4.82460652196276,True,Electronic Technology,Aerospace & Defense
2026-08-07,GRMN,SUPPLEMENTAL,UNCONFIRMED,ma10_touch_confirm,304.0,2.27,1,unconfirmed_near_buy_point|rs_near_high,21.511627907,1.0453647790682687,-0.5788295490885886,,Electronic Technology,Telecommunications Equipment
2026-08-07,HBB,ACTIONABLE_BASELINE,ACTIONABLE,ceiling,30.34,3.56,2,weekend_actionable,654.5454545455,1.8329138323593703,-5.247285886610364,,Consumer Durables,Electronics/Appliances
2026-08-07,HBCP,SUPPLEMENTAL,UNCONFIRMED,ma10_touch_confirm,71.37,0.71,1,unconfirmed_near_buy_point|rs_near_high,2.0689655172,1.0562047164869588,-1.520756267981915,False,Finance,Regional Banks
2026-08-07,HEI,SUPPLEMENTAL,UNCONFIRMED,ceiling,361.56,1.67,2,unconfirmed_near_buy_point|eps|rs_near_high,48.2142857143,0.8168541739791441,-2.4624529002812756,,Electronic Technology,Aerospace & Defense
2026-08-07,HNGE,SUPPLEMENTAL,UNCONFIRMED,ma10_touch_confirm,88.61,0.81,3,unconfirmed_near_buy_point|eps|rs_near_high|supply_contraction,103.9694656489,1.2311530908576125,-2.371584699453555,True,Technology Services,Packaged Software
2026-08-07,HNVR,ACTIONABLE_BASELINE,ACTIONABLE,ceiling,26.2,2.86,3,weekend_actionable,66.6666666667,1.431103676296249,-2.0000000000000018,,Finance,Regional Banks
2026-08-07,HPE,SUPPLEMENTAL,UNCONFIRMED,pivot,51.08,4.19,2,unconfirmed_near_buy_point|eps|supply_contraction,153.6585365854,0.6941671937462397,-16.921635966281613,True,Electronic Technology,Computer Processing Hardware
2026-08-07,HWBK,SUPPLEMENTAL,UNCONFIRMED,ceiling_pullback,39.33,2.49,1,unconfirmed_near_buy_point|rs_near_high,20.4545454545,1.2276089673330557,-0.6653523903400571,False,Finance,Regional Banks
2026-08-07,INCY,SUPPLEMENTAL,UNCONFIRMED,ceiling_pullback,119.6,0.8,1,unconfirmed_near_buy_point|eps,83.75,0.9343563835543984,-9.079939668174951,False,Health Technology,Pharmaceuticals: Major
2026-08-07,IOSP,ACTIONABLE_BASELINE,ACTIONABLE,ceiling,89.08,3.77,3,weekend_actionable,32.9787234043,1.3073927388671351,-1.8371031113942893,,Process Industries,Chemicals: Major Diversified
2026-08-07,IVZ,SUPPLEMENTAL,UNCONFIRMED,three_weeks_tight,31.02,1.81,2,unconfirmed_near_buy_point|eps|rs_near_high,2633.3333333333,1.0149270778133987,-2.980030721966198,False,Finance,Investment Managers
2026-08-07,JCI,SUPPLEMENTAL,UNCONFIRMED,pivot,149.38,1.89,2,unconfirmed_near_buy_point|eps|rs_near_high,38.8888888889,0.8878041274542054,-3.087991850248306,False,Producer Manufacturing,Industrial Machinery
2026-08-07,JHX,ACTIONABLE_BASELINE,ACTIONABLE,ceiling,29.83,1.34,2,weekend_actionable,20.0,1.30624125924083,-1.6590761223161945,,Non-Energy Minerals,Construction Materials
2026-08-07,JXN,ACTIONABLE_BASELINE,ACTIONABLE,pivot,126.69,2.58,2,weekend_actionable,291.452991453,1.1443516809156535,-5.819262265381553,,Finance,Life/Health Insurance
2026-08-07,KEYS,SUPPLEMENTAL,UNCONFIRMED,pivot,329.73,3.41,2,unconfirmed_near_buy_point|eps|supply_contraction,35.5704697987,0.6963782209713011,-9.064966929805829,True,Electronic Technology,Electronic Equipment/Instruments
2026-08-07,LQDT,ACTIONABLE_BASELINE,ACTIONABLE,pivot,41.28,1.89,3,weekend_actionable,39.1304347826,1.497247827480254,-4.016430853491548,False,Retail Trade,Internet Retail
2026-08-07,LYV,SUPPLEMENTAL,UNCONFIRMED,ceiling,175.25,3.09,2,unconfirmed_near_buy_point|eps|rs_near_high,156.0975609756,0.9021080744581508,-3.9042553191489415,,Consumer Services,Movies/Entertainment
2026-08-07,MBWM,ACTIONABLE_BASELINE,ACTIONABLE,ma10_touch_confirm,60.4,0.5,2,weekend_actionable,7.9136690647,1.2175004422091755,-2.708767430677994,False,Finance,Regional Banks
2026-08-07,MD,SUPPLEMENTAL,UNCONFIRMED,ceiling_pullback,26.82,0.97,3,unconfirmed_near_buy_point|volume|rs_near_high|supply_contraction,6.5217391304,1.4334198016346853,-3.0780243378668692,True,Health Services,Medical/Nursing Services
2026-08-07,MET,SUPPLEMENTAL,UNCONFIRMED,three_weeks_tight,97.2,0.59,1,unconfirmed_near_buy_point|rs_near_high,5.8252427184,1.1111172243883878,-3.130882790052525,False,Finance,Multi-Line Insurance
2026-08-07,MTRN,ACTIONABLE_BASELINE,ACTIONABLE,pivot,287.18,1.0,3,weekend_actionable,52.0661157025,1.3547687560117867,-4.770503644362723,False,Electronic Technology,Electronic Equipment/Instruments
2026-08-07,MTUS,ACTIONABLE_BASELINE,ACTIONABLE,ceiling,21.54,0.6,3,weekend_actionable,133.3333333333,1.3603753316803435,-4.0301151461470175,,Non-Energy Minerals,Steel
2026-08-07,NAVN,SUPPLEMENTAL,UNCONFIRMED,ceiling_pullback,27.94,4.08,2,unconfirmed_near_buy_point|eps|rs_near_high,93.984962406,0.514950539498727,-1.1556764106050443,False,Technology Services,Packaged Software
2026-08-07,NDSN,SUPPLEMENTAL,UNCONFIRMED,ceiling,299.02,3.71,1,unconfirmed_near_buy_point|rs_near_high,6.0913705584,0.8296259552804625,-1.764445007602633,,Producer Manufacturing,Industrial Machinery
2026-08-07,NEO,SUPPLEMENTAL,UNCONFIRMED,ceiling_pullback,16.17,2.47,1,unconfirmed_near_buy_point|rs_near_high,,0.7012798318085076,-0.1807228915662762,False,Health Services,Medical/Nursing Services
2026-08-07,NET,ACTIONABLE_BASELINE,ACTIONABLE,ma10_touch_confirm,293.8,2.2,1,weekend_actionable,-220.0,1.5109827411627932,-7.532411541896355,False,Technology Services,Information Technology Services
2026-08-07,NEU,ACTIONABLE_BASELINE,ACTIONABLE,ma10_touch_confirm,876.33,1.53,2,weekend_actionable,22.8040540541,1.2971938831867165,-1.2497641430902262,,Process Industries,Chemicals: Specialty
2026-08-07,NKSH,SUPPLEMENTAL,UNCONFIRMED,ma10_touch_confirm,41.32,1.91,3,unconfirmed_near_buy_point|volume|eps|rs_near_high,52.9411764706,1.5572928117474425,-0.8943280771946394,,Finance,Major Banks
2026-08-07,NLY,SUPPLEMENTAL,UNCONFIRMED,ceiling,22.83,0.92,2,unconfirmed_near_buy_point|eps|rs_near_high,3433.3333333333,0.989461167487244,-1.873935264054516,,Finance,Real Estate Investment Trusts
2026-08-07,NREF,SUPPLEMENTAL,UNCONFIRMED,three_weeks_tight,17.44,4.19,1,unconfirmed_near_buy_point|rs_near_high,-40.0,0.8676870632771467,-1.4107433532284164,False,Finance,Real Estate Investment Trusts
2026-08-07,NTB,SUPPLEMENTAL,UNCONFIRMED,ma10_touch_confirm,62.26,0.1,2,unconfirmed_near_buy_point|eps|rs_near_high,25.3968253968,0.8881508844763277,-0.3517748640869844,False,Finance,Regional Banks
2026-08-07,NUE,SUPPLEMENTAL,UNCONFIRMED,pivot,268.14,1.67,2,unconfirmed_near_buy_point|eps|rs_near_high,382.0895522388,1.0106100183364164,-2.670379493770314,False,Non-Energy Minerals,Steel
2026-08-07,NVT,SUPPLEMENTAL,UNCONFIRMED,pivot,163.28,0.86,1,unconfirmed_near_buy_point|eps,97.0149253731,1.0036686232657417,-10.688720173535792,False,Electronic Technology,Electronic Components
2026-08-07,PH,ACTIONABLE_BASELINE,ACTIONABLE,ceiling,1026.68,4.6,2,weekend_actionable,-4.2062415197,1.4064397316914474,-2.3701292797789097,,Producer Manufacturing,Industrial Machinery
2026-08-07,PKG,SUPPLEMENTAL,UNCONFIRMED,ceiling,246.42,3.9,1,unconfirmed_near_buy_point|rs_near_high,-19.4756554307,0.782959713342456,-1.0702832193500988,,Process Industries,Containers/Packaging
2026-08-07,PTGX,SUPPLEMENTAL,UNCONFIRMED,pivot,141.08,3.4,3,unconfirmed_near_buy_point|eps|rs_near_high|supply_contraction,516.3636363636,0.739706490709655,-1.4391891891891828,True,Health Technology,Pharmaceuticals: Major
2026-08-07,RGA,SUPPLEMENTAL,UNCONFIRMED,pivot,244.3,0.83,2,unconfirmed_near_buy_point|eps|rs_near_high,159.6296296296,1.0536057717897953,-0.7214251168789265,False,Finance,Life/Health Insurance
2026-08-07,RHI,SUPPLEMENTAL,UNCONFIRMED,pivot,42.09,1.54,1,unconfirmed_near_buy_point|rs_near_high,-36.5853658537,0.7146171661818653,-3.259393390674503,False,Commercial Services,Personnel Services
2026-08-07,ROIV,SUPPLEMENTAL,UNCONFIRMED,ma10_touch_confirm,35.58,2.14,1,unconfirmed_near_buy_point|rs_near_high,21.2121212121,1.2377175360926704,-1.7837837837837769,False,Health Technology,Pharmaceuticals: Major
2026-08-07,ROKU,SUPPLEMENTAL,UNCONFIRMED,pivot,148.88,2.84,3,unconfirmed_near_buy_point|eps|rs_near_high|supply_contraction,1442.8571428571,0.7380050144271412,-0.2735621702598778,True,Technology Services,Packaged Software
2026-08-07,RS,SUPPLEMENTAL,UNCONFIRMED,pivot,417.25,1.59,2,unconfirmed_near_buy_point|eps|rs_near_high,36.3636363636,0.8809334719118366,-0.209525154789647,False,Non-Energy Minerals,Steel
2026-08-07,SAFT,SUPPLEMENTAL,UNCONFIRMED,ma10_touch_confirm,103.42,0.08,1,unconfirmed_near_buy_point|rs_near_high,21.0256410256,0.9159087566853092,-0.240963855421683,,Finance,Property/Casualty Insurance
2026-08-07,SENEA,SUPPLEMENTAL,UNCONFIRMED,ma10_touch_confirm,174.02,2.76,3,unconfirmed_near_buy_point|eps|rs_near_high|supply_contraction,33.1775700935,0.7075210275196326,-4.685251319226069,True,Consumer Non-Durables,Food: Specialty/Candy
2026-08-07,SEPN,SUPPLEMENTAL,UNCONFIRMED,ceiling_pullback,38.04,2.08,2,unconfirmed_near_buy_point|eps|rs_near_high,61.2244897959,0.7423938628873735,-4.430223972434177,False,Health Technology,Biotechnology
2026-08-07,SHOO,ACTIONABLE_BASELINE,ACTIONABLE,pivot,46.87,3.65,3,weekend_actionable,167.8571428571,1.1023718057757284,-2.2535211267605715,,Consumer Non-Durables,Apparel/Footwear
2026-08-07,SION,SUPPLEMENTAL,UNCONFIRMED,pivot,51.0,0.08,1,unconfirmed_near_buy_point|volume,-60.9756097561,1.4588153778650412,-7.149354193196289,False,Unknown,Unknown
2026-08-07,SNA,ACTIONABLE_BASELINE,ACTIONABLE,pivot,412.33,0.97,2,weekend_actionable,5.0847457627,1.0291274563577046,-1.576757600113465,False,Consumer Durables,Tools & Hardware
2026-08-07,SWK,ACTIONABLE_BASELINE,ACTIONABLE,ceiling,102.72,1.14,3,weekend_actionable,247.7611940299,1.443812577562711,-0.4789730817128079,,Consumer Durables,Tools & Hardware
2026-08-07,SXT,SUPPLEMENTAL,UNCONFIRMED,pivot,124.86,4.01,2,unconfirmed_near_buy_point|eps|rs_near_high,36.3636363636,0.4728562321901488,-1.8589888914078536,False,Consumer Non-Durables,Food: Specialty/Candy
2026-08-07,TPC,ACTIONABLE_BASELINE,ACTIONABLE,ceiling,94.43,4.96,3,weekend_actionable,223.6842105263,0.9724508693377668,-3.118279569892468,,Industrial Services,Engineering & Construction
2026-08-07,TRIN,SUPPLEMENTAL,UNCONFIRMED,pivot,17.99,0.33,3,unconfirmed_near_buy_point|volume|rs_near_high|supply_contraction,-22.2222222222,1.5433254299876271,-1.0958904109588996,True,Miscellaneous,Investment Trusts/Mutual Funds
2026-08-07,TVTX,ACTIONABLE_BASELINE,ACTIONABLE,pivot,60.1,2.03,2,weekend_actionable,-164.2857142857,1.5670065518747125,-7.427536231884046,True,Health Technology,Pharmaceuticals: Major
2026-08-07,TWIN,SUPPLEMENTAL,UNCONFIRMED,ma10_touch_confirm,24.0,0.58,2,unconfirmed_near_buy_point|eps|rs_near_high,309.0909090909,0.660623147502151,-1.8699186991869896,False,Producer Manufacturing,Trucks/Construction/Farm Machinery
2026-08-07,TWLO,ACTIONABLE_BASELINE,ACTIONABLE,pivot,238.48,1.17,3,weekend_actionable,4671.4285714286,1.7626083859431223,-5.19449901768173,True,Technology Services,Packaged Software
2026-08-07,UFCS,SUPPLEMENTAL,UNCONFIRMED,pivot,54.42,0.09,2,unconfirmed_near_buy_point|eps|rs_near_high,48.275862069,1.1296868587848112,-2.418487997133645,False,Finance,Property/Casualty Insurance
2026-08-07,UNM,SUPPLEMENTAL,UNCONFIRMED,ceiling_pullback,88.19,2.69,1,unconfirmed_near_buy_point|rs_near_high,-16.1458333333,0.9976869138409707,-2.2874406560207228,False,Finance,Multi-Line Insurance
2026-08-07,URI,SUPPLEMENTAL,UNCONFIRMED,pivot,1143.69,1.67,1,unconfirmed_near_buy_point|rs_near_high,6.5739570164,0.9219252708011214,-1.3857087128343548,False,Finance,Finance/Rental/Leasing
2026-08-07,UVE,SUPPLEMENTAL,UNCONFIRMED,pivot,43.8,0.8,2,unconfirmed_near_buy_point|eps|rs_near_high,68.5950413223,0.8319360045402908,-2.1281312347594783,False,Finance,Property/Casualty Insurance
2026-08-07,VABK,ACTIONABLE_BASELINE,ACTIONABLE,ceiling_pullback,46.44,3.17,2,weekend_actionable,16.8674698795,0.9928749607898786,-4.180000000000006,False,Finance,Regional Banks
2026-08-07,VIK,SUPPLEMENTAL,UNCONFIRMED,pivot,105.53,0.25,3,unconfirmed_near_buy_point|eps|rs_near_high|supply_contraction,54.1666666667,0.8993850556576507,-3.905895176673624,True,Consumer Services,Hotels/Resorts/Cruise lines
2026-08-07,WBS,ACTIONABLE_BASELINE,ACTIONABLE,pivot,77.33,2.2,2,weekend_actionable,2.6315789474,1.515043619811029,-0.8903937797842931,False,Finance,Savings Banks
2026-08-07,WRLD,SUPPLEMENTAL,UNCONFIRMED,ceiling,185.07,1.11,1,unconfirmed_near_buy_point|eps,343.3333333333,0.8747651403231053,-17.810084328882645,,Finance,Finance/Rental/Leasing
2026-08-07,WSBF,SUPPLEMENTAL,UNCONFIRMED,ma10_touch_confirm,20.6,1.17,1,unconfirmed_near_buy_point|rs_near_high,13.9534883721,0.6862160634483245,-1.4191106906338735,False,Finance,Finance/Rental/Leasing
2026-08-07,WSM,SUPPLEMENTAL,UNCONFIRMED,pivot,243.84,3.26,2,unconfirmed_near_buy_point|rs_near_high|supply_contraction,4.3243243243,1.03887423621682,-0.4782797739041111,True,Retail Trade,Specialty Stores
2026-08-07,WTTR,ACTIONABLE_BASELINE,ACTIONABLE,ma10_touch_confirm,20.15,0.4,2,weekend_actionable,60.0,1.699843211759959,-10.288248337028827,False,Energy Minerals,Oil & Gas Production
