code,rows,symbol_found_count,symbol_found_rate,complete_1w_count,complete_1w_rate,complete_2w_count,complete_2w_rate,complete_3w_count,complete_3w_rate,complete_4w_count,complete_4w_rate
AA,3,0,0.0,0,0.0,0,0.0,0,0.0,0,0.0
AAL,1,0,0.0,0,0.0,0,0.0,0,0.0,0,0.0
AAMI,2,2,1.0,2,1.0,2,1.0,2,1.0,1,0.5
AAOI,3,0,0.0,0,0.0,0,0.0,0,0.0,0,0.0
AAON,1,1,1.0,1,1.0,1,1.0,1,1.0,1,1.0
AAPL,7,7,1.0,7,1.0,7,1.0,7,1.0,7,1.0
ABBV,3,3,1.0,3,1.0,3,1.0,3,1.0,3,1.0
ABCB,3,3,1.0,3,1.0,3,1.0,3,1.0,3,1.0
ABNB,1,1,1.0,1,1.0,1,1.0,0,0.0,0,0.0
ACA,2,2,1.0,2,1.0,2,1.0,2,1.0,2,1.0
ACHC,3,3,1.0,3,1.0,3,1.0,3,1.0,3,1.0
ACLS,3,3,1.0,3,1.0,3,1.0,3,1.0,3,1.0
ACLX,1,0,0.0,0,0.0,0,0.0,0,0.0,0,0.0
ACMR,1,1,1.0,1,1.0,1,1.0,1,1.0,1,1.0
ACNB,3,3,1.0,3,1.0,3,1.0,3,1.0,3,1.0
ACT,3,3,1.0,3,1.0,3,1.0,2,0.6666666666666666,1,0.3333333333333333
ACU,3,3,1.0,3,1.0,3,1.0,3,1.0,2,0.6666666666666666
AD,4,4,1.0,4,1.0,4,1.0,4,1.0,4,1.0
ADC,3,0,0.0,0,0.0,0,0.0,0,0.0,0,0.0
ADI,2,2,1.0,2,1.0,2,1.0,2,1.0,2,1.0
ADM,2,2,1.0,2,1.0,2,1.0,2,1.0,2,1.0
ADPT,2,2,1.0,2,1.0,2,1.0,1,0.5,1,0.5
AEE,2,2,1.0,2,1.0,2,1.0,2,1.0,2,1.0
AEHR,2,2,1.0,2,1.0,2,1.0,2,1.0,2,1.0
AEIS,4,0,0.0,0,0.0,0,0.0,0,0.0,0,0.0
AEO,2,0,0.0,0,0.0,0,0.0,0,0.0,0,0.0
AEP,2,0,0.0,0,0.0,0,0.0,0,0.0,0,0.0
AFBI,2,0,0.0,0,0.0,0,0.0,0,0.0,0,0.0
AFL,4,0,0.0,0,0.0,0,0.0,0,0.0,0,0.0
AGX,1,1,1.0,1,1.0,1,1.0,1,1.0,1,1.0
AHR,2,2,1.0,2,1.0,2,1.0,2,1.0,2,1.0
AIP,2,2,1.0,2,1.0,2,1.0,2,1.0,2,1.0
AIR,3,3,1.0,3,1.0,3,1.0,2,0.6666666666666666,2,0.6666666666666666
AIRT,1,1,1.0,1,1.0,1,1.0,0,0.0,0,0.0
AIT,6,6,1.0,6,1.0,6,1.0,5,0.8333333333333334,5,0.8333333333333334
AIZ,3,3,1.0,3,1.0,3,1.0,2,0.6666666666666666,2,0.6666666666666666
AKAM,2,0,0.0,0,0.0,0,0.0,0,0.0,0,0.0
AKR,5,5,1.0,5,1.0,5,1.0,5,1.0,5,1.0
AKTS,1,0,0.0,0,0.0,0,0.0,0,0.0,0,0.0
ALAB,1,1,1.0,1,1.0,1,1.0,1,1.0,1,1.0
ALB,1,0,0.0,0,0.0,0,0.0,0,0.0,0,0.0
ALGM,4,0,0.0,0,0.0,0,0.0,0,0.0,0,0.0
ALH,1,1,1.0,1,1.0,1,1.0,0,0.0,0,0.0
ALKS,1,1,1.0,1,1.0,1,1.0,1,1.0,1,1.0
ALL,8,8,1.0,8,1.0,8,1.0,8,1.0,8,1.0
ALM,6,0,0.0,0,0.0,0,0.0,0,0.0,0,0.0
ALNT,4,4,1.0,4,1.0,4,1.0,3,0.75,3,0.75
ALOT,2,2,1.0,1,0.5,1,0.5,1,0.5,0,0.0
ALRS,3,3,1.0,3,1.0,3,1.0,3,1.0,3,1.0
ALSN,1,0,0.0,0,0.0,0,0.0,0,0.0,0,0.0
ALX,2,2,1.0,2,1.0,2,1.0,1,0.5,1,0.5
AMAL,4,4,1.0,4,1.0,4,1.0,4,1.0,4,1.0
AMAT,6,6,1.0,6,1.0,6,1.0,6,1.0,6,1.0
AMBQ,1,1,1.0,1,1.0,1,1.0,1,1.0,1,1.0
AMD,1,1,1.0,1,1.0,1,1.0,1,1.0,1,1.0
AME,1,1,1.0,1,1.0,1,1.0,0,0.0,0,0.0
AMG,3,3,1.0,3,1.0,3,1.0,3,1.0,3,1.0
AMGN,2,2,1.0,2,1.0,2,1.0,1,0.5,1,0.5
AMKR,4,4,1.0,4,1.0,4,1.0,3,0.75,3,0.75
AMLX,2,2,1.0,2,1.0,2,1.0,2,1.0,1,0.5
AMN,4,4,1.0,4,1.0,4,1.0,3,0.75,3,0.75
AMPX,1,0,0.0,0,0.0,0,0.0,0,0.0,0,0.0
AMRX,2,2,1.0,2,1.0,2,1.0,2,1.0,2,1.0
AMTB,2,2,1.0,2,1.0,2,1.0,2,1.0,1,0.5
AMZN,2,2,1.0,2,1.0,2,1.0,2,1.0,2,1.0
ANAB,2,0,0.0,0,0.0,0,0.0,0,0.0,0,0.0
ANDG,2,2,1.0,2,1.0,2,1.0,2,1.0,1,0.5
ANET,4,4,1.0,4,1.0,4,1.0,3,0.75,3,0.75
ANRO,1,1,1.0,1,1.0,1,1.0,1,1.0,1,1.0
AOSL,1,0,0.0,0,0.0,0,0.0,0,0.0,0,0.0
APEI,3,0,0.0,0,0.0,0,0.0,0,0.0,0,0.0
APGE,1,1,1.0,1,1.0,1,1.0,1,1.0,1,1.0
APLD,1,0,0.0,0,0.0,0,0.0,0,0.0,0,0.0
APLE,1,1,1.0,1,1.0,1,1.0,1,1.0,1,1.0
APP,2,0,0.0,0,0.0,0,0.0,0,0.0,0,0.0
ARCB,3,0,0.0,0,0.0,0,0.0,0,0.0,0,0.0
ARGX,1,0,0.0,0,0.0,0,0.0,0,0.0,0,0.0
ARM,3,3,1.0,3,1.0,3,1.0,3,1.0,3,1.0
ARMK,3,3,1.0,3,1.0,3,1.0,3,1.0,3,1.0
AROC,1,1,1.0,1,1.0,1,1.0,1,1.0,1,1.0
AROW,7,7,1.0,7,1.0,7,1.0,7,1.0,7,1.0
ARWR,3,3,1.0,3,1.0,3,1.0,3,1.0,3,1.0
ARXS,1,1,1.0,1,1.0,1,1.0,1,1.0,0,0.0
AS,1,1,1.0,1,1.0,1,1.0,1,1.0,1,1.0
ASB,3,3,1.0,3,1.0,3,1.0,3,1.0,3,1.0
ASH,5,5,1.0,5,1.0,5,1.0,4,0.8,3,0.6
ASIC,1,1,1.0,1,1.0,1,1.0,1,1.0,1,1.0
ASML,6,6,1.0,6,1.0,6,1.0,6,1.0,6,1.0
ASND,1,1,1.0,1,1.0,1,1.0,1,1.0,1,1.0
ASRT,2,0,0.0,0,0.0,0,0.0,0,0.0,0,0.0
ASTC,1,0,0.0,0,0.0,0,0.0,0,0.0,0,0.0
ASTS,4,0,0.0,0,0.0,0,0.0,0,0.0,0,0.0
ASX,2,2,1.0,2,1.0,2,1.0,2,1.0,2,1.0
ASYS,3,3,1.0,3,1.0,3,1.0,3,1.0,3,1.0
ATEX,1,1,1.0,1,1.0,1,1.0,0,0.0,0,0.0
ATI,3,3,1.0,3,1.0,3,1.0,2,0.6666666666666666,2,0.6666666666666666
ATLC,3,3,1.0,3,1.0,3,1.0,3,1.0,2,0.6666666666666666
ATLO,5,5,1.0,5,1.0,5,1.0,4,0.8,4,0.8
ATRO,2,2,1.0,2,1.0,2,1.0,1,0.5,1,0.5
AU,7,0,0.0,0,0.0,0,0.0,0,0.0,0,0.0
AUPH,1,0,0.0,0,0.0,0,0.0,0,0.0,0,0.0
AVA,1,0,0.0,0,0.0,0,0.0,0,0.0,0,0.0
AVBC,2,2,1.0,2,1.0,2,1.0,2,1.0,1,0.5
AVBH,1,1,1.0,1,1.0,1,1.0,1,1.0,1,1.0
AVBP,1,1,1.0,1,1.0,1,1.0,1,1.0,1,1.0
AVGO,3,0,0.0,0,0.0,0,0.0,0,0.0,0,0.0
AVNS,1,0,0.0,0,0.0,0,0.0,0,0.0,0,0.0
AVT,3,3,1.0,3,1.0,3,1.0,2,0.6666666666666666,2,0.6666666666666666
AWR,1,1,1.0,1,1.0,1,1.0,1,1.0,1,1.0
AXGN,4,4,1.0,4,1.0,4,1.0,3,0.75,3,0.75
AXS,1,0,0.0,0,0.0,0,0.0,0,0.0,0,0.0
AXSM,2,0,0.0,0,0.0,0,0.0,0,0.0,0,0.0
AXTI,3,0,0.0,0,0.0,0,0.0,0,0.0,0,0.0
AZN,4,0,0.0,0,0.0,0,0.0,0,0.0,0,0.0
AZZ,3,3,1.0,3,1.0,3,1.0,3,1.0,3,1.0
BAC,1,1,1.0,1,1.0,1,1.0,0,0.0,0,0.0
BAND,2,2,1.0,2,1.0,2,1.0,2,1.0,2,1.0
BAP,2,2,1.0,2,1.0,2,1.0,2,1.0,2,1.0
BATRA,3,3,1.0,3,1.0,3,1.0,3,1.0,3,1.0
BBIO,1,1,1.0,1,1.0,1,1.0,1,1.0,1,1.0
BBT,3,3,1.0,3,1.0,3,1.0,3,1.0,3,1.0
BCAL,1,1,1.0,1,1.0,1,1.0,1,1.0,1,1.0
BCAX,2,2,1.0,2,1.0,2,1.0,2,1.0,2,1.0
BCML,2,0,0.0,0,0.0,0,0.0,0,0.0,0,0.0
BDL,2,2,1.0,2,1.0,2,1.0,1,0.5,1,0.5
BE,2,2,1.0,2,1.0,2,1.0,2,1.0,2,1.0
BELFA,1,1,1.0,1,1.0,1,1.0,1,1.0,1,1.0
BEN,2,2,1.0,2,1.0,2,1.0,2,1.0,2,1.0
BFC,2,2,1.0,2,1.0,2,1.0,2,1.0,1,0.5
BFH,4,4,1.0,4,1.0,4,1.0,4,1.0,3,0.75
BFS,1,0,0.0,0,0.0,0,0.0,0,0.0,0,0.0
BFST,1,1,1.0,1,1.0,1,1.0,1,1.0,1,1.0
BHB,4,4,1.0,4,1.0,4,1.0,4,1.0,3,0.75
BHE,2,2,1.0,2,1.0,2,1.0,2,1.0,2,1.0
BIDU,5,0,0.0,0,0.0,0,0.0,0,0.0,0,0.0
BIIB,1,1,1.0,1,1.0,1,1.0,1,1.0,1,1.0
BILI,1,0,0.0,0,0.0,0,0.0,0,0.0,0,0.0
BIOA,1,0,0.0,0,0.0,0,0.0,0,0.0,0,0.0
BIP,2,0,0.0,0,0.0,0,0.0,0,0.0,0,0.0
BJRI,3,3,1.0,3,1.0,3,1.0,3,1.0,3,1.0
BK,1,0,0.0,0,0.0,0,0.0,0,0.0,0,0.0
BKR,8,0,0.0,0,0.0,0,0.0,0,0.0,0,0.0
BKSY,2,0,0.0,0,0.0,0,0.0,0,0.0,0,0.0
BLBD,2,2,1.0,2,1.0,2,1.0,2,1.0,2,1.0
BLFS,1,1,1.0,1,1.0,1,1.0,1,1.0,1,1.0
BLK,2,0,0.0,0,0.0,0,0.0,0,0.0,0,0.0
BLX,1,1,1.0,1,1.0,1,1.0,1,1.0,1,1.0
BLZE,2,2,1.0,2,1.0,2,1.0,1,0.5,1,0.5
BMRC,1,0,0.0,0,0.0,0,0.0,0,0.0,0,0.0
BMY,3,3,1.0,3,1.0,3,1.0,3,1.0,3,1.0
BNL,4,4,1.0,4,1.0,4,1.0,4,1.0,4,1.0
BNY,2,2,1.0,2,1.0,2,1.0,2,1.0,2,1.0
BOH,2,2,1.0,2,1.0,2,1.0,2,1.0,2,1.0
BOKF,2,2,1.0,2,1.0,2,1.0,1,0.5,1,0.5
BOTJ,2,2,1.0,2,1.0,2,1.0,2,1.0,2,1.0
BPOP,3,3,1.0,3,1.0,3,1.0,3,1.0,2,0.6666666666666666
BPRN,4,4,1.0,4,1.0,4,1.0,4,1.0,3,0.75
BRX,3,3,1.0,3,1.0,3,1.0,3,1.0,3,1.0
BSET,2,0,0.0,0,0.0,0,0.0,0,0.0,0,0.0
BSRR,4,4,1.0,4,1.0,4,1.0,4,1.0,4,1.0
BSVN,2,2,1.0,2,1.0,2,1.0,2,1.0,2,1.0
BTSG,7,7,1.0,7,1.0,7,1.0,7,1.0,7,1.0
BTU,4,0,0.0,0,0.0,0,0.0,0,0.0,0,0.0
BURL,3,0,0.0,0,0.0,0,0.0,0,0.0,0,0.0
BUSE,3,3,1.0,3,1.0,3,1.0,3,1.0,3,1.0
BUUU,4,4,1.0,4,1.0,4,1.0,3,0.75,3,0.75
BVFL,5,5,1.0,5,1.0,5,1.0,5,1.0,5,1.0
BVS,1,1,1.0,1,1.0,1,1.0,0,0.0,0,0.0
BW,1,0,0.0,0,0.0,0,0.0,0,0.0,0,0.0
BWA,1,0,0.0,0,0.0,0,0.0,0,0.0,0,0.0
BWB,1,1,1.0,1,1.0,1,1.0,1,1.0,1,1.0
BWFG,6,6,1.0,6,1.0,6,1.0,6,1.0,5,0.8333333333333334
BY,2,2,1.0,2,1.0,2,1.0,2,1.0,2,1.0
BZH,1,1,1.0,1,1.0,1,1.0,1,1.0,1,1.0
C,6,6,1.0,6,1.0,6,1.0,6,1.0,6,1.0
CAC,4,4,1.0,4,1.0,4,1.0,4,1.0,3,0.75
CAEP,1,0,0.0,0,0.0,0,0.0,0,0.0,0,0.0
CAH,5,0,0.0,0,0.0,0,0.0,0,0.0,0,0.0
CAKE,1,1,1.0,1,1.0,1,1.0,1,1.0,1,1.0
CALY,4,4,1.0,4,1.0,4,1.0,4,1.0,4,1.0
CAMT,2,0,0.0,0,0.0,0,0.0,0,0.0,0,0.0
CAPL,1,1,1.0,1,1.0,1,1.0,1,1.0,1,1.0
CARE,2,2,1.0,2,1.0,2,1.0,2,1.0,2,1.0
CASH,1,0,0.0,0,0.0,0,0.0,0,0.0,0,0.0
CASS,1,1,1.0,1,1.0,1,1.0,1,1.0,1,1.0
CASY,9,0,0.0,0,0.0,0,0.0,0,0.0,0,0.0
CAT,4,4,1.0,4,1.0,4,1.0,4,1.0,4,1.0
CATY,5,5,1.0,5,1.0,5,1.0,4,0.8,4,0.8
CB,2,2,1.0,2,1.0,2,1.0,2,1.0,2,1.0
CBAN,3,3,1.0,3,1.0,3,1.0,2,0.6666666666666666,2,0.6666666666666666
CBFV,2,0,0.0,0,0.0,0,0.0,0,0.0,0,0.0
CBK,2,2,1.0,2,1.0,2,1.0,2,1.0,2,1.0
CBL,3,3,1.0,3,1.0,3,1.0,3,1.0,3,1.0
CBNA,3,3,1.0,3,1.0,3,1.0,3,1.0,2,0.6666666666666666
CBNK,1,1,1.0,1,1.0,1,1.0,1,1.0,0,0.0
CBOE,1,0,0.0,0,0.0,0,0.0,0,0.0,0,0.0
CBU,1,0,0.0,0,0.0,0,0.0,0,0.0,0,0.0
CC,1,0,0.0,0,0.0,0,0.0,0,0.0,0,0.0
CCBG,3,3,1.0,3,1.0,3,1.0,3,1.0,3,1.0
CCK,1,1,1.0,1,1.0,1,1.0,1,1.0,1,1.0
CCNE,3,3,1.0,3,1.0,3,1.0,3,1.0,2,0.6666666666666666
CCSI,1,1,1.0,1,1.0,1,1.0,1,1.0,1,1.0
CCXI,2,0,0.0,0,0.0,0,0.0,0,0.0,0,0.0
CDE,2,0,0.0,0,0.0,0,0.0,0,0.0,0,0.0
CDNA,1,1,1.0,1,1.0,1,1.0,1,1.0,1,1.0
CDNS,1,0,0.0,0,0.0,0,0.0,0,0.0,0,0.0
CDP,4,4,1.0,4,1.0,4,1.0,4,1.0,4,1.0
CE,1,0,0.0,0,0.0,0,0.0,0,0.0,0,0.0
CECO,2,0,0.0,0,0.0,0,0.0,0,0.0,0,0.0
CEG,2,0,0.0,0,0.0,0,0.0,0,0.0,0,0.0
CELC,1,0,0.0,0,0.0,0,0.0,0,0.0,0,0.0
CENX,1,0,0.0,0,0.0,0,0.0,0,0.0,0,0.0
CEVA,1,0,0.0,0,0.0,0,0.0,0,0.0,0,0.0
CF,1,0,0.0,0,0.0,0,0.0,0,0.0,0,0.0
CFFI,1,1,1.0,1,1.0,1,1.0,0,0.0,0,0.0
CFG,1,1,1.0,1,1.0,1,1.0,0,0.0,0,0.0
CFR,2,2,1.0,2,1.0,2,1.0,2,1.0,2,1.0
CGEM,2,2,1.0,2,1.0,2,1.0,1,0.5,1,0.5
CGNX,1,0,0.0,0,0.0,0,0.0,0,0.0,0,0.0
CHCO,2,2,1.0,2,1.0,2,1.0,2,1.0,2,1.0
CHEF,4,4,1.0,4,1.0,4,1.0,4,1.0,3,0.75
CHMG,4,4,1.0,4,1.0,4,1.0,4,1.0,4,1.0
CHRN,2,2,1.0,2,1.0,2,1.0,2,1.0,2,1.0
CHRW,5,0,0.0,0,0.0,0,0.0,0,0.0,0,0.0
CIEN,5,5,1.0,5,1.0,5,1.0,5,1.0,5,1.0
CIFR,1,0,0.0,0,0.0,0,0.0,0,0.0,0,0.0
CINF,1,0,0.0,0,0.0,0,0.0,0,0.0,0,0.0
CIVB,1,1,1.0,1,1.0,1,1.0,1,1.0,0,0.0
CIX,1,1,1.0,1,1.0,1,1.0,0,0.0,0,0.0
CLBK,4,4,1.0,4,1.0,4,1.0,4,1.0,4,1.0
CLDX,4,4,1.0,4,1.0,4,1.0,3,0.75,2,0.5
CLFD,1,0,0.0,0,0.0,0,0.0,0,0.0,0,0.0
CLMT,1,1,1.0,1,1.0,1,1.0,1,1.0,1,1.0
CLST,1,1,1.0,1,1.0,1,1.0,1,1.0,1,1.0
CMC,1,0,0.0,0,0.0,0,0.0,0,0.0,0,0.0
CMI,2,0,0.0,0,0.0,0,0.0,0,0.0,0,0.0
CMP,1,0,0.0,0,0.0,0,0.0,0,0.0,0,0.0
CMPR,1,0,0.0,0,0.0,0,0.0,0,0.0,0,0.0
CNA,1,1,1.0,1,1.0,1,1.0,1,1.0,1,1.0
CNC,2,0,0.0,0,0.0,0,0.0,0,0.0,0,0.0
CNK,1,1,1.0,1,1.0,1,1.0,1,1.0,0,0.0
CNO,2,2,1.0,2,1.0,2,1.0,2,1.0,2,1.0
CNOB,4,4,1.0,4,1.0,4,1.0,4,1.0,4,1.0
CNP,1,0,0.0,0,0.0,0,0.0,0,0.0,0,0.0
CNS,2,2,1.0,2,1.0,2,1.0,2,1.0,2,1.0
CNXN,2,2,1.0,2,1.0,2,1.0,2,1.0,2,1.0
COAG,1,1,1.0,1,1.0,1,1.0,1,1.0,1,1.0
COCO,3,3,1.0,3,1.0,3,1.0,3,1.0,3,1.0
COE,1,0,0.0,0,0.0,0,0.0,0,0.0,0,0.0
COF,3,0,0.0,0,0.0,0,0.0,0,0.0,0,0.0
COHR,5,5,1.0,5,1.0,5,1.0,5,1.0,5,1.0
COHU,3,3,1.0,3,1.0,3,1.0,3,1.0,3,1.0
COLL,2,0,0.0,0,0.0,0,0.0,0,0.0,0,0.0
CON,4,4,1.0,4,1.0,4,1.0,3,0.75,3,0.75
CORZ,3,0,0.0,0,0.0,0,0.0,0,0.0,0,0.0
COSO,2,2,1.0,2,1.0,2,1.0,1,0.5,1,0.5
CPAY,1,1,1.0,1,1.0,1,1.0,0,0.0,0,0.0
CPBI,3,3,1.0,3,1.0,3,1.0,2,0.6666666666666666,2,0.6666666666666666
CPF,5,5,1.0,5,1.0,5,1.0,5,1.0,5,1.0
CPNG,1,0,0.0,0,0.0,0,0.0,0,0.0,0,0.0
CR,2,2,1.0,2,1.0,2,1.0,2,1.0,2,1.0
CRDO,5,5,1.0,5,1.0,5,1.0,5,1.0,5,1.0
CRL,2,2,1.0,2,1.0,2,1.0,1,0.5,1,0.5
CRNX,2,2,1.0,2,1.0,2,1.0,1,0.5,1,0.5
CRS,1,1,1.0,1,1.0,1,1.0,1,1.0,1,1.0
CRUS,1,0,0.0,0,0.0,0,0.0,0,0.0,0,0.0
CRWD,2,2,1.0,2,1.0,2,1.0,2,1.0,2,1.0
CSTM,2,2,1.0,2,1.0,2,1.0,2,1.0,2,1.0
CSV,1,0,0.0,0,0.0,0,0.0,0,0.0,0,0.0
CSWC,2,2,1.0,2,1.0,2,1.0,1,0.5,1,0.5
CSX,5,5,1.0,5,1.0,5,1.0,5,1.0,5,1.0
CTBI,4,4,1.0,4,1.0,4,1.0,4,1.0,4,1.0
CTO,3,3,1.0,3,1.0,3,1.0,3,1.0,3,1.0
CTRE,2,0,0.0,0,0.0,0,0.0,0,0.0,0,0.0
CTRI,1,0,0.0,0,0.0,0,0.0,0,0.0,0,0.0
CTRN,4,4,1.0,4,1.0,4,1.0,4,1.0,3,0.75
CTS,3,0,0.0,0,0.0,0,0.0,0,0.0,0,0.0
CUBE,1,0,0.0,0,0.0,0,0.0,0,0.0,0,0.0
CUBI,2,0,0.0,0,0.0,0,0.0,0,0.0,0,0.0
CURB,2,2,1.0,2,1.0,2,1.0,2,1.0,2,1.0
CVEO,3,3,1.0,3,1.0,3,1.0,3,1.0,3,1.0
CVGW,1,0,0.0,0,0.0,0,0.0,0,0.0,0,0.0
CVLG,3,3,1.0,3,1.0,3,1.0,3,1.0,3,1.0
CVNA,3,0,0.0,0,0.0,0,0.0,0,0.0,0,0.0
CVS,4,4,1.0,4,1.0,4,1.0,4,1.0,4,1.0
CW,3,3,1.0,3,1.0,3,1.0,3,1.0,3,1.0
CWBC,2,0,0.0,0,0.0,0,0.0,0,0.0,0,0.0
CXW,1,1,1.0,1,1.0,1,1.0,1,1.0,1,1.0
CYD,1,0,0.0,0,0.0,0,0.0,0,0.0,0,0.0
CYTK,2,2,1.0,2,1.0,2,1.0,2,1.0,2,1.0
CZFS,4,4,1.0,4,1.0,4,1.0,4,1.0,3,0.75
CZNC,2,2,1.0,2,1.0,2,1.0,2,1.0,1,0.5
CZWI,3,3,1.0,3,1.0,3,1.0,3,1.0,3,1.0
D,3,3,1.0,3,1.0,3,1.0,3,1.0,3,1.0
DAC,2,2,1.0,2,1.0,2,1.0,2,1.0,1,0.5
DAL,4,4,1.0,4,1.0,4,1.0,3,0.75,3,0.75
DAN,1,0,0.0,0,0.0,0,0.0,0,0.0,0,0.0
DASH,1,0,0.0,0,0.0,0,0.0,0,0.0,0,0.0
DAVE,2,2,1.0,2,1.0,2,1.0,2,1.0,2,1.0
DBD,3,0,0.0,0,0.0,0,0.0,0,0.0,0,0.0
DBX,1,1,1.0,1,1.0,1,1.0,0,0.0,0,0.0
DCO,3,3,1.0,3,1.0,3,1.0,2,0.6666666666666666,2,0.6666666666666666
DCOM,5,5,1.0,5,1.0,5,1.0,5,1.0,4,0.8
DDOG,1,1,1.0,1,1.0,1,1.0,1,1.0,1,1.0
DELL,4,4,1.0,4,1.0,4,1.0,3,0.75,3,0.75
DFTX,1,1,1.0,1,1.0,1,1.0,1,1.0,1,1.0
DG,3,0,0.0,0,0.0,0,0.0,0,0.0,0,0.0
DGII,3,3,1.0,3,1.0,3,1.0,2,0.6666666666666666,2,0.6666666666666666
DGX,3,3,1.0,3,1.0,3,1.0,2,0.6666666666666666,2,0.6666666666666666
DHIL,1,0,0.0,0,0.0,0,0.0,0,0.0,0,0.0
DINO,5,5,1.0,5,1.0,5,1.0,5,1.0,5,1.0
DIOD,3,3,1.0,3,1.0,3,1.0,2,0.6666666666666666,2,0.6666666666666666
DK,1,1,1.0,1,1.0,1,1.0,1,1.0,1,1.0
DKL,1,1,1.0,1,1.0,1,1.0,1,1.0,1,1.0
DLX,1,0,0.0,0,0.0,0,0.0,0,0.0,0,0.0
DNLI,1,1,1.0,1,1.0,1,1.0,1,1.0,1,1.0
DNTH,3,3,1.0,3,1.0,3,1.0,3,1.0,3,1.0
DOC,3,3,1.0,3,1.0,3,1.0,3,1.0,3,1.0
DOCN,4,4,1.0,4,1.0,4,1.0,4,1.0,4,1.0
DTM,3,3,1.0,3,1.0,3,1.0,3,1.0,3,1.0
DVA,3,0,0.0,0,0.0,0,0.0,0,0.0,0,0.0
DXPE,3,3,1.0,3,1.0,3,1.0,2,0.6666666666666666,2,0.6666666666666666
DY,2,0,0.0,0,0.0,0,0.0,0,0.0,0,0.0
EA,5,0,0.0,0,0.0,0,0.0,0,0.0,0,0.0
EAT,1,1,1.0,1,1.0,1,1.0,1,1.0,0,0.0
EBAY,5,5,1.0,5,1.0,5,1.0,5,1.0,5,1.0
EBMT,1,0,0.0,0,0.0,0,0.0,0,0.0,0,0.0
ECBK,2,2,1.0,2,1.0,2,1.0,2,1.0,1,0.5
ECG,1,0,0.0,0,0.0,0,0.0,0,0.0,0,0.0
ECO,6,6,1.0,6,1.0,6,1.0,6,1.0,6,1.0
ECPG,2,2,1.0,2,1.0,2,1.0,2,1.0,1,0.5
EDRY,2,2,1.0,2,1.0,2,1.0,1,0.5,1,0.5
EFSC,2,2,1.0,2,1.0,2,1.0,2,1.0,2,1.0
EFSI,1,1,1.0,1,1.0,1,1.0,1,1.0,1,1.0
EG,2,2,1.0,2,1.0,2,1.0,2,1.0,2,1.0
EGBN,1,0,0.0,0,0.0,0,0.0,0,0.0,0,0.0
EGP,4,4,1.0,4,1.0,4,1.0,4,1.0,4,1.0
EIG,2,2,1.0,2,1.0,2,1.0,2,1.0,2,1.0
EIX,1,0,0.0,0,0.0,0,0.0,0,0.0,0,0.0
ELA,3,0,0.0,0,0.0,0,0.0,0,0.0,0,0.0
ELMD,4,4,1.0,4,1.0,4,1.0,3,0.75,3,0.75
ELVN,2,2,1.0,2,1.0,2,1.0,2,1.0,2,1.0
ENLT,2,0,0.0,0,0.0,0,0.0,0,0.0,0,0.0
ENPH,1,0,0.0,0,0.0,0,0.0,0,0.0,0,0.0
ENTG,2,0,0.0,0,0.0,0,0.0,0,0.0,0,0.0
ENVA,2,2,1.0,2,1.0,2,1.0,2,1.0,1,0.5
EPR,2,0,0.0,0,0.0,0,0.0,0,0.0,0,0.0
EQBK,2,2,1.0,2,1.0,2,1.0,2,1.0,2,1.0
EQIX,4,0,0.0,0,0.0,0,0.0,0,0.0,0,0.0
ERAS,2,0,0.0,0,0.0,0,0.0,0,0.0,0,0.0
ESCA,2,2,1.0,2,1.0,2,1.0,1,0.5,1,0.5
ESE,2,2,1.0,2,1.0,2,1.0,2,1.0,2,1.0
ESEA,5,5,1.0,5,1.0,5,1.0,5,1.0,4,0.8
ESI,2,2,1.0,2,1.0,2,1.0,2,1.0,2,1.0
ESNT,1,1,1.0,1,1.0,1,1.0,0,0.0,0,0.0
ESOA,1,0,0.0,0,0.0,0,0.0,0,0.0,0,0.0
ESP,2,0,0.0,0,0.0,0,0.0,0,0.0,0,0.0
ESQ,2,0,0.0,0,0.0,0,0.0,0,0.0,0,0.0
ESTA,1,0,0.0,0,0.0,0,0.0,0,0.0,0,0.0
ET,1,1,1.0,1,1.0,1,1.0,1,1.0,1,1.0
ETN,2,0,0.0,0,0.0,0,0.0,0,0.0,0,0.0
ETON,5,5,1.0,5,1.0,5,1.0,5,1.0,4,0.8
ETR,1,0,0.0,0,0.0,0,0.0,0,0.0,0,0.0
EVRG,1,1,1.0,1,1.0,1,1.0,1,1.0,1,1.0
EWBC,5,5,1.0,5,1.0,5,1.0,5,1.0,5,1.0
EWTX,1,1,1.0,1,1.0,1,1.0,1,1.0,1,1.0
EXEL,2,2,1.0,2,1.0,2,1.0,2,1.0,2,1.0
EXPD,3,3,1.0,3,1.0,3,1.0,2,0.6666666666666666,2,0.6666666666666666
EXPE,7,7,1.0,7,1.0,7,1.0,6,0.8571428571428571,6,0.8571428571428571
EZPW,2,2,1.0,2,1.0,2,1.0,2,1.0,2,1.0
FA,2,2,1.0,2,1.0,2,1.0,1,0.5,1,0.5
FAC,1,0,0.0,0,0.0,0,0.0,0,0.0,0,0.0
FAF,2,2,1.0,2,1.0,2,1.0,2,1.0,2,1.0
FANG,2,2,1.0,2,1.0,2,1.0,2,1.0,2,1.0
FAST,1,1,1.0,1,1.0,1,1.0,0,0.0,0,0.0
FBIZ,3,3,1.0,3,1.0,3,1.0,3,1.0,3,1.0
FBLA,2,2,1.0,2,1.0,2,1.0,1,0.5,1,0.5
FBNC,4,4,1.0,4,1.0,4,1.0,3,0.75,3,0.75
FBP,4,4,1.0,4,1.0,4,1.0,4,1.0,4,1.0
FBRX,1,1,1.0,0,0.0,0,0.0,0,0.0,0,0.0
FCBC,3,3,1.0,3,1.0,3,1.0,3,1.0,3,1.0
FCCO,4,4,1.0,4,1.0,4,1.0,4,1.0,3,0.75
FCEL,2,2,1.0,2,1.0,2,1.0,2,1.0,2,1.0
FCF,3,3,1.0,3,1.0,3,1.0,3,1.0,3,1.0
FCFS,1,0,0.0,0,0.0,0,0.0,0,0.0,0,0.0
FCX,6,6,1.0,6,1.0,6,1.0,6,1.0,6,1.0
FDSB,2,2,1.0,2,1.0,2,1.0,2,1.0,2,1.0
FDX,4,0,0.0,0,0.0,0,0.0,0,0.0,0,0.0
FE,6,0,0.0,0,0.0,0,0.0,0,0.0,0,0.0
FEIM,7,0,0.0,0,0.0,0,0.0,0,0.0,0,0.0
FET,1,1,1.0,1,1.0,1,1.0,0,0.0,0,0.0
FFBC,1,1,1.0,1,1.0,1,1.0,1,1.0,1,1.0
FFIV,3,3,1.0,3,1.0,3,1.0,3,1.0,3,1.0
FHI,2,2,1.0,2,1.0,2,1.0,1,0.5,1,0.5
FIGS,4,4,1.0,4,1.0,4,1.0,4,1.0,4,1.0
FISI,5,5,1.0,5,1.0,5,1.0,5,1.0,4,0.8
FLEX,2,0,0.0,0,0.0,0,0.0,0,0.0,0,0.0
FLXS,3,3,1.0,3,1.0,3,1.0,2,0.6666666666666666,2,0.6666666666666666
FLYW,2,2,1.0,2,1.0,2,1.0,2,1.0,2,1.0
FMBH,3,3,1.0,3,1.0,3,1.0,3,1.0,3,1.0
FN,5,0,0.0,0,0.0,0,0.0,0,0.0,0,0.0
FNLC,3,3,1.0,3,1.0,3,1.0,2,0.6666666666666666,2,0.6666666666666666
FNRN,1,1,1.0,1,1.0,1,1.0,1,1.0,1,1.0
FORM,2,2,1.0,2,1.0,2,1.0,2,1.0,2,1.0
FPS,1,1,1.0,1,1.0,1,1.0,1,1.0,1,1.0
FR,3,0,0.0,0,0.0,0,0.0,0,0.0,0,0.0
FRAF,4,4,1.0,4,1.0,4,1.0,4,1.0,4,1.0
FRBA,1,1,1.0,1,1.0,1,1.0,1,1.0,0,0.0
FRD,1,1,1.0,1,1.0,1,1.0,0,0.0,0,0.0
FRME,2,0,0.0,0,0.0,0,0.0,0,0.0,0,0.0
FRO,6,6,1.0,6,1.0,6,1.0,6,1.0,6,1.0
FROG,2,2,1.0,2,1.0,2,1.0,1,0.5,1,0.5
FRST,3,3,1.0,3,1.0,3,1.0,2,0.6666666666666666,2,0.6666666666666666
FRT,1,1,1.0,1,1.0,1,1.0,1,1.0,1,1.0
FSBC,2,2,1.0,2,1.0,2,1.0,2,1.0,2,1.0
FSEA,3,3,1.0,3,1.0,3,1.0,3,1.0,2,0.6666666666666666
FSTR,2,2,1.0,2,1.0,2,1.0,2,1.0,2,1.0
FTAI,3,0,0.0,0,0.0,0,0.0,0,0.0,0,0.0
FTDR,2,2,1.0,2,1.0,2,1.0,1,0.5,1,0.5
FTH,1,0,0.0,0,0.0,0,0.0,0,0.0,0,0.0
FTK,3,3,1.0,3,1.0,3,1.0,2,0.6666666666666666,2,0.6666666666666666
FTNT,3,3,1.0,3,1.0,3,1.0,3,1.0,3,1.0
FULT,3,3,1.0,3,1.0,3,1.0,3,1.0,3,1.0
FUNC,1,1,1.0,1,1.0,1,1.0,1,1.0,1,1.0
FUSB,2,2,1.0,2,1.0,2,1.0,2,1.0,2,1.0
FUTU,1,0,0.0,0,0.0,0,0.0,0,0.0,0,0.0
FVCB,2,2,1.0,2,1.0,2,1.0,2,1.0,2,1.0
FVR,3,3,1.0,3,1.0,3,1.0,3,1.0,3,1.0
FXNC,5,5,1.0,5,1.0,5,1.0,5,1.0,4,0.8
GABC,4,4,1.0,4,1.0,4,1.0,4,1.0,3,0.75
GAIN,1,0,0.0,0,0.0,0,0.0,0,0.0,0,0.0
GATX,1,0,0.0,0,0.0,0,0.0,0,0.0,0,0.0
GCT,1,0,0.0,0,0.0,0,0.0,0,0.0,0,0.0
GD,1,1,1.0,1,1.0,1,1.0,0,0.0,0,0.0
GE,2,2,1.0,2,1.0,2,1.0,1,0.5,1,0.5
GEF,3,3,1.0,3,1.0,3,1.0,3,1.0,3,1.0
GEV,5,0,0.0,0,0.0,0,0.0,0,0.0,0,0.0
GFF,1,1,1.0,1,1.0,1,1.0,0,0.0,0,0.0
GFS,1,1,1.0,1,1.0,1,1.0,1,1.0,1,1.0
GH,8,8,1.0,8,1.0,8,1.0,8,1.0,7,0.875
GHM,3,3,1.0,3,1.0,3,1.0,3,1.0,3,1.0
GHRS,1,1,1.0,1,1.0,1,1.0,1,1.0,1,1.0
GIII,1,1,1.0,1,1.0,1,1.0,1,1.0,0,0.0
GKOS,1,1,1.0,1,1.0,1,1.0,1,1.0,0,0.0
GL,6,6,1.0,6,1.0,6,1.0,6,1.0,6,1.0
GLW,4,4,1.0,4,1.0,4,1.0,4,1.0,4,1.0
GMED,2,0,0.0,0,0.0,0,0.0,0,0.0,0,0.0
GNRC,5,0,0.0,0,0.0,0,0.0,0,0.0,0,0.0
GOLF,1,0,0.0,0,0.0,0,0.0,0,0.0,0,0.0
GOOG,5,5,1.0,5,1.0,5,1.0,5,1.0,5,1.0
GPRE,3,3,1.0,3,1.0,3,1.0,3,1.0,3,1.0
GRC,1,1,1.0,1,1.0,1,1.0,1,1.0,1,1.0
GRDN,2,2,1.0,2,1.0,2,1.0,2,1.0,2,1.0
GRMN,3,3,1.0,3,1.0,3,1.0,2,0.6666666666666666,1,0.3333333333333333
GS,1,1,1.0,1,1.0,1,1.0,1,1.0,1,1.0
GSAT,2,0,0.0,0,0.0,0,0.0,0,0.0,0,0.0
GSBC,1,1,1.0,1,1.0,1,1.0,1,1.0,1,1.0
GSK,6,0,0.0,0,0.0,0,0.0,0,0.0,0,0.0
GSL,1,1,1.0,1,1.0,1,1.0,1,1.0,1,1.0
GTX,3,3,1.0,3,1.0,3,1.0,3,1.0,3,1.0
GTY,1,0,0.0,0,0.0,0,0.0,0,0.0,0,0.0
GVA,2,0,0.0,0,0.0,0,0.0,0,0.0,0,0.0
GWW,3,3,1.0,3,1.0,3,1.0,3,1.0,3,1.0
H,1,1,1.0,1,1.0,1,1.0,1,1.0,1,1.0
HAFC,1,1,1.0,1,1.0,1,1.0,1,1.0,1,1.0
HAL,1,0,0.0,0,0.0,0,0.0,0,0.0,0,0.0
HALO,1,1,1.0,1,1.0,1,1.0,1,1.0,1,1.0
HBB,1,1,1.0,1,1.0,1,1.0,0,0.0,0,0.0
HBCP,4,4,1.0,4,1.0,4,1.0,3,0.75,3,0.75
HBNC,4,4,1.0,4,1.0,4,1.0,4,1.0,3,0.75
HBT,1,1,1.0,1,1.0,1,1.0,1,1.0,1,1.0
HCSG,5,0,0.0,0,0.0,0,0.0,0,0.0,0,0.0
HEI,5,0,0.0,0,0.0,0,0.0,0,0.0,0,0.0
HFBL,2,2,1.0,2,1.0,2,1.0,2,1.0,2,1.0
HFWA,4,4,1.0,4,1.0,4,1.0,4,1.0,4,1.0
HG,4,4,1.0,4,1.0,4,1.0,4,1.0,4,1.0
HGV,1,0,0.0,0,0.0,0,0.0,0,0.0,0,0.0
HIW,1,1,1.0,1,1.0,1,1.0,1,1.0,1,1.0
HLIO,3,3,1.0,3,1.0,3,1.0,3,1.0,3,1.0
HLT,8,8,1.0,8,1.0,8,1.0,8,1.0,8,1.0
HMN,1,1,1.0,1,1.0,1,1.0,1,1.0,1,1.0
HNGE,2,2,1.0,2,1.0,2,1.0,1,0.5,1,0.5
HNVR,1,1,1.0,1,1.0,1,1.0,0,0.0,0,0.0
HON,3,0,0.0,0,0.0,0,0.0,0,0.0,0,0.0
HOOD,1,0,0.0,0,0.0,0,0.0,0,0.0,0,0.0
HPE,2,2,1.0,2,1.0,2,1.0,1,0.5,1,0.5
HQ,1,0,0.0,0,0.0,0,0.0,0,0.0,0,0.0
HR,4,4,1.0,4,1.0,4,1.0,4,1.0,4,1.0
HST,3,3,1.0,3,1.0,3,1.0,3,1.0,3,1.0
HTB,2,2,1.0,2,1.0,2,1.0,2,1.0,1,0.5
HTO,1,0,0.0,0,0.0,0,0.0,0,0.0,0,0.0
HUT,4,0,0.0,0,0.0,0,0.0,0,0.0,0,0.0
HVT,1,1,1.0,1,1.0,1,1.0,0,0.0,0,0.0
HWBK,4,4,1.0,4,1.0,4,1.0,3,0.75,3,0.75
HWM,9,9,1.0,9,1.0,9,1.0,9,1.0,9,1.0
HXL,3,3,1.0,3,1.0,3,1.0,3,1.0,3,1.0
HZO,2,2,1.0,2,1.0,2,1.0,2,1.0,2,1.0
IBCP,2,2,1.0,2,1.0,2,1.0,2,1.0,1,0.5
IBKR,5,5,1.0,5,1.0,5,1.0,5,1.0,5,1.0
IBM,4,0,0.0,0,0.0,0,0.0,0,0.0,0,0.0
IBOC,2,0,0.0,0,0.0,0,0.0,0,0.0,0,0.0
IBTA,1,1,1.0,1,1.0,1,1.0,0,0.0,0,0.0
ICHR,3,3,1.0,3,1.0,3,1.0,3,1.0,3,1.0
IDA,3,3,1.0,3,1.0,3,1.0,3,1.0,3,1.0
IESC,2,2,1.0,2,1.0,2,1.0,2,1.0,2,1.0
IFS,2,2,1.0,2,1.0,2,1.0,2,1.0,2,1.0
IGIC,3,0,0.0,0,0.0,0,0.0,0,0.0,0,0.0
ILMN,2,2,1.0,2,1.0,2,1.0,2,1.0,2,1.0
IMAX,3,3,1.0,3,1.0,3,1.0,3,1.0,2,0.6666666666666666
INBX,1,0,0.0,0,0.0,0,0.0,0,0.0,0,0.0
INCY,3,3,1.0,3,1.0,3,1.0,2,0.6666666666666666,2,0.6666666666666666
INDV,1,1,1.0,1,1.0,1,1.0,1,1.0,1,1.0
INGM,1,1,1.0,1,1.0,1,1.0,1,1.0,1,1.0
INSW,5,5,1.0,5,1.0,5,1.0,5,1.0,5,1.0
INTC,2,2,1.0,2,1.0,2,1.0,2,1.0,2,1.0
INTG,1,1,1.0,1,1.0,1,1.0,1,1.0,1,1.0
INVA,3,0,0.0,0,0.0,0,0.0,0,0.0,0,0.0
IONQ,1,0,0.0,0,0.0,0,0.0,0,0.0,0,0.0
IOR,2,0,0.0,0,0.0,0,0.0,0,0.0,0,0.0
IOSP,1,1,1.0,1,1.0,1,1.0,0,0.0,0,0.0
IRM,6,0,0.0,0,0.0,0,0.0,0,0.0,0,0.0
ITIC,1,1,1.0,1,1.0,1,1.0,1,1.0,1,1.0
ITRN,1,0,0.0,0,0.0,0,0.0,0,0.0,0,0.0
ITT,1,0,0.0,0,0.0,0,0.0,0,0.0,0,0.0
IVT,6,6,1.0,6,1.0,6,1.0,6,1.0,6,1.0
IVZ,1,1,1.0,1,1.0,1,1.0,0,0.0,0,0.0
JAZZ,5,5,1.0,5,1.0,5,1.0,5,1.0,5,1.0
JBHT,3,3,1.0,3,1.0,3,1.0,3,1.0,3,1.0
JBL,1,0,0.0,0,0.0,0,0.0,0,0.0,0,0.0
JCI,2,2,1.0,2,1.0,2,1.0,1,0.5,1,0.5
JHX,1,1,1.0,1,1.0,1,1.0,0,0.0,0,0.0
JLHL,2,0,0.0,0,0.0,0,0.0,0,0.0,0,0.0
JMSB,3,3,1.0,3,1.0,3,1.0,3,1.0,3,1.0
JNJ,6,6,1.0,6,1.0,6,1.0,6,1.0,6,1.0
JOBY,1,0,0.0,0,0.0,0,0.0,0,0.0,0,0.0
JPM,5,5,1.0,5,1.0,5,1.0,5,1.0,5,1.0
JXN,2,2,1.0,2,1.0,2,1.0,1,0.5,1,0.5
KALU,3,3,1.0,3,1.0,3,1.0,2,0.6666666666666666,2,0.6666666666666666
KALV,1,0,0.0,0,0.0,0,0.0,0,0.0,0,0.0
KARO,1,1,1.0,1,1.0,1,1.0,1,1.0,1,1.0
KELYA,1,1,1.0,1,1.0,1,1.0,1,1.0,1,1.0
KEN,1,0,0.0,0,0.0,0,0.0,0,0.0,0,0.0
KEYS,3,3,1.0,3,1.0,3,1.0,2,0.6666666666666666,2,0.6666666666666666
KFRC,1,1,1.0,1,1.0,1,1.0,1,1.0,1,1.0
KFY,1,1,1.0,1,1.0,1,1.0,1,1.0,1,1.0
KGS,1,1,1.0,1,1.0,1,1.0,1,1.0,1,1.0
KIM,2,2,1.0,2,1.0,2,1.0,2,1.0,2,1.0
KLAC,4,4,1.0,4,1.0,4,1.0,4,1.0,4,1.0
KLIC,2,2,1.0,2,1.0,2,1.0,2,1.0,2,1.0
KNSA,5,5,1.0,5,1.0,5,1.0,5,1.0,4,0.8
KNX,1,0,0.0,0,0.0,0,0.0,0,0.0,0,0.0
KO,7,7,1.0,7,1.0,7,1.0,7,1.0,6,0.8571428571428571
KR,1,0,0.0,0,0.0,0,0.0,0,0.0,0,0.0
KRG,5,5,1.0,5,1.0,5,1.0,5,1.0,5,1.0
KRP,3,3,1.0,3,1.0,3,1.0,3,1.0,3,1.0
KRT,1,1,1.0,1,1.0,1,1.0,1,1.0,1,1.0
KRYS,3,3,1.0,3,1.0,3,1.0,3,1.0,3,1.0
KYIV,1,0,0.0,0,0.0,0,0.0,0,0.0,0,0.0
KYMR,1,1,1.0,1,1.0,1,1.0,1,1.0,1,1.0
LAMR,4,4,1.0,4,1.0,4,1.0,4,1.0,4,1.0
LARK,2,2,1.0,2,1.0,2,1.0,2,1.0,2,1.0
LASR,2,0,0.0,0,0.0,0,0.0,0,0.0,0,0.0
LAUR,1,1,1.0,1,1.0,1,1.0,1,1.0,1,1.0
LBRT,1,0,0.0,0,0.0,0,0.0,0,0.0,0,0.0
LBRX,2,2,1.0,2,1.0,2,1.0,2,1.0,2,1.0
LCNB,2,2,1.0,2,1.0,2,1.0,2,1.0,2,1.0
LDOS,1,0,0.0,0,0.0,0,0.0,0,0.0,0,0.0
LEA,1,0,0.0,0,0.0,0,0.0,0,0.0,0,0.0
LGND,4,4,1.0,4,1.0,4,1.0,4,1.0,4,1.0
LH,5,5,1.0,5,1.0,5,1.0,5,1.0,4,0.8
LIFE,1,1,1.0,1,1.0,1,1.0,1,1.0,1,1.0
LIN,5,5,1.0,5,1.0,5,1.0,4,0.8,4,0.8
LINC,3,3,1.0,3,1.0,3,1.0,3,1.0,3,1.0
LIND,5,5,1.0,5,1.0,5,1.0,4,0.8,4,0.8
LION,1,0,0.0,0,0.0,0,0.0,0,0.0,0,0.0
LITE,2,0,0.0,0,0.0,0,0.0,0,0.0,0,0.0
LIVN,3,3,1.0,3,1.0,3,1.0,3,1.0,3,1.0
LKNCY,1,0,0.0,0,0.0,0,0.0,0,0.0,0,0.0
LLY,4,4,1.0,4,1.0,4,1.0,4,1.0,4,1.0
LLYVA,1,1,1.0,1,1.0,1,1.0,1,1.0,1,1.0
LMND,2,0,0.0,0,0.0,0,0.0,0,0.0,0,0.0
LMT,2,2,1.0,2,1.0,2,1.0,2,1.0,2,1.0
LNT,2,0,0.0,0,0.0,0,0.0,0,0.0,0,0.0
LOB,2,0,0.0,0,0.0,0,0.0,0,0.0,0,0.0
LOCO,1,1,1.0,1,1.0,1,1.0,1,1.0,1,1.0
LPG,4,4,1.0,4,1.0,4,1.0,4,1.0,3,0.75
LPTH,2,0,0.0,0,0.0,0,0.0,0,0.0,0,0.0
LQDA,4,4,1.0,4,1.0,4,1.0,4,1.0,4,1.0
LQDT,3,3,1.0,3,1.0,3,1.0,2,0.6666666666666666,2,0.6666666666666666
LRCX,2,2,1.0,2,1.0,2,1.0,2,1.0,2,1.0
LSBK,1,1,1.0,1,1.0,1,1.0,1,1.0,1,1.0
LSCC,8,8,1.0,8,1.0,8,1.0,8,1.0,8,1.0
LSTR,1,0,0.0,0,0.0,0,0.0,0,0.0,0,0.0
LTC,1,1,1.0,1,1.0,1,1.0,1,1.0,1,1.0
LTH,2,2,1.0,2,1.0,2,1.0,2,1.0,1,0.5
LXFR,1,1,1.0,1,1.0,1,1.0,1,1.0,1,1.0
LYFT,4,0,0.0,0,0.0,0,0.0,0,0.0,0,0.0
LYTS,2,0,0.0,0,0.0,0,0.0,0,0.0,0,0.0
LYV,2,2,1.0,2,1.0,2,1.0,1,0.5,1,0.5
M,1,0,0.0,0,0.0,0,0.0,0,0.0,0,0.0
MAC,3,3,1.0,3,1.0,3,1.0,3,1.0,3,1.0
MAMA,1,0,0.0,0,0.0,0,0.0,0,0.0,0,0.0
MANE,1,0,0.0,0,0.0,0,0.0,0,0.0,0,0.0
MANU,4,4,1.0,4,1.0,4,1.0,4,1.0,3,0.75
MAR,3,0,0.0,0,0.0,0,0.0,0,0.0,0,0.0
MAS,1,0,0.0,0,0.0,0,0.0,0,0.0,0,0.0
MATX,4,4,1.0,4,1.0,4,1.0,4,1.0,4,1.0
MBIN,1,1,1.0,1,1.0,1,1.0,1,1.0,0,0.0
MBWM,4,4,1.0,4,1.0,4,1.0,3,0.75,2,0.5
MBX,1,1,1.0,1,1.0,1,1.0,1,1.0,1,1.0
MCB,1,0,0.0,0,0.0,0,0.0,0,0.0,0,0.0
MCBS,2,2,1.0,2,1.0,2,1.0,2,1.0,2,1.0
MCFT,1,0,0.0,0,0.0,0,0.0,0,0.0,0,0.0
MCHB,1,1,1.0,1,1.0,1,1.0,1,1.0,0,0.0
MCHP,2,0,0.0,0,0.0,0,0.0,0,0.0,0,0.0
MCRI,3,3,1.0,3,1.0,3,1.0,3,1.0,3,1.0
MCS,2,2,1.0,2,1.0,2,1.0,2,1.0,1,0.5
MCY,3,3,1.0,3,1.0,3,1.0,3,1.0,3,1.0
MD,2,2,1.0,2,1.0,2,1.0,1,0.5,1,0.5
MDT,4,0,0.0,0,0.0,0,0.0,0,0.0,0,0.0
MDU,1,0,0.0,0,0.0,0,0.0,0,0.0,0,0.0
MDV,2,0,0.0,0,0.0,0,0.0,0,0.0,0,0.0
MEC,3,0,0.0,0,0.0,0,0.0,0,0.0,0,0.0
MET,3,3,1.0,3,1.0,3,1.0,2,0.6666666666666666,2,0.6666666666666666
MIRM,2,0,0.0,0,0.0,0,0.0,0,0.0,0,0.0
MITK,4,4,1.0,4,1.0,4,1.0,4,1.0,4,1.0
MKSI,5,5,1.0,5,1.0,5,1.0,5,1.0,5,1.0
MLI,1,0,0.0,0,0.0,0,0.0,0,0.0,0,0.0
MMM,3,3,1.0,3,1.0,3,1.0,3,1.0,2,0.6666666666666666
MNPR,3,3,1.0,3,1.0,3,1.0,2,0.6666666666666666,2,0.6666666666666666
MNSB,1,1,1.0,1,1.0,1,1.0,1,1.0,1,1.0
MNST,6,0,0.0,0,0.0,0,0.0,0,0.0,0,0.0
MO,4,4,1.0,4,1.0,4,1.0,4,1.0,4,1.0
MOD,4,4,1.0,4,1.0,4,1.0,4,1.0,4,1.0
MOG-A,2,2,1.0,2,1.0,2,1.0,2,1.0,2,1.0
MOV,4,4,1.0,4,1.0,4,1.0,4,1.0,4,1.0
MP,1,0,0.0,0,0.0,0,0.0,0,0.0,0,0.0
MPB,2,2,1.0,2,1.0,2,1.0,2,1.0,1,0.5
MPC,8,8,1.0,8,1.0,8,1.0,8,1.0,8,1.0
MPLT,2,0,0.0,0,0.0,0,0.0,0,0.0,0,0.0
MPTI,3,0,0.0,0,0.0,0,0.0,0,0.0,0,0.0
MRAM,1,0,0.0,0,0.0,0,0.0,0,0.0,0,0.0
MRCY,2,0,0.0,0,0.0,0,0.0,0,0.0,0,0.0
MRK,1,1,1.0,1,1.0,1,1.0,1,1.0,1,1.0
MRNA,4,4,1.0,4,1.0,4,1.0,4,1.0,4,1.0
MRVL,2,2,1.0,2,1.0,2,1.0,2,1.0,2,1.0
MRX,5,5,1.0,5,1.0,5,1.0,5,1.0,5,1.0
MS,5,5,1.0,5,1.0,5,1.0,5,1.0,5,1.0
MSBI,6,6,1.0,6,1.0,6,1.0,6,1.0,5,0.8333333333333334
MSCI,1,0,0.0,0,0.0,0,0.0,0,0.0,0,0.0
MSGE,3,3,1.0,3,1.0,3,1.0,3,1.0,3,1.0
MSGS,6,6,1.0,6,1.0,6,1.0,6,1.0,6,1.0
MSM,1,1,1.0,1,1.0,1,1.0,1,1.0,1,1.0
MTB,3,3,1.0,3,1.0,3,1.0,3,1.0,3,1.0
MTRN,1,1,1.0,1,1.0,1,1.0,0,0.0,0,0.0
MTSI,1,1,1.0,1,1.0,1,1.0,1,1.0,1,1.0
MTSR,1,0,0.0,0,0.0,0,0.0,0,0.0,0,0.0
MTUS,1,0,0.0,0,0.0,0,0.0,0,0.0,0,0.0
MTX,3,0,0.0,0,0.0,0,0.0,0,0.0,0,0.0
MTZ,2,0,0.0,0,0.0,0,0.0,0,0.0,0,0.0
MU,3,3,1.0,3,1.0,3,1.0,3,1.0,3,1.0
MUSA,4,0,0.0,0,0.0,0,0.0,0,0.0,0,0.0
MVBF,2,2,1.0,2,1.0,2,1.0,2,1.0,1,0.5
MXL,1,0,0.0,0,0.0,0,0.0,0,0.0,0,0.0
MYE,4,4,1.0,4,1.0,4,1.0,4,1.0,3,0.75
MYFW,3,3,1.0,3,1.0,3,1.0,3,1.0,3,1.0
MYRG,1,1,1.0,1,1.0,1,1.0,1,1.0,1,1.0
NATL,3,0,0.0,0,0.0,0,0.0,0,0.0,0,0.0
NAVN,1,1,1.0,1,1.0,1,1.0,0,0.0,0,0.0
NBBK,1,0,0.0,0,0.0,0,0.0,0,0.0,0,0.0
NBIS,5,5,1.0,5,1.0,5,1.0,5,1.0,5,1.0
NBIX,3,0,0.0,0,0.0,0,0.0,0,0.0,0,0.0
NBTB,2,2,1.0,2,1.0,2,1.0,2,1.0,2,1.0
NCSM,1,0,0.0,0,0.0,0,0.0,0,0.0,0,0.0
NDSN,1,1,1.0,1,1.0,1,1.0,0,0.0,0,0.0
NEE,2,0,0.0,0,0.0,0,0.0,0,0.0,0,0.0
NEM,3,0,0.0,0,0.0,0,0.0,0,0.0,0,0.0
NEO,1,1,1.0,1,1.0,1,1.0,0,0.0,0,0.0
NESR,2,2,1.0,2,1.0,2,1.0,2,1.0,2,1.0
NET,5,5,1.0,5,1.0,5,1.0,4,0.8,3,0.6
NEU,2,2,1.0,2,1.0,2,1.0,1,0.5,0,0.0
NFG,2,0,0.0,0,0.0,0,0.0,0,0.0,0,0.0
NGS,2,2,1.0,2,1.0,2,1.0,2,1.0,2,1.0
NGVT,1,0,0.0,0,0.0,0,0.0,0,0.0,0,0.0
NHC,7,7,1.0,7,1.0,7,1.0,7,1.0,7,1.0
NIC,2,2,1.0,2,1.0,2,1.0,2,1.0,2,1.0
NJR,2,2,1.0,2,1.0,2,1.0,2,1.0,2,1.0
NKSH,1,1,1.0,1,1.0,1,1.0,0,0.0,0,0.0
NLY,1,1,1.0,1,1.0,1,1.0,0,0.0,0,0.0
NMIH,1,1,1.0,1,1.0,1,1.0,1,1.0,0,0.0
NMM,5,5,1.0,5,1.0,5,1.0,5,1.0,5,1.0
NNN,1,1,1.0,1,1.0,1,1.0,1,1.0,1,1.0
NOV,1,0,0.0,0,0.0,0,0.0,0,0.0,0,0.0
NPKI,2,0,0.0,0,0.0,0,0.0,0,0.0,0,0.0
NPO,4,4,1.0,4,1.0,4,1.0,4,1.0,4,1.0
NREF,3,3,1.0,3,1.0,3,1.0,2,0.6666666666666666,2,0.6666666666666666
NRG,4,0,0.0,0,0.0,0,0.0,0,0.0,0,0.0
NSA,1,0,0.0,0,0.0,0,0.0,0,0.0,0,0.0
NSC,2,2,1.0,2,1.0,2,1.0,2,1.0,2,1.0
NTAP,2,2,1.0,2,1.0,2,1.0,2,1.0,1,0.5
NTB,5,5,1.0,5,1.0,5,1.0,4,0.8,4,0.8
NTCT,2,2,1.0,2,1.0,2,1.0,2,1.0,2,1.0
NTRA,6,6,1.0,6,1.0,6,1.0,5,0.8333333333333334,5,0.8333333333333334
NTRS,2,2,1.0,2,1.0,2,1.0,2,1.0,2,1.0
NTST,3,3,1.0,3,1.0,3,1.0,3,1.0,3,1.0
NU,5,0,0.0,0,0.0,0,0.0,0,0.0,0,0.0
NUE,3,3,1.0,3,1.0,3,1.0,2,0.6666666666666666,1,0.3333333333333333
NUTX,3,0,0.0,0,0.0,0,0.0,0,0.0,0,0.0
NUVL,2,0,0.0,0,0.0,0,0.0,0,0.0,0,0.0
NVCT,1,0,0.0,0,0.0,0,0.0,0,0.0,0,0.0
NVDA,4,4,1.0,4,1.0,4,1.0,4,1.0,4,1.0
NVEC,5,5,1.0,5,1.0,5,1.0,4,0.8,4,0.8
NVGS,1,1,1.0,1,1.0,1,1.0,1,1.0,1,1.0
NVMI,1,0,0.0,0,0.0,0,0.0,0,0.0,0,0.0
NVRI,3,3,1.0,3,1.0,3,1.0,3,1.0,3,1.0
NVST,1,0,0.0,0,0.0,0,0.0,0,0.0,0,0.0
NVT,4,4,1.0,4,1.0,4,1.0,3,0.75,3,0.75
NVTS,1,0,0.0,0,0.0,0,0.0,0,0.0,0,0.0
NWBI,1,1,1.0,1,1.0,1,1.0,1,1.0,1,1.0
NWFL,4,4,1.0,4,1.0,4,1.0,4,1.0,3,0.75
NWPX,2,2,1.0,2,1.0,2,1.0,2,1.0,2,1.0
NXPI,2,0,0.0,0,0.0,0,0.0,0,0.0,0,0.0
NXT,2,0,0.0,0,0.0,0,0.0,0,0.0,0,0.0
NYAX,8,0,0.0,0,0.0,0,0.0,0,0.0,0,0.0
OBK,6,6,1.0,6,1.0,6,1.0,6,1.0,5,0.8333333333333334
OCC,1,0,0.0,0,0.0,0,0.0,0,0.0,0,0.0
OCS,1,0,0.0,0,0.0,0,0.0,0,0.0,0,0.0
ODC,3,3,1.0,3,1.0,3,1.0,3,1.0,2,0.6666666666666666
ODFL,1,0,0.0,0,0.0,0,0.0,0,0.0,0,0.0
OFG,3,3,1.0,3,1.0,3,1.0,3,1.0,3,1.0
OGE,1,0,0.0,0,0.0,0,0.0,0,0.0,0,0.0
OHI,2,2,1.0,2,1.0,2,1.0,2,1.0,2,1.0
OII,3,3,1.0,3,1.0,3,1.0,3,1.0,3,1.0
OKLO,1,0,0.0,0,0.0,0,0.0,0,0.0,0,0.0
ONB,1,0,0.0,0,0.0,0,0.0,0,0.0,0,0.0
ONTO,3,3,1.0,3,1.0,3,1.0,3,1.0,3,1.0
OOMA,1,1,1.0,1,1.0,1,1.0,1,1.0,1,1.0
OPEN,1,0,0.0,0,0.0,0,0.0,0,0.0,0,0.0
OPLN,3,3,1.0,3,1.0,3,1.0,3,1.0,3,1.0
OPY,2,2,1.0,2,1.0,2,1.0,2,1.0,2,1.0
OR,3,0,0.0,0,0.0,0,0.0,0,0.0,0,0.0
ORA,1,0,0.0,0,0.0,0,0.0,0,0.0,0,0.0
ORKA,2,2,1.0,2,1.0,2,1.0,2,1.0,2,1.0
ORN,2,0,0.0,0,0.0,0,0.0,0,0.0,0,0.0
ORRF,2,2,1.0,2,1.0,2,1.0,2,1.0,2,1.0
OSBC,6,6,1.0,6,1.0,6,1.0,6,1.0,5,0.8333333333333334
OSIS,1,0,0.0,0,0.0,0,0.0,0,0.0,0,0.0
OSS,3,0,0.0,0,0.0,0,0.0,0,0.0,0,0.0
OSW,2,2,1.0,2,1.0,2,1.0,2,1.0,2,1.0
OUST,4,0,0.0,0,0.0,0,0.0,0,0.0,0,0.0
OUT,1,1,1.0,1,1.0,1,1.0,1,1.0,1,1.0
OVBC,3,0,0.0,0,0.0,0,0.0,0,0.0,0,0.0
OVLY,3,0,0.0,0,0.0,0,0.0,0,0.0,0,0.0
OVV,1,1,1.0,1,1.0,1,1.0,1,1.0,1,1.0
OZK,1,0,0.0,0,0.0,0,0.0,0,0.0,0,0.0
PAA,3,3,1.0,3,1.0,3,1.0,3,1.0,3,1.0
PAAS,1,0,0.0,0,0.0,0,0.0,0,0.0,0,0.0
PAC,5,0,0.0,0,0.0,0,0.0,0,0.0,0,0.0
PACS,1,1,1.0,1,1.0,1,1.0,1,1.0,1,1.0
PAG,2,2,1.0,2,1.0,2,1.0,2,1.0,2,1.0
PAGP,2,2,1.0,2,1.0,2,1.0,2,1.0,2,1.0
PAHC,2,0,0.0,0,0.0,0,0.0,0,0.0,0,0.0
PANW,3,3,1.0,3,1.0,3,1.0,2,0.6666666666666666,2,0.6666666666666666
PARR,1,1,1.0,1,1.0,1,1.0,1,1.0,1,1.0
PATH,1,0,0.0,0,0.0,0,0.0,0,0.0,0,0.0
PBF,2,2,1.0,2,1.0,2,1.0,2,1.0,2,1.0
PBFS,3,3,1.0,3,1.0,3,1.0,3,1.0,3,1.0
PBI,1,1,1.0,1,1.0,1,1.0,1,1.0,1,1.0
PBT,2,2,1.0,2,1.0,2,1.0,2,1.0,2,1.0
PCAR,1,1,1.0,1,1.0,1,1.0,1,1.0,1,1.0
PCB,5,5,1.0,5,1.0,5,1.0,5,1.0,5,1.0
PDFS,3,3,1.0,3,1.0,3,1.0,3,1.0,3,1.0
PDLB,2,2,1.0,2,1.0,2,1.0,2,1.0,2,1.0
PEB,1,1,1.0,1,1.0,1,1.0,1,1.0,1,1.0
PEBK,3,3,1.0,3,1.0,3,1.0,3,1.0,3,1.0
PEBO,2,2,1.0,2,1.0,2,1.0,2,1.0,2,1.0
PECO,3,3,1.0,3,1.0,3,1.0,3,1.0,3,1.0
PENG,1,1,1.0,1,1.0,1,1.0,1,1.0,1,1.0
PFBC,1,1,1.0,1,1.0,1,1.0,1,1.0,1,1.0
PFG,8,8,1.0,8,1.0,8,1.0,8,1.0,8,1.0
PFGC,1,0,0.0,0,0.0,0,0.0,0,0.0,0,0.0
PFIS,10,10,1.0,10,1.0,10,1.0,10,1.0,10,1.0
PGC,2,2,1.0,2,1.0,2,1.0,2,1.0,2,1.0
PH,1,0,0.0,0,0.0,0,0.0,0,0.0,0,0.0
PHG,1,0,0.0,0,0.0,0,0.0,0,0.0,0,0.0
PHIN,1,0,0.0,0,0.0,0,0.0,0,0.0,0,0.0
PHVS,3,3,1.0,3,1.0,3,1.0,3,1.0,3,1.0
PINE,2,0,0.0,0,0.0,0,0.0,0,0.0,0,0.0
PKBK,3,3,1.0,3,1.0,3,1.0,3,1.0,3,1.0
PKE,2,2,1.0,2,1.0,2,1.0,2,1.0,2,1.0
PKG,2,2,1.0,2,1.0,2,1.0,1,0.5,1,0.5
PKOH,4,4,1.0,4,1.0,4,1.0,4,1.0,3,0.75
PL,5,0,0.0,0,0.0,0,0.0,0,0.0,0,0.0
PLBC,3,3,1.0,3,1.0,3,1.0,3,1.0,3,1.0
PLD,1,1,1.0,1,1.0,1,1.0,1,1.0,1,1.0
PLGO,3,3,1.0,3,1.0,3,1.0,3,1.0,3,1.0
PLOW,2,2,1.0,2,1.0,2,1.0,2,1.0,2,1.0
PLPC,4,4,1.0,4,1.0,4,1.0,3,0.75,3,0.75
PLSE,4,4,1.0,4,1.0,4,1.0,4,1.0,3,0.75
PLTR,2,2,1.0,2,1.0,2,1.0,2,1.0,2,1.0
PLXS,1,1,1.0,1,1.0,1,1.0,1,1.0,1,1.0
PM,2,2,1.0,2,1.0,2,1.0,2,1.0,2,1.0
PNRG,1,0,0.0,0,0.0,0,0.0,0,0.0,0,0.0
PNTG,2,2,1.0,2,1.0,2,1.0,2,1.0,2,1.0
PNW,1,1,1.0,1,1.0,1,1.0,1,1.0,1,1.0
POET,2,0,0.0,0,0.0,0,0.0,0,0.0,0,0.0
PR,1,1,1.0,1,1.0,1,1.0,1,1.0,1,1.0
PRA,3,0,0.0,0,0.0,0,0.0,0,0.0,0,0.0
PRAX,2,2,1.0,2,1.0,2,1.0,1,0.5,1,0.5
PRI,1,1,1.0,1,1.0,1,1.0,1,1.0,1,1.0
PRK,1,1,1.0,1,1.0,1,1.0,1,1.0,0,0.0
PRLB,1,1,1.0,1,1.0,1,1.0,0,0.0,0,0.0
PRM,2,2,1.0,2,1.0,2,1.0,2,1.0,2,1.0
PROV,1,1,1.0,1,1.0,1,1.0,1,1.0,0,0.0
PRSU,1,1,1.0,1,1.0,1,1.0,1,1.0,1,1.0
PSMT,3,3,1.0,3,1.0,3,1.0,3,1.0,2,0.6666666666666666
PSTL,2,2,1.0,2,1.0,2,1.0,2,1.0,2,1.0
PSX,2,2,1.0,2,1.0,2,1.0,2,1.0,2,1.0
PTGX,3,3,1.0,3,1.0,3,1.0,2,0.6666666666666666,2,0.6666666666666666
PTRN,2,2,1.0,2,1.0,2,1.0,2,1.0,2,1.0
PUMP,2,0,0.0,0,0.0,0,0.0,0,0.0,0,0.0
Q,1,0,0.0,0,0.0,0,0.0,0,0.0,0,0.0
QCOM,2,0,0.0,0,0.0,0,0.0,0,0.0,0,0.0
QCRH,5,5,1.0,5,1.0,5,1.0,5,1.0,4,0.8
QUIK,1,0,0.0,0,0.0,0,0.0,0,0.0,0,0.0
R,3,0,0.0,0,0.0,0,0.0,0,0.0,0,0.0
RACC,1,1,1.0,1,1.0,1,1.0,1,1.0,0,0.0
RAPP,3,3,1.0,3,1.0,3,1.0,2,0.6666666666666666,1,0.3333333333333333
RBB,3,3,1.0,3,1.0,3,1.0,3,1.0,3,1.0
RBC,4,4,1.0,4,1.0,4,1.0,4,1.0,4,1.0
RBCAA,2,2,1.0,2,1.0,2,1.0,2,1.0,2,1.0
RBKB,1,0,0.0,0,0.0,0,0.0,0,0.0,0,0.0
RCKY,1,1,1.0,1,1.0,1,1.0,1,1.0,0,0.0
RCUS,1,1,1.0,1,1.0,1,1.0,1,1.0,1,1.0
RDN,1,0,0.0,0,0.0,0,0.0,0,0.0,0,0.0
RDVT,1,1,1.0,1,1.0,1,1.0,1,1.0,0,0.0
RDWR,1,0,0.0,0,0.0,0,0.0,0,0.0,0,0.0
REG,1,1,1.0,1,1.0,1,1.0,1,1.0,1,1.0
REPX,2,2,1.0,2,1.0,2,1.0,2,1.0,2,1.0
REX,1,0,0.0,0,0.0,0,0.0,0,0.0,0,0.0
RFIL,3,3,1.0,3,1.0,3,1.0,3,1.0,3,1.0
RGA,2,2,1.0,2,1.0,2,1.0,1,0.5,1,0.5
RGCO,3,0,0.0,0,0.0,0,0.0,0,0.0,0,0.0
RHI,2,2,1.0,2,1.0,2,1.0,1,0.5,1,0.5
RHP,2,2,1.0,2,1.0,2,1.0,2,1.0,2,1.0
RIOT,4,0,0.0,0,0.0,0,0.0,0,0.0,0,0.0
RKLB,4,0,0.0,0,0.0,0,0.0,0,0.0,0,0.0
RL,1,0,0.0,0,0.0,0,0.0,0,0.0,0,0.0
RLAY,1,1,1.0,1,1.0,1,1.0,1,1.0,1,1.0
RLYB,1,1,1.0,1,1.0,1,1.0,1,1.0,1,1.0
RMBI,1,1,1.0,1,1.0,1,1.0,1,1.0,1,1.0
RMBS,1,0,0.0,0,0.0,0,0.0,0,0.0,0,0.0
RMIX,1,0,0.0,0,0.0,0,0.0,0,0.0,0,0.0
RNG,1,1,1.0,1,1.0,1,1.0,1,1.0,0,0.0
RNGR,1,0,0.0,0,0.0,0,0.0,0,0.0,0,0.0
RNR,2,2,1.0,2,1.0,2,1.0,2,1.0,2,1.0
RNST,1,1,1.0,1,1.0,1,1.0,1,1.0,1,1.0
ROAD,1,0,0.0,0,0.0,0,0.0,0,0.0,0,0.0
ROIV,4,4,1.0,4,1.0,4,1.0,3,0.75,3,0.75
ROK,3,3,1.0,3,1.0,3,1.0,3,1.0,3,1.0
ROKU,7,7,1.0,7,1.0,7,1.0,6,0.8571428571428571,6,0.8571428571428571
ROST,11,11,1.0,11,1.0,11,1.0,11,1.0,10,0.9090909090909091
RPRX,3,3,1.0,3,1.0,3,1.0,3,1.0,3,1.0
RRBI,1,0,0.0,0,0.0,0,0.0,0,0.0,0,0.0
RS,4,4,1.0,4,1.0,4,1.0,3,0.75,3,0.75
RSI,4,4,1.0,4,1.0,4,1.0,4,1.0,4,1.0
RTX,6,0,0.0,0,0.0,0,0.0,0,0.0,0,0.0
RUSHA,1,1,1.0,1,1.0,1,1.0,1,1.0,1,1.0
RVMD,3,3,1.0,3,1.0,3,1.0,2,0.6666666666666666,2,0.6666666666666666
RXO,2,2,1.0,2,1.0,2,1.0,2,1.0,2,1.0
SAFT,2,2,1.0,2,1.0,2,1.0,1,0.5,1,0.5
SAH,2,0,0.0,0,0.0,0,0.0,0,0.0,0,0.0
SAIH,1,1,1.0,1,1.0,1,1.0,1,1.0,0,0.0
SANM,5,0,0.0,0,0.0,0,0.0,0,0.0,0,0.0
SATS,3,0,0.0,0,0.0,0,0.0,0,0.0,0,0.0
SBFG,2,2,1.0,2,1.0,2,1.0,2,1.0,2,1.0
SBLK,4,4,1.0,4,1.0,4,1.0,4,1.0,3,0.75
SBRA,2,2,1.0,2,1.0,2,1.0,2,1.0,2,1.0
SBSI,2,0,0.0,0,0.0,0,0.0,0,0.0,0,0.0
SCHL,1,0,0.0,0,0.0,0,0.0,0,0.0,0,0.0
SCHW,4,4,1.0,4,1.0,4,1.0,4,1.0,4,1.0
SCI,1,0,0.0,0,0.0,0,0.0,0,0.0,0,0.0
SDRL,1,0,0.0,0,0.0,0,0.0,0,0.0,0,0.0
SEDG,6,0,0.0,0,0.0,0,0.0,0,0.0,0,0.0
SEI,2,0,0.0,0,0.0,0,0.0,0,0.0,0,0.0
SEIC,1,1,1.0,1,1.0,1,1.0,1,1.0,1,1.0
SENEA,4,4,1.0,4,1.0,4,1.0,3,0.75,3,0.75
SEPN,2,2,1.0,2,1.0,2,1.0,1,0.5,1,0.5
SFNC,3,3,1.0,3,1.0,3,1.0,3,1.0,3,1.0
SGHC,1,0,0.0,0,0.0,0,0.0,0,0.0,0,0.0
SHAZ,1,0,0.0,0,0.0,0,0.0,0,0.0,0,0.0
SHBI,4,4,1.0,4,1.0,4,1.0,4,1.0,3,0.75
SHEL,7,0,0.0,0,0.0,0,0.0,0,0.0,0,0.0
SHEN,2,0,0.0,0,0.0,0,0.0,0,0.0,0,0.0
SHIP,2,2,1.0,2,1.0,2,1.0,2,1.0,1,0.5
SHOO,2,2,1.0,2,1.0,2,1.0,1,0.5,0,0.0
SHOP,4,0,0.0,0,0.0,0,0.0,0,0.0,0,0.0
SI,2,2,1.0,2,1.0,2,1.0,2,1.0,2,1.0
SIF,4,4,1.0,4,1.0,4,1.0,3,0.75,3,0.75
SILA,1,0,0.0,0,0.0,0,0.0,0,0.0,0,0.0
SILC,2,0,0.0,0,0.0,0,0.0,0,0.0,0,0.0
SION,4,0,0.0,0,0.0,0,0.0,0,0.0,0,0.0
SIRI,2,2,1.0,2,1.0,2,1.0,2,1.0,2,1.0
SITM,1,0,0.0,0,0.0,0,0.0,0,0.0,0,0.0
SKT,2,2,1.0,2,1.0,2,1.0,2,1.0,2,1.0
SKYT,1,0,0.0,0,0.0,0,0.0,0,0.0,0,0.0
SLAB,4,4,1.0,4,1.0,4,1.0,4,1.0,4,1.0
SLB,2,0,0.0,0,0.0,0,0.0,0,0.0,0,0.0
SLDE,1,1,1.0,1,1.0,1,1.0,1,1.0,1,1.0
SMBC,4,4,1.0,4,1.0,4,1.0,4,1.0,4,1.0
SMBK,4,4,1.0,4,1.0,4,1.0,4,1.0,4,1.0
SMTC,8,8,1.0,8,1.0,8,1.0,8,1.0,8,1.0
SN,4,4,1.0,4,1.0,4,1.0,4,1.0,4,1.0
SNA,1,1,1.0,1,1.0,1,1.0,0,0.0,0,0.0
SNDA,4,4,1.0,4,1.0,4,1.0,4,1.0,4,1.0
SNDK,6,6,1.0,6,1.0,6,1.0,6,1.0,6,1.0
SNDR,2,0,0.0,0,0.0,0,0.0,0,0.0,0,0.0
SNEX,3,0,0.0,0,0.0,0,0.0,0,0.0,0,0.0
SNOW,2,2,1.0,2,1.0,2,1.0,1,0.5,0,0.0
SNX,2,2,1.0,2,1.0,2,1.0,2,1.0,1,0.5
SOFI,2,0,0.0,0,0.0,0,0.0,0,0.0,0,0.0
SOLV,1,1,1.0,1,1.0,1,1.0,1,1.0,1,1.0
SON,1,0,0.0,0,0.0,0,0.0,0,0.0,0,0.0
SPFI,1,0,0.0,0,0.0,0,0.0,0,0.0,0,0.0
SPG,4,4,1.0,4,1.0,4,1.0,4,1.0,4,1.0
SPHR,3,3,1.0,3,1.0,3,1.0,3,1.0,3,1.0
SPIR,2,0,0.0,0,0.0,0,0.0,0,0.0,0,0.0
SPNT,1,1,1.0,1,1.0,1,1.0,1,1.0,1,1.0
SRBK,5,5,1.0,5,1.0,5,1.0,5,1.0,5,1.0
SRCE,2,2,1.0,2,1.0,2,1.0,2,1.0,2,1.0
SRRK,2,2,1.0,2,1.0,2,1.0,2,1.0,2,1.0
SSRM,4,4,1.0,4,1.0,4,1.0,4,1.0,4,1.0
STAG,1,0,0.0,0,0.0,0,0.0,0,0.0,0,0.0
STBA,4,4,1.0,4,1.0,4,1.0,4,1.0,4,1.0
STEL,1,0,0.0,0,0.0,0,0.0,0,0.0,0,0.0
STLD,1,0,0.0,0,0.0,0,0.0,0,0.0,0,0.0
STNG,4,4,1.0,4,1.0,4,1.0,4,1.0,4,1.0
STRL,1,0,0.0,0,0.0,0,0.0,0,0.0,0,0.0
STRZ,1,1,1.0,1,1.0,1,1.0,1,1.0,1,1.0
STT,2,2,1.0,2,1.0,2,1.0,2,1.0,2,1.0
STX,9,9,1.0,9,1.0,9,1.0,9,1.0,9,1.0
SUN,4,4,1.0,4,1.0,4,1.0,4,1.0,4,1.0
SUNC,2,2,1.0,2,1.0,2,1.0,2,1.0,2,1.0
SWBI,1,1,1.0,1,1.0,1,1.0,1,1.0,1,1.0
SWK,1,1,1.0,1,1.0,1,1.0,0,0.0,0,0.0
SWX,1,0,0.0,0,0.0,0,0.0,0,0.0,0,0.0
SXI,4,4,1.0,4,1.0,4,1.0,3,0.75,3,0.75
SXT,2,2,1.0,2,1.0,2,1.0,1,0.5,1,0.5
SYBT,1,0,0.0,0,0.0,0,0.0,0,0.0,0,0.0
SYRE,3,3,1.0,3,1.0,3,1.0,3,1.0,3,1.0
TBBB,2,2,1.0,2,1.0,2,1.0,2,1.0,2,1.0
TBN,1,0,0.0,0,0.0,0,0.0,0,0.0,0,0.0
TCBI,2,0,0.0,0,0.0,0,0.0,0,0.0,0,0.0
TCBK,4,4,1.0,4,1.0,4,1.0,4,1.0,4,1.0
TDW,2,2,1.0,2,1.0,2,1.0,2,1.0,2,1.0
TEM,1,0,0.0,0,0.0,0,0.0,0,0.0,0,0.0
TEN,2,2,1.0,2,1.0,2,1.0,2,1.0,2,1.0
TER,2,2,1.0,2,1.0,2,1.0,2,1.0,2,1.0
TFSL,2,2,1.0,2,1.0,2,1.0,2,1.0,2,1.0
TGTX,2,2,1.0,2,1.0,2,1.0,2,1.0,2,1.0
TH,2,2,1.0,2,1.0,2,1.0,2,1.0,2,1.0
THFF,3,3,1.0,3,1.0,3,1.0,3,1.0,2,0.6666666666666666
THG,3,3,1.0,3,1.0,3,1.0,3,1.0,2,0.6666666666666666
THR,1,0,0.0,0,0.0,0,0.0,0,0.0,0,0.0
THRM,1,1,1.0,1,1.0,1,1.0,1,1.0,1,1.0
TIGO,5,5,1.0,5,1.0,5,1.0,5,1.0,5,1.0
TILE,1,1,1.0,1,1.0,1,1.0,0,0.0,0,0.0
TJX,1,0,0.0,0,0.0,0,0.0,0,0.0,0,0.0
TKO,5,0,0.0,0,0.0,0,0.0,0,0.0,0,0.0
TKR,2,2,1.0,2,1.0,2,1.0,2,1.0,2,1.0
TMP,7,7,1.0,7,1.0,7,1.0,7,1.0,7,1.0
TNGX,1,1,1.0,1,1.0,1,1.0,1,1.0,1,1.0
TNK,2,2,1.0,2,1.0,2,1.0,2,1.0,2,1.0
TNL,2,0,0.0,0,0.0,0,0.0,0,0.0,0,0.0
TOWN,1,1,1.0,1,1.0,1,1.0,1,1.0,0,0.0
TPC,2,2,1.0,2,1.0,2,1.0,1,0.5,1,0.5
TPR,2,0,0.0,0,0.0,0,0.0,0,0.0,0,0.0
TRAX,2,2,1.0,2,1.0,2,1.0,2,1.0,1,0.5
TRGP,2,2,1.0,2,1.0,2,1.0,2,1.0,2,1.0
TRIN,2,2,1.0,2,1.0,2,1.0,1,0.5,1,0.5
TRMK,5,5,1.0,5,1.0,5,1.0,5,1.0,4,0.8
TRNO,2,2,1.0,2,1.0,2,1.0,2,1.0,2,1.0
TROW,2,2,1.0,2,1.0,2,1.0,2,1.0,2,1.0
TRS,3,0,0.0,0,0.0,0,0.0,0,0.0,0,0.0
TRST,1,1,1.0,1,1.0,1,1.0,1,1.0,1,1.0
TRT,2,0,0.0,0,0.0,0,0.0,0,0.0,0,0.0
TRV,2,2,1.0,2,1.0,2,1.0,2,1.0,2,1.0
TRVI,3,3,1.0,3,1.0,3,1.0,3,1.0,3,1.0
TSAT,2,0,0.0,0,0.0,0,0.0,0,0.0,0,0.0
TSBK,1,1,1.0,1,1.0,1,1.0,1,1.0,1,1.0
TSEM,2,2,1.0,2,1.0,2,1.0,2,1.0,2,1.0
TSLA,4,0,0.0,0,0.0,0,0.0,0,0.0,0,0.0
TSM,7,7,1.0,7,1.0,7,1.0,7,1.0,7,1.0
TSN,1,1,1.0,1,1.0,1,1.0,1,1.0,1,1.0
TTMI,4,4,1.0,4,1.0,4,1.0,4,1.0,4,1.0
TTWO,3,0,0.0,0,0.0,0,0.0,0,0.0,0,0.0
TVTX,4,4,1.0,4,1.0,4,1.0,3,0.75,3,0.75
TWIN,2,2,1.0,2,1.0,2,1.0,1,0.5,1,0.5
TWLO,5,5,1.0,5,1.0,5,1.0,4,0.8,4,0.8
TWST,3,3,1.0,3,1.0,3,1.0,2,0.6666666666666666,2,0.6666666666666666
TXN,3,3,1.0,3,1.0,3,1.0,3,1.0,3,1.0
TXRH,1,1,1.0,1,1.0,1,1.0,1,1.0,0,0.0
UAL,4,0,0.0,0,0.0,0,0.0,0,0.0,0,0.0
UBCP,1,0,0.0,0,0.0,0,0.0,0,0.0,0,0.0
UBS,2,0,0.0,0,0.0,0,0.0,0,0.0,0,0.0
UBSI,2,2,1.0,2,1.0,2,1.0,2,1.0,2,1.0
UCTT,1,1,1.0,1,1.0,1,1.0,1,1.0,1,1.0
UDR,2,0,0.0,0,0.0,0,0.0,0,0.0,0,0.0
UE,3,0,0.0,0,0.0,0,0.0,0,0.0,0,0.0
UFCS,4,4,1.0,4,1.0,4,1.0,3,0.75,3,0.75
UHS,1,0,0.0,0,0.0,0,0.0,0,0.0,0,0.0
UHT,1,0,0.0,0,0.0,0,0.0,0,0.0,0,0.0
UI,2,0,0.0,0,0.0,0,0.0,0,0.0,0,0.0
ULS,2,2,1.0,2,1.0,2,1.0,2,1.0,2,1.0
UMAC,1,0,0.0,0,0.0,0,0.0,0,0.0,0,0.0
UMBF,3,3,1.0,3,1.0,3,1.0,3,1.0,3,1.0
UNF,1,1,1.0,1,1.0,1,1.0,1,1.0,1,1.0
UNFI,1,0,0.0,0,0.0,0,0.0,0,0.0,0,0.0
UNM,2,2,1.0,2,1.0,2,1.0,1,0.5,1,0.5
UNP,5,5,1.0,5,1.0,5,1.0,5,1.0,5,1.0
UNTY,2,2,1.0,2,1.0,2,1.0,2,1.0,2,1.0
URBN,2,2,1.0,2,1.0,2,1.0,2,1.0,2,1.0
URGN,1,1,1.0,1,1.0,1,1.0,1,1.0,1,1.0
URI,2,2,1.0,2,1.0,2,1.0,1,0.5,1,0.5
USAC,1,0,0.0,0,0.0,0,0.0,0,0.0,0,0.0
USCB,3,3,1.0,3,1.0,3,1.0,3,1.0,2,0.6666666666666666
USFD,1,1,1.0,1,1.0,1,1.0,1,1.0,1,1.0
UTI,3,0,0.0,0,0.0,0,0.0,0,0.0,0,0.0
UTMD,2,2,1.0,2,1.0,2,1.0,2,1.0,2,1.0
UVE,7,7,1.0,7,1.0,7,1.0,6,0.8571428571428571,5,0.7142857142857143
UVSP,1,1,1.0,1,1.0,1,1.0,1,1.0,1,1.0
VABK,2,2,1.0,2,1.0,2,1.0,1,0.5,1,0.5
VAC,1,1,1.0,1,1.0,1,1.0,0,0.0,0,0.0
VAL,1,0,0.0,0,0.0,0,0.0,0,0.0,0,0.0
VALE,3,0,0.0,0,0.0,0,0.0,0,0.0,0,0.0
VCTR,2,2,1.0,2,1.0,2,1.0,2,1.0,2,1.0
VCYT,2,0,0.0,0,0.0,0,0.0,0,0.0,0,0.0
VECO,2,0,0.0,0,0.0,0,0.0,0,0.0,0,0.0
VEEV,2,2,1.0,2,1.0,2,1.0,2,1.0,2,1.0
VELO,2,0,0.0,0,0.0,0,0.0,0,0.0,0,0.0
VICR,3,0,0.0,0,0.0,0,0.0,0,0.0,0,0.0
VIK,7,7,1.0,7,1.0,7,1.0,6,0.8571428571428571,6,0.8571428571428571
VIRT,3,3,1.0,3,1.0,3,1.0,3,1.0,3,1.0
VLGEA,3,0,0.0,0,0.0,0,0.0,0,0.0,0,0.0
VLO,4,4,1.0,4,1.0,4,1.0,4,1.0,4,1.0
VMI,3,0,0.0,0,0.0,0,0.0,0,0.0,0,0.0
VOYA,2,2,1.0,2,1.0,2,1.0,2,1.0,2,1.0
VOYG,1,0,0.0,0,0.0,0,0.0,0,0.0,0,0.0
VPG,1,1,1.0,1,1.0,1,1.0,1,1.0,1,1.0
VRSN,1,0,0.0,0,0.0,0,0.0,0,0.0,0,0.0
VRT,4,0,0.0,0,0.0,0,0.0,0,0.0,0,0.0
VRTX,1,1,1.0,1,1.0,1,1.0,1,1.0,1,1.0
VSEC,1,0,0.0,0,0.0,0,0.0,0,0.0,0,0.0
VSH,1,1,1.0,1,1.0,1,1.0,1,1.0,1,1.0
VSXY,3,3,1.0,3,1.0,3,1.0,3,1.0,2,0.6666666666666666
VTR,6,6,1.0,6,1.0,6,1.0,6,1.0,6,1.0
VTRS,3,3,1.0,3,1.0,3,1.0,3,1.0,2,0.6666666666666666
VVX,6,0,0.0,0,0.0,0,0.0,0,0.0,0,0.0
W,3,0,0.0,0,0.0,0,0.0,0,0.0,0,0.0
WAB,2,2,1.0,2,1.0,2,1.0,2,1.0,2,1.0
WABC,2,2,1.0,2,1.0,2,1.0,2,1.0,2,1.0
WBI,4,4,1.0,4,1.0,4,1.0,4,1.0,4,1.0
WBS,2,0,0.0,0,0.0,0,0.0,0,0.0,0,0.0
WCC,6,6,1.0,6,1.0,6,1.0,5,0.8333333333333334,4,0.6666666666666666
WDC,6,6,1.0,6,1.0,6,1.0,6,1.0,6,1.0
WELL,7,7,1.0,7,1.0,7,1.0,7,1.0,7,1.0
WERN,3,3,1.0,3,1.0,3,1.0,3,1.0,3,1.0
WES,7,7,1.0,7,1.0,7,1.0,7,1.0,7,1.0
WEYS,4,4,1.0,4,1.0,4,1.0,3,0.75,3,0.75
WFC,4,0,0.0,0,0.0,0,0.0,0,0.0,0,0.0
WFCF,2,0,0.0,0,0.0,0,0.0,0,0.0,0,0.0
WHG,1,1,1.0,1,1.0,1,1.0,1,1.0,1,1.0
WILC,2,0,0.0,0,0.0,0,0.0,0,0.0,0,0.0
WKC,1,1,1.0,1,1.0,1,1.0,1,1.0,1,1.0
WLAC,1,0,0.0,0,0.0,0,0.0,0,0.0,0,0.0
WLFC,1,0,0.0,0,0.0,0,0.0,0,0.0,0,0.0
WLK,2,0,0.0,0,0.0,0,0.0,0,0.0,0,0.0
WLKP,2,0,0.0,0,0.0,0,0.0,0,0.0,0,0.0
WLY,1,0,0.0,0,0.0,0,0.0,0,0.0,0,0.0
WMB,2,0,0.0,0,0.0,0,0.0,0,0.0,0,0.0
WMT,4,0,0.0,0,0.0,0,0.0,0,0.0,0,0.0
WPC,1,1,1.0,1,1.0,1,1.0,1,1.0,1,1.0
WRLD,2,2,1.0,2,1.0,2,1.0,1,0.5,1,0.5
WSBC,1,1,1.0,1,1.0,1,1.0,1,1.0,1,1.0
WSBF,4,4,1.0,4,1.0,4,1.0,3,0.75,3,0.75
WSFS,4,4,1.0,4,1.0,4,1.0,4,1.0,4,1.0
WSM,2,2,1.0,2,1.0,2,1.0,1,0.5,1,0.5
WSR,3,0,0.0,0,0.0,0,0.0,0,0.0,0,0.0
WT,4,4,1.0,4,1.0,4,1.0,3,0.75,3,0.75
WTBA,2,2,1.0,2,1.0,2,1.0,2,1.0,1,0.5
WTFC,1,0,0.0,0,0.0,0,0.0,0,0.0,0,0.0
WTS,2,2,1.0,2,1.0,2,1.0,1,0.5,1,0.5
WTTR,4,4,1.0,4,1.0,4,1.0,3,0.75,3,0.75
WULF,9,0,0.0,0,0.0,0,0.0,0,0.0,0,0.0
WWD,5,0,0.0,0,0.0,0,0.0,0,0.0,0,0.0
WYFI,2,0,0.0,0,0.0,0,0.0,0,0.0,0,0.0
XENE,2,2,1.0,2,1.0,2,1.0,2,1.0,2,1.0
XHR,3,3,1.0,3,1.0,3,1.0,3,1.0,3,1.0
XMTR,1,1,1.0,1,1.0,1,1.0,1,1.0,1,1.0
XOMA,3,0,0.0,0,0.0,0,0.0,0,0.0,0,0.0
XPO,5,0,0.0,0,0.0,0,0.0,0,0.0,0,0.0
XYL,1,0,0.0,0,0.0,0,0.0,0,0.0,0,0.0
XZO,1,0,0.0,0,0.0,0,0.0,0,0.0,0,0.0
ZION,5,5,1.0,5,1.0,5,1.0,5,1.0,5,1.0
ZM,2,2,1.0,2,1.0,2,1.0,2,1.0,2,1.0
ZS,1,0,0.0,0,0.0,0,0.0,0,0.0,0,0.0
