code,snapshot_date,signal,signal_source,pullback_v_is_dry,ibd_candidate_rule,ibd_candidate_price,ibd_candidate_signal_source,ibd_candidate_extra,ibd_entry_valid,ibd_entry_date,ibd_entry_price,ibd_trigger_price,ibd_entry_volume_ratio,ibd_entry_close_vs_trigger_pct,ibd_entry_close_position,ibd_entry_breakout_range_ratio,ibd_entry_rule,ibd_entry_reject_reason,latest_close,current_vs_ibd_candidate_pct,ibd_entry_status,volume_ratio,hold_return,breakout_date,pct_above_ceiling,touched_ema10_count,mbox_count,ceiling,ceiling_date,base_depth_pct,base_mbox_count,base_duration_weeks,base_depth_abs,C_continuous,rank_C_continuous,pullback_count,pullback_duration_weeks,pullback_pct,pullback_pct_off_peak,is_bullish,is_priority,eps_yoy_growth,price_52_week_high,dist_to_52w_high_pct,sector,industry
AEO,2025-12-12,True,ceiling_breakout,,ceiling,24.5,ceiling_breakout,,0.0,,,,,,,,,daily_volume_not_confirmed,25.46,3.92,UNCONFIRMED,1.135955107260406,0.0,2025-12-08,3.9,0,0,24.5,2024-03-25,-62.9,7,89,62.9,4.903846153846153,1.0,0,,,,True,False,,25.57,-0.430191630817367,Unknown,Unknown
CIEN,2025-12-12,True,pivot,False,pivot,203.4,pivot,"{""pivot_candidates"": [{""box_type"": ""S_BOX"", ""price"": 203.4, ""resistance_date"": ""2025-12-08""}], ""selected_pivot"": {""box_type"": ""S_BOX"", ""price"": 203.4, ""resistance_date"": ""2025-12-08""}}",1.0,2025-12-11,236.35,203.4,2.935098627743439,0.1915929203539823,0.7796477495107634,1.5252446183953026,pivot,,218.44,7.39,EXTENDED,1.5755792616770534,87.2,2025-09-01,115.3,3,0,101.44,2025-01-20,-51.5,2,32,51.5,4.538461538461539,2.0,2,3.0,-8.9,6.8,True,True,,248.0,-11.919354838709683,Electronic Technology,Telecommunications Equipment
TSLA,2025-12-12,True,10_wk_ema_touch_confirm,,ma10_touch_confirm,458.87,10_wk_ema_touch_confirm,"{""confirm_date"": ""2025-12-08"", ""ma10_prior_week"": 428.304, ""pending_high"": 458.87, ""touch_date"": ""2025-12-01""}",0.0,,,,,,,,,daily_volume_not_confirmed,458.96,0.02,UNCONFIRMED,0.8653398163524691,0.9,2025-12-01,5.2,1,0,436.3,2021-11-01,-76.7,14,213,76.7,4.346153846153847,3.0,0,,,,True,False,,488.54,-6.0547754533917475,Unknown,Unknown
ASTS,2025-12-12,True,10_wk_ema_touch_confirm,,ma10_touch_confirm,75.14,10_wk_ema_touch_confirm,"{""confirm_date"": ""2025-12-08"", ""ma10_prior_week"": 69.931, ""pending_high"": 75.14, ""touch_date"": ""2025-12-01""}",0.0,,,,,,,,,daily_volume_not_confirmed,76.7,2.08,UNCONFIRMED,1.1273136657634253,3.8,2025-12-01,32.1,1,0,58.08,2025-07-14,-37.9,2,20,37.9,4.288461538461538,4.0,0,,,,True,False,,102.79,-25.381846483120928,Unknown,Unknown
NUTX,2025-12-12,True,ceiling_breakout,,ceiling,182.0,ceiling_breakout,,0.0,,,,,,,,,daily_volume_not_confirmed,184.89,1.59,UNCONFIRMED,1.3861137894536686,0.0,2025-12-08,1.6,0,0,182.0,2025-05-12,-57.6,1,30,57.6,4.211538461538462,5.0,0,,,,True,True,,193.0,-4.202072538860113,Health Services,Medical/Nursing Services
ROKU,2025-12-12,True,ceiling_breakout,,ceiling,104.96,ceiling_breakout,,1.0,2025-12-11,109.45,104.96,1.6063764522559218,0.0127667682926828,0.0946745562130177,0.1982248520710062,ceiling,,107.47,2.39,ACTIONABLE,1.0130188606983193,0.0,2025-12-08,2.4,0,0,104.96,2025-02-10,-50.0,2,43,50.0,4.096153846153847,6.0,0,,,,True,False,,116.66,-7.877593005314587,Technology Services,Packaged Software
STX,2025-12-12,True,pivot,True,pivot,284.42,pivot,"{""pivot_candidates"": [{""box_type"": ""S_BOX"", ""price"": 284.42, ""resistance_date"": ""2025-12-08""}]}",0.0,,,,,,,,,daily_volume_not_confirmed,287.64,1.13,UNCONFIRMED,0.82698538882461,146.0,2025-05-26,155.5,4,0,112.59,2024-10-14,-44.3,2,32,44.3,4.076923076923077,7.0,5,6.0,-19.6,1.1,True,False,,308.93,-6.891528825300242,Electronic Technology,Computer Peripherals
FEIM,2025-12-12,True,pivot,True,pivot,41.12,pivot,"{""pivot_candidates"": [{""box_type"": ""M_BOX"", ""price"": 41.12, ""resistance_date"": ""2025-12-08""}, {""box_type"": ""S_BOX"", ""price"": 41.12, ""resistance_date"": ""2025-12-08""}], ""selected_pivot"": {""box_type"": ""M_BOX"", ""price"": 41.12, ""resistance_date"": ""2025-12-08""}}",1.0,2025-12-12,41.12,41.12,5.028764841366298,0.1296206225680936,0.8520249221183802,0.415109034267913,pivot,,46.45,12.96,EXTENDED,1.8848138963552377,116.3,2025-07-14,128.5,3,1,20.33,2024-12-23,-32.7,1,29,32.7,3.865384615384615,8.0,5,8.0,-36.6,13.0,True,True,,48.35,-3.9296794208893426,Electronic Technology,Telecommunications Equipment
TPR,2025-12-12,True,pivot,False,pivot,118.15,pivot,"{""pivot_candidates"": [{""box_type"": ""M_BOX"", ""price"": 118.15, ""resistance_date"": ""2025-12-08""}, {""box_type"": ""S_BOX"", ""price"": 118.15, ""resistance_date"": ""2025-12-08""}]}",0.0,,,,,,,,,daily_volume_not_confirmed,123.21,4.28,UNCONFIRMED,1.1029133500867006,37.6,2025-06-30,42.2,2,2,86.67,2025-02-10,-33.4,1,20,33.4,3.7115384615384617,9.0,5,9.0,-21.6,4.3,True,False,,125.18,-1.5737338232944653,Unknown,Unknown
EXPE,2025-12-12,True,10_wk_ema_touch_confirm,False,ma10_touch_confirm,265.76,10_wk_ema_touch_confirm,"{""confirm_date"": ""2025-12-08"", ""ma10_prior_week"": 236.96, ""pending_high"": 265.76, ""touch_date"": ""2025-11-17""}",0.0,,,,,,,,,daily_volume_not_confirmed,274.21,3.18,UNCONFIRMED,0.8732540513479299,32.7,2025-08-11,33.1,2,1,206.07,2025-02-10,-37.3,1,26,37.3,3.576923076923077,10.0,3,5.0,-16.2,-1.8,True,False,,282.96,-3.0923098671190252,Consumer Services,Other Consumer Services
PFG,2025-12-12,True,ceiling_breakout,,ceiling,87.8,ceiling_breakout,,0.0,,,,,,,,,daily_volume_not_confirmed,89.94,2.44,UNCONFIRMED,1.0540732263919244,0.0,2025-12-08,2.4,0,0,87.8,2022-11-07,-32.8,14,161,32.8,3.5384615384615383,11.0,0,,,,True,False,,92.03,-2.27099858741715,Finance,Investment Managers
LH,2025-12-12,True,ceiling_breakout,,ceiling,260.3,ceiling_breakout,,0.0,,,,,,,,,daily_volume_not_confirmed,264.18,1.49,UNCONFIRMED,0.5751017368424522,0.0,2025-12-08,1.5,0,0,260.3,2021-08-30,-36.5,16,223,36.5,3.1346153846153846,12.0,0,,,,True,False,,292.94,-9.817710111285582,Health Services,Medical/Nursing Services
JPM,2025-12-12,True,pivot,False,pivot,316.27,pivot,"{""pivot_candidates"": [{""box_type"": ""M_BOX"", ""price"": 316.27, ""resistance_date"": ""2025-12-08""}]}",0.0,,,,,,,,,daily_volume_not_confirmed,318.52,0.71,UNCONFIRMED,1.4932820589401146,12.0,2025-06-23,15.9,4,1,274.85,2025-02-10,-27.2,1,19,27.2,2.903846153846154,13.0,4,11.0,-8.1,0.7,True,True,,322.25,-1.1574864235841753,Finance,Major Banks
BLK,2025-12-12,True,10_wk_ema_touch_confirm,,ma10_touch_confirm,1081.82,10_wk_ema_touch_confirm,"{""confirm_date"": ""2025-12-08"", ""ma10_prior_week"": 1089.496, ""pending_high"": 1081.82, ""touch_date"": ""2025-12-01""}",0.0,,,,,,,,,daily_volume_not_confirmed,1089.09,0.67,UNCONFIRMED,0.9673608166588248,2.1,2025-12-01,2.5,1,0,1062.44,2025-01-27,-28.2,3,44,28.2,2.8461538461538463,14.0,0,,,,True,False,,1214.03,-10.291343706498202,Finance,Investment Managers
HLT,2025-12-12,True,ceiling_breakout,,ceiling,278.33,ceiling_breakout,,0.0,,,,,,,,,daily_volume_not_confirmed,280.24,0.69,UNCONFIRMED,0.8286565909941123,0.0,2025-12-08,0.7,0,0,278.33,2025-02-03,-29.7,4,44,29.7,2.692307692307692,15.0,0,,,,True,False,,287.4,-2.4913013221990132,Consumer Services,Hotels/Resorts/Cruise lines
URBN,2025-12-12,True,ceiling_breakout,,ceiling,80.23,ceiling_breakout,,0.0,,,,,,,,,daily_volume_not_confirmed,81.84,2.01,UNCONFIRMED,0.8743706668009906,0.0,2025-12-08,2.0,0,0,80.23,2025-08-11,-25.8,2,17,25.8,2.692307692307692,16.0,0,,,,True,False,,83.38,-1.846965699208436,Retail Trade,Apparel/Footwear Retail
ROST,2025-12-12,True,three_weeks_tight_breakout,False,three_weeks_tight,178.64,three_weeks_tight_breakout,"{""breakout_price"": 182.09, ""close_pos_healthy"": true, ""hl_is_tight"": true, ""max_hl_pct"": 0.1086, ""mean_close_pos"": 0.77, ""mean_hl_pct"": 0.0543, ""min_close_pos"": 0.65, ""status"": ""breakout"", ""tight_weeks"": 3, ""twk_high"": 178.64}",0.0,,,,,,,,,daily_volume_not_confirmed,182.09,1.93,UNCONFIRMED,1.0993168519832033,16.4,2025-10-20,16.6,1,0,156.23,2024-07-08,-22.5,4,67,22.5,2.615384615384615,17.0,1,3.0,-3.1,10.6,True,False,,185.0,-1.5729729729729747,Retail Trade,Apparel/Footwear Retail
ZM,2025-12-12,True,ceiling_breakout,,ceiling,88.9,ceiling_breakout,,0.0,,,,,,,,,daily_volume_not_confirmed,89.52,0.7,UNCONFIRMED,0.9397895426877804,0.0,2025-12-08,0.7,0,0,88.9,2025-01-27,-27.5,2,45,27.5,2.5961538461538463,18.0,0,,,,True,False,,91.43,-2.0890298589084644,Technology Services,Packaged Software
IBM,2025-12-12,True,pivot,False,pivot,309.05,pivot,"{""pivot_candidates"": [{""box_type"": ""S_BOX"", ""price"": 309.05, ""resistance_date"": ""2025-12-08""}]}",0.0,,,,,,,,,daily_volume_not_confirmed,309.24,0.06,UNCONFIRMED,0.6353042207088093,1.1,2025-10-20,6.1,0,0,291.52,2025-06-30,-20.4,1,16,20.4,2.519230769230769,19.0,2,3.0,-3.3,0.0,False,False,,324.9,-4.819944598337944,Unknown,Unknown
TKO,2025-12-12,True,ceiling_breakout,,ceiling,203.33,ceiling_breakout,,0.0,,,,,,,,,daily_volume_not_confirmed,208.42,2.5,UNCONFIRMED,1.1747993652661752,0.0,2025-12-08,2.5,0,0,203.33,2025-09-08,-13.4,1,13,13.4,2.5,20.0,0,,,,True,False,,212.49,-1.9153842533766396,Unknown,Unknown
HWM,2025-12-12,True,ceiling_breakout,,ceiling,191.37,ceiling_breakout,,0.0,,,,,,,,,daily_volume_not_confirmed,198.31,3.63,UNCONFIRMED,1.1443062269831463,0.0,2025-12-08,3.6,0,0,191.37,2025-07-14,-11.5,2,21,11.5,2.5,21.0,0,,,,True,False,,211.83,-6.382476514185909,Electronic Technology,Aerospace & Defense
RTX,2025-12-12,True,10_wk_ema_touch_confirm,False,ma10_touch_confirm,177.23,10_wk_ema_touch_confirm,"{""confirm_date"": ""2025-12-08"", ""ma10_prior_week"": 170.225, ""pending_high"": 177.23, ""touch_date"": ""2025-11-17""}",0.0,,,,,,,,,daily_volume_not_confirmed,178.66,0.81,UNCONFIRMED,0.9644683479786216,32.0,2025-05-26,36.0,6,0,131.32,2025-02-24,-15.6,1,13,15.6,2.3653846153846154,22.0,5,8.0,-7.3,-0.6,True,False,,180.6,-1.074197120708742,Electronic Technology,Aerospace & Defense
UBS,2025-12-12,True,ceiling_breakout,,ceiling,42.38,ceiling_breakout,,0.0,,,,,,,,,daily_volume_not_confirmed,43.21,1.96,UNCONFIRMED,1.1514557473040172,0.0,2025-12-08,2.0,0,0,42.38,2025-09-15,-14.0,1,12,14.0,2.346153846153846,23.0,0,,,,True,False,,43.76,-1.2568555758683653,Finance,Investment Managers
PAC,2025-12-12,True,ceiling_breakout,,ceiling,259.33,ceiling_breakout,,0.0,,,,,,,,,daily_volume_not_confirmed,260.18,0.33,UNCONFIRMED,1.152650062662609,0.0,2025-12-08,0.3,0,0,259.33,2025-09-08,-20.2,1,13,20.2,2.1346153846153846,24.0,0,,,,True,False,,262.35,-0.827139317705361,Unknown,Unknown
COF,2025-12-12,True,10_wk_ema_touch_confirm,,ma10_touch_confirm,233.01,10_wk_ema_touch_confirm,"{""confirm_date"": ""2025-12-08"", ""ma10_prior_week"": 215.334, ""pending_high"": 233.01, ""touch_date"": ""2025-12-01""}",0.0,,,,,,,,,daily_volume_not_confirmed,237.87,2.09,UNCONFIRMED,1.0066407569926124,3.1,2025-12-01,3.6,1,0,229.63,2025-09-15,-13.6,1,11,13.6,2.057692307692308,25.0,0,,,,True,False,,243.31,-2.2358308330935883,Unknown,Unknown
ZION,2025-12-12,True,ceiling_breakout,,ceiling,58.89,ceiling_breakout,,0.0,,,,,,,,,daily_volume_not_confirmed,58.99,0.17,UNCONFIRMED,0.8373236720976494,0.0,2025-12-08,0.2,0,0,58.89,2025-09-15,-22.2,1,12,22.2,1.9423076923076923,26.0,0,,,,True,False,,59.94,-1.5849182515849103,Finance,Major Banks
COE,2025-12-12,False,,True,,,,,,,,,,,,,,,36.45,,,1.9664446089316556,48.4,2025-06-02,49.7,3,1,24.35,2025-02-03,-44.1,2,17,,,,3,9.0,-31.2,-26.4,False,False,,56.13,-35.06146445750935,Unknown,Unknown
CVNA,2025-12-12,False,,,,,,,,,,,,,,,,,455.68,,,1.9281849423364663,14.0,2025-12-01,14.8,0,0,396.96,2025-09-15,-28.2,1,11,,,,0,,,,True,True,,485.33,-6.1092452558053285,Unknown,Unknown
AVGO,2025-12-12,False,,False,,,,,,,,,,,,,,,359.93,,,1.8824815745489452,44.6,2025-06-16,45.2,3,0,247.83,2025-01-20,-44.5,1,21,,,,6,3.0,-11.9,-10.7,False,False,,414.61,-13.188297436144813,Electronic Technology,Semiconductors
CASY,2025-12-12,False,,False,,,,,,,,,,,,,,,540.07,,,1.4887157239220663,1.2,2025-11-03,1.9,2,0,530.07,2025-07-21,-7.7,2,15,,,,1,3.0,-7.7,-5.9,False,False,,573.76,-5.871793084216392,Retail Trade,Specialty Stores
WELL,2025-12-12,False,,False,,,,,,,,,,,,,,,186.73,,,1.40442176122173,33.3,2025-02-03,35.0,4,1,138.32,2024-11-25,-12.5,1,10,,,,9,3.0,-12.2,-10.7,False,False,,209.05,-10.676871561827328,Finance,Real Estate Investment Trusts
RKLB,2025-12-12,False,,True,,,,,,,,,,,,,,,61.49,,,1.378666710768336,73.8,2025-06-23,84.4,3,1,33.34,2025-01-20,-55.9,1,22,,,,3,9.0,-49.2,-16.9,True,True,,73.97,-16.87170474516696,Electronic Technology,Aerospace & Defense
VTR,2025-12-12,False,,False,,,,,,,,,,,,,,,77.86,,,1.249687333563796,10.3,2025-10-13,14.9,1,0,67.77,2025-02-24,-12.5,1,33,,,,2,3.0,-6.0,-3.9,False,False,,81.89,-4.921235804127488,Finance,Real Estate Investment Trusts
FIGS,2025-12-12,False,,False,,,,,,,,,,,,,,,11.97,,,1.2388903182095454,52.3,2025-10-13,73.5,2,0,6.9,2024-09-23,-48.3,2,55,,,,1,3.0,-12.2,42.2,True,False,,12.2,-1.885245901639332,Unknown,Unknown
WMT,2025-12-12,False,,,,,,,,,,,,,,,,,116.7,,,1.198108003934958,10.8,2025-11-17,11.7,1,0,104.51,2025-02-10,-24.0,4,40,,,,0,,,,True,False,,116.95,-0.21376656690893503,Unknown,Unknown
WWD,2025-12-12,False,,,,,,,,,,,,,,,,,297.95,,,1.1855467217324127,-0.7,2025-11-24,11.7,1,0,266.86,2025-07-28,-12.7,1,17,,,,1,2.0,-6.0,-2.2,False,False,,304.72,-2.2217117353636295,Producer Manufacturing,Industrial Machinery
COHR,2025-12-12,False,,False,,,,,,,,,,,,,,,178.34,,,1.176528843126476,53.3,2025-10-13,57.0,1,0,113.6,2024-12-02,-59.9,2,45,,,,2,2.0,-6.2,-5.3,False,False,,200.19,-10.914631100454564,Electronic Technology,Semiconductors
LGND,2025-12-12,False,,False,,,,,,,,,,,,,,,189.55,,,1.1463662350145605,36.3,2025-07-14,48.2,0,0,127.86,2024-12-02,-26.8,3,32,,,,5,3.0,-14.1,-9.3,True,False,,212.49,-10.79580215539555,Health Technology,Pharmaceuticals: Major
COLL,2025-12-12,False,,False,,,,,,,,,,,,,,,48.63,,,1.129285326767017,15.0,2025-11-03,15.2,1,0,42.23,2024-04-01,-45.0,6,83,,,,1,3.0,-10.5,0.9,True,False,,49.15,-1.0579857578840168,Unknown,Unknown
TSM,2025-12-12,False,,True,,,,,,,,,,,,,,,292.04,,,1.1284988937062526,28.5,2025-06-23,30.7,2,1,223.39,2025-01-20,-40.5,1,22,,,,5,7.0,-13.4,-4.9,False,False,,313.13,-6.735221792865575,Electronic Technology,Semiconductors
AZN,2025-12-12,False,,False,,,,,,,,,,,,,,,89.83,,,1.1272136399351629,0.8,2025-11-10,4.6,0,0,85.85,2024-08-26,-29.2,5,63,,,,1,3.0,-5.0,-4.5,False,False,,94.02,-4.456498617315463,Unknown,Unknown
MS,2025-12-12,False,,False,,,,,,,,,,,,,,,178.41,,,1.0950860245562852,25.4,2025-08-04,28.3,4,0,139.08,2025-02-03,-33.6,1,26,,,,4,3.0,-9.6,3.9,True,False,,181.98,-1.9617540389053723,Finance,Investment Managers
WFC,2025-12-12,False,,True,,,,,,,,,,,,,,,92.76,,,1.0902088244588517,12.0,2025-10-13,16.3,1,0,79.77,2024-11-25,-28.0,3,46,,,,1,6.0,-6.7,6.8,True,False,,93.42,-0.7064868336544627,Finance,Major Banks
VRT,2025-12-12,False,,True,,,,,,,,,,,,,,,161.27,,,1.0854085541561351,0.7,2025-09-29,3.6,2,0,155.62,2025-01-20,-65.6,2,36,,,,1,7.0,-26.3,-20.3,False,False,,202.37,-20.309334387508027,Electronic Technology,Electronic Production Equipment
CRDO,2025-12-12,False,,False,,,,,,,,,,,,,,,143.91,,,1.077457133095526,53.9,2025-06-23,66.0,2,0,86.69,2025-01-20,-66.4,1,22,,,,4,7.0,-36.0,-25.6,False,False,,213.8,-32.68942937324603,Technology Services,Information Technology Services
C,2025-12-12,False,,True,,,,,,,,,,,,,,,111.8,,,1.0413901792651004,34.2,2025-06-23,34.8,4,1,82.95,2025-02-10,-34.4,1,19,,,,4,10.0,-11.3,6.5,True,False,,113.26,-1.2890693978456769,Finance,Major Banks
AU,2025-12-12,False,,False,,,,,,,,,,,,,,,82.92,,,1.037359306981528,176.7,2025-03-03,177.2,6,1,29.91,2024-08-12,-28.6,2,29,,,,8,3.0,-11.6,-6.1,True,False,,88.28,-6.071590394200266,Unknown,Unknown
SHEL,2025-12-12,False,,False,,,,,,,,,,,,,,,72.33,,,1.017422819501658,-3.7,2025-10-20,0.5,0,0,71.98,2025-03-24,-21.1,3,30,,,,1,8.0,-4.9,-4.3,False,False,,76.74,-5.746677091477714,Energy Minerals,Integrated Oil
CAT,2025-12-12,False,,True,,,,,,,,,,,,,,,597.89,,,0.9922605090185476,45.5,2025-07-14,48.2,1,0,403.5,2025-01-20,-34.5,1,25,,,,7,2.0,-2.5,-1.5,False,False,,627.5,-4.7187250996015955,Producer Manufacturing,Trucks/Construction/Farm Machinery
CHRW,2025-12-12,False,,False,,,,,,,,,,,,,,,157.09,,,0.9787188640488982,39.2,2025-07-28,39.8,2,1,112.35,2024-12-09,-25.8,4,33,,,,4,3.0,-5.0,-1.6,True,False,,162.14,-3.114592327618093,Unknown,Unknown
ARGX,2025-12-12,False,,False,,,,,,,,,,,,,,,877.94,,,0.9786300571531632,23.3,2025-08-25,32.3,2,0,663.78,2025-01-06,-23.2,2,33,,,,4,4.0,-6.3,-6.0,False,False,,934.62,-6.064496800838837,Health Technology,Biotechnology
JNJ,2025-12-12,False,,False,,,,,,,,,,,,,,,211.58,,,0.9669801182271336,23.7,2025-08-04,27.3,2,0,166.26,2022-04-04,-18.7,10,174,,,,4,3.0,-2.8,2.5,True,False,,212.27,-0.32505770952089286,Health Technology,Pharmaceuticals: Major
LSCC,2025-12-12,False,,,,,,,,,,,,,,,,,75.62,,,0.9644075875220518,-4.1,2025-12-01,7.2,0,0,70.55,2025-02-17,-50.8,2,41,,,,1,2.0,-7.8,-6.9,False,False,,81.23,-6.906315400714025,Electronic Technology,Semiconductors
ABBV,2025-12-12,False,,True,,,,,,,,,,,,,,,223.32,,,0.9502301747094424,5.8,2025-09-01,6.2,1,0,210.34,2024-10-28,-24.8,3,44,,,,3,4.0,-7.5,-6.2,False,False,,243.06,-8.121451493458409,Health Technology,Pharmaceuticals: Major
MNST,2025-12-12,False,,False,,,,,,,,,,,,,,,73.97,,,0.9411599540062072,13.2,2025-09-22,14.8,2,0,64.45,2024-03-11,-32.8,6,80,,,,2,3.0,-4.0,-1.7,True,False,,76.28,-3.028316727844782,Consumer Non-Durables,Beverages: Non-Alcoholic
FE,2025-12-12,False,,False,,,,,,,,,,,,,,,44.26,,,0.93589638813212,4.4,2025-08-04,4.4,3,0,42.38,2024-09-09,-14.0,4,47,,,,4,3.0,-7.9,-7.3,False,False,,47.73,-7.27006075843285,Unknown,Unknown
NVDA,2025-12-12,False,,False,,,,,,,,,,,,,,,175.02,,,0.9357710082765566,11.0,2025-06-23,16.9,2,0,149.72,2024-11-04,-42.2,2,33,,,,3,7.0,-20.1,-17.5,False,False,,212.18,-17.513431991705154,Electronic Technology,Semiconductors
FN,2025-12-12,False,,False,,,,,,,,,,,,,,,470.89,,,0.9352266275750136,59.3,2025-06-23,67.1,3,0,281.79,2024-08-19,-47.3,3,44,,,,7,2.0,-4.5,-2.9,False,False,,531.22,-11.356876623621105,Unknown,Unknown
MDT,2025-12-12,False,,False,,,,,,,,,,,,,,,99.87,,,0.9108481579704484,4.2,2025-11-10,7.0,1,0,93.33,2024-10-14,-17.5,3,56,,,,1,3.0,-6.8,-6.1,False,False,,106.33,-6.075425561929837,Unknown,Unknown
MMM,2025-12-12,False,,False,,,,,,,,,,,,,,,168.9,,,0.9055467826432596,0.7,2025-10-20,10.1,0,0,153.37,2025-02-24,-21.6,4,34,,,,2,3.0,-5.8,-2.0,True,False,,174.69,-3.3144427271166066,Producer Manufacturing,Industrial Conglomerates
NTRA,2025-12-12,False,,,,,,,,,,,,,,,,,231.95,,,0.9045661745597616,20.5,2025-10-20,27.4,1,0,182.12,2025-01-27,-31.2,2,38,,,,1,2.0,-8.1,-5.6,False,False,,246.9,-6.0550830295666325,Health Technology,Biotechnology
NU,2025-12-12,False,,False,,,,,,,,,,,,,,,16.9,,,0.9032816111486766,6.7,2025-10-20,9.5,1,0,15.44,2024-08-26,-41.6,6,60,,,,2,3.0,-7.2,-3.8,True,False,,17.84,-5.269058295964135,Unknown,Unknown
GOOG,2025-12-12,False,,True,,,,,,,,,,,,,,,310.52,,,0.8985833709967566,50.4,2025-08-18,50.5,0,0,206.28,2025-01-27,-31.0,1,29,,,,3,2.0,-5.1,-4.0,False,False,,328.46,-5.461852280338553,Technology Services,Internet Software/Services
SANM,2025-12-12,False,,True,,,,,,,,,,,,,,,160.63,,,0.8967076172128728,63.8,2025-06-23,77.8,3,1,90.32,2024-11-04,-29.5,2,33,,,,3,6.0,-20.0,-10.0,False,False,,178.39,-9.955715006446543,Electronic Technology,Electronic Production Equipment
LLY,2025-12-12,False,,False,,,,,,,,,,,,,,,1027.51,,,0.8903633104383142,0.4,2025-11-10,6.6,0,0,963.68,2024-08-26,-35.5,6,63,,,,1,3.0,-12.1,-7.6,True,False,,1111.99,-7.5971906222178305,Health Technology,Pharmaceuticals: Major
EWBC,2025-12-12,False,,,,,,,,,,,,,,,,,113.62,,,0.8884616569073,3.0,2025-12-01,3.2,0,0,110.15,2025-09-08,-16.4,1,12,,,,0,,,,True,False,,116.5,-2.472103004291837,Finance,Regional Banks
CLS,2025-12-12,False,,True,,,,,,,,,,,,,,,306.5,,,0.8704226727618639,100.8,2025-06-23,126.6,2,0,135.25,2025-02-10,-57.1,1,19,,,,5,7.0,-27.1,-15.1,False,False,,363.4,-15.657677490368737,Electronic Technology,Electronic Components
MU,2025-12-12,False,,True,,,,,,,,,,,,,,,241.14,,,0.866889820953703,53.5,2025-09-08,68.2,0,0,143.33,2024-06-10,-57.1,5,65,,,,3,5.0,-25.1,-6.2,False,False,,264.75,-8.917847025495751,Electronic Technology,Semiconductors
PATH,2025-12-12,False,,,,,,,,,,,,,,,,,17.42,,,0.8447909333236734,-6.7,2025-12-01,13.1,0,0,15.4,2025-02-10,-39.1,3,42,,,,1,2.0,-9.2,-8.2,False,False,,19.84,-12.197580645161278,Unknown,Unknown
IBKR,2025-12-12,False,,True,,,,,,,,,,,,,,,64.15,,,0.831778499660668,0.4,2025-07-14,9.1,2,0,58.82,2025-02-10,-44.4,1,22,,,,4,6.0,-19.5,-12.3,False,False,,73.26,-12.43516243516244,Finance,Investment Banks/Brokers
EA,2025-12-12,False,,False,,,,,,,,,,,,,,,203.73,,,0.8105384462887449,21.8,2025-08-04,21.8,2,1,167.29,2024-12-02,-31.5,3,35,,,,4,3.0,-0.8,0.8,False,False,,204.64,-0.4446833463643496,Unknown,Unknown
CAH,2025-12-12,False,,False,,,,,,,,,,,,,,,198.18,,,0.7978711112141277,3.9,2025-10-27,18.6,0,0,167.11,2025-06-23,-17.8,1,18,,,,1,3.0,-8.2,-7.8,False,False,,214.93,-7.79323500674638,Distribution Services,Medical Distributors
W,2025-12-12,False,,False,,,,,,,,,,,,,,,97.31,,,0.7961192188606206,-6.0,2025-10-27,7.3,1,0,90.71,2023-07-31,-77.5,9,117,,,,2,3.0,-20.6,-15.1,True,False,,114.92,-15.323703445875392,Retail Trade,Specialty Stores
SEDG,2025-12-12,False,,True,,,,,,,,,,,,,,,29.53,,,0.7907702619995423,7.2,2025-06-30,24.2,2,1,23.77,2025-02-17,-53.7,1,19,,,,6,6.0,-30.0,-29.0,False,False,,48.6,-39.23868312757202,Unknown,Unknown
APP,2025-12-12,False,,,,,,,,,,,,,,,,,670.67,,,0.7904656483126,11.9,2025-11-24,27.7,1,0,525.15,2025-02-10,-61.8,3,41,,,,1,2.0,-4.8,-4.5,False,False,,745.61,-10.05083086331997,Unknown,Unknown
AMAT,2025-12-12,False,,,,,,,,,,,,,,,,,259.21,,,0.7837625737128572,-3.3,2025-12-01,2.7,0,0,252.28,2024-07-08,-51.3,4,73,,,,1,2.0,-6.0,-5.3,False,False,,276.1,-6.117348786671506,Producer Manufacturing,Industrial Machinery
AAPL,2025-12-12,False,,False,,,,,,,,,,,,,,,278.28,,,0.77997455537351,6.0,2025-10-20,7.5,0,0,258.93,2024-12-23,-34.9,3,43,,,,3,3.0,-2.3,-0.7,True,False,,288.62,-3.5825653107892874,Electronic Technology,Telecommunications Equipment
NET,2025-12-12,False,,False,,,,,,,,,,,,,,,202.44,,,0.7778483363522434,12.9,2025-06-16,14.1,4,0,177.37,2025-02-10,-49.6,1,18,,,,4,7.0,-28.8,-20.4,False,False,,260.0,-22.13846153846154,Technology Services,Information Technology Services
WES,2025-12-12,False,,,,,,,,,,,,,,,,,39.41,,,0.7753264836975226,0.2,2025-11-24,0.5,0,0,39.21,2025-03-24,-20.2,4,35,,,,1,2.0,-5.0,-2.9,False,False,,40.57,-2.8592556075918263,Industrial Services,Oil & Gas Pipelines
ALB,2025-12-12,False,,False,,,,,,,,,,,,,,,132.74,,,0.7686419374618171,15.3,2025-11-10,23.1,0,0,107.84,2024-11-18,-54.7,3,51,,,,1,3.0,-9.9,1.7,True,False,,136.1,-2.46877296105803,Unknown,Unknown
GSK,2025-12-12,False,,False,,,,,,,,,,,,,,,48.81,,,0.7554037306497238,5.1,2025-10-27,13.5,1,0,43.01,2024-05-20,-29.3,4,75,,,,1,3.0,-2.5,4.4,True,False,,49.31,-1.0139931048468886,Unknown,Unknown
SOFI,2025-12-12,False,,False,,,,,,,,,,,,,,,27.28,,,0.7544323471788416,46.9,2025-06-30,48.1,1,0,18.42,2025-01-20,-53.3,1,23,,,,4,3.0,-11.9,-8.3,False,False,,32.73,-16.651390161930934,Unknown,Unknown
LEU,2025-12-12,False,,True,,,,,,,,,,,,,,,249.01,,,0.7538446576660155,96.2,2025-05-26,102.5,1,0,122.95,2024-10-28,-59.8,2,30,,,,3,8.0,-45.9,-39.1,False,False,,464.25,-46.36295099623048,Unknown,Unknown
WDC,2025-12-12,False,,True,,,,,,,,,,,,,,,176.34,,,0.7526169486432512,179.2,2025-06-23,191.4,1,0,60.52,2024-07-08,-52.5,3,50,,,,3,4.0,-20.9,5.4,True,False,,188.77,-6.584732743550359,Electronic Technology,Computer Peripherals
IREN,2025-12-12,False,,False,,,,,,,,,,,,,,,40.13,,,0.7482767384838389,117.5,2025-08-04,152.1,2,0,15.92,2024-12-02,-67.8,2,35,,,,2,8.0,-38.3,-37.0,False,False,,76.87,-47.79497853518928,Unknown,Unknown
WULF,2025-12-12,False,,False,,,,,,,,,,,,,,,14.33,,,0.7444904053307791,59.8,2025-08-11,70.6,2,0,8.4,2024-11-04,-75.5,2,40,,,,5,3.0,-16.7,-11.2,False,False,,17.05,-15.953079178885632,Unknown,Unknown
IDCC,2025-12-12,False,,True,,,,,,,,,,,,,,,354.28,,,0.744365923363215,40.4,2025-07-28,57.6,1,0,224.86,2025-03-17,-20.3,1,19,,,,3,8.0,-16.0,-7.8,False,False,,412.6,-14.134755210857985,Unknown,Unknown
SNDK,2025-12-12,False,,False,,,,,,,,,,,,,,,206.18,,,0.71567164748132,200.8,2025-09-01,270.2,0,0,55.69,2025-03-24,-49.9,2,23,,,,3,5.0,-35.7,-27.6,False,False,,284.76,-27.59516786065458,Electronic Technology,Computer Peripherals
QBTS,2025-12-12,False,,True,,,,,,,,,,,,,,,26.1,,,0.6764924220557361,113.1,2025-05-12,128.7,3,2,11.41,2024-12-23,-67.2,2,20,,,,4,9.0,-60.3,-44.2,False,False,,46.75,-44.1711229946524,Unknown,Unknown
SHOP,2025-12-12,False,,False,,,,,,,,,,,,,,,164.19,,,0.6721529291317798,9.7,2025-08-04,27.7,3,1,128.57,2025-02-10,-45.7,1,25,,,,4,7.0,-25.3,-9.9,True,False,,182.19,-9.879795817553106,Unknown,Unknown
OUST,2025-12-12,False,,True,,,,,,,,,,,,,,,24.26,,,0.6611634448835314,12.7,2025-06-16,26.4,1,0,19.2,2023-01-30,-83.3,8,124,,,,4,8.0,-48.9,-33.1,False,False,,41.65,-41.75270108043216,Electronic Technology,Semiconductors
HUT,2025-12-12,False,,False,,,,,,,,,,,,,,,41.31,,,0.6608429761830394,27.3,2025-09-08,29.3,0,0,31.95,2024-12-02,-68.6,3,40,,,,3,7.0,-42.3,-24.7,False,False,,57.29,-27.893175074183972,Technology Services,Data Processing Services
GH,2025-12-12,False,,False,,,,,,,,,,,,,,,102.07,,,0.6215596091912347,88.2,2025-08-04,106.3,4,1,49.48,2025-02-10,-29.5,3,25,,,,3,3.0,-10.9,-9.2,False,False,,112.43,-9.21462243173531,Health Technology,Medical Specialties
OKLO,2025-12-12,False,,True,,,,,,,,,,,,,,,87.42,,,0.6102551098850483,26.7,2025-07-14,47.8,4,1,59.14,2025-02-03,-70.5,1,23,,,,3,9.0,-59.2,-54.9,False,False,,193.84,-54.9009492364837,Unknown,Unknown
NBIS,2025-12-12,False,,False,,,,,,,,,,,,,,,87.69,,,0.5867211915390367,66.1,2025-07-14,83.9,3,0,47.68,2025-02-10,-61.6,1,22,,,,4,7.0,-40.8,-33.6,False,False,,141.1,-37.85258681785967,Technology Services,Packaged Software
BTSG,2025-12-12,False,,False,,,,,,,,,,,,,,,36.54,,,0.5855526281629885,38.1,2025-09-08,47.2,1,0,24.82,2025-01-27,-37.6,2,32,,,,2,3.0,-6.4,-0.6,True,False,,37.18,-1.7213555675094194,Health Services,Medical/Nursing Services
FUTU,2025-12-12,False,,True,,,,,,,,,,,,,,,171.45,,,0.5553992958608799,14.3,2025-07-07,34.6,1,0,127.39,2024-09-30,-44.6,2,40,,,,3,7.0,-23.9,-14.9,False,False,,202.53,-15.34587468523182,Unknown,Unknown
UI,2025-12-12,False,,True,,,,,,,,,,,,,,,561.3,,,0.5324068833123409,10.3,2025-08-18,28.9,1,0,435.46,2025-01-20,-41.7,2,30,,,,3,7.0,-36.5,-29.4,False,False,,802.45,-30.051716617857814,Unknown,Unknown
MP,2025-12-12,False,,True,,,,,,,,,,,,,,,56.66,,,0.4095745127081175,85.5,2025-06-09,110.2,2,0,26.95,2025-03-10,-30.8,1,13,,,,4,9.0,-49.6,-43.5,False,False,,100.25,-43.48129675810474,Unknown,Unknown
