snapshot_date,policy_id,underfill_cause,original_pick_count,pick_count,full3,original_codes,codes,added_codes,added_reasons,mature,capital_adjusted_return,selection_quality_return,capital_stop8_pct,one_pick_ruined,added_pick_count,added_selection_quality_return,added_stop8_pct
2025-10-10,B0_ORIGINAL,ELIGIBILITY_SHORTAGE,0,0,False,[],[],[],{},True,0.0,,0.0,False,0,,
2025-10-10,B0_FILL3_RELAX_INDUSTRY,ELIGIBILITY_SHORTAGE,0,0,False,[],[],[],{},True,0.0,,0.0,False,0,,
2025-10-10,B0_FILL3_EPS_ONLY,ELIGIBILITY_SHORTAGE,0,0,False,[],[],[],{},True,0.0,,0.0,False,0,,
2025-10-10,B0_FILL3_SINGLE_REJECT,ELIGIBILITY_SHORTAGE,0,3,True,[],"[""RIOT"", ""TEM"", ""ANET""]","[""RIOT"", ""TEM"", ""ANET""]","{""ANET"": [""non_actionable""], ""RIOT"": [""non_actionable""], ""TEM"": [""non_actionable""]}",True,-19.070733333333333,-19.070733333333333,100.0,True,3,-19.070733333333333,100.0
2025-10-10,B0_FILL3_ANY_REJECT,ELIGIBILITY_SHORTAGE,0,3,True,[],"[""RIOT"", ""GSK"", ""ANET""]","[""RIOT"", ""GSK"", ""ANET""]","{""ANET"": [""non_actionable""], ""GSK"": [""non_actionable"", ""eps_unknown""], ""RIOT"": [""non_actionable""]}",True,-8.188908333333332,-8.188908333333332,66.66666666666666,True,3,-8.188908333333332,66.66666666666666
2025-10-24,B0_ORIGINAL,ELIGIBILITY_SHORTAGE,2,2,False,"[""IBM"", ""AAPL""]","[""IBM"", ""AAPL""]",[],{},True,1.2055353333333334,1.8083030000000002,0.0,False,0,,
2025-10-24,B0_FILL3_RELAX_INDUSTRY,ELIGIBILITY_SHORTAGE,2,2,False,"[""IBM"", ""AAPL""]","[""IBM"", ""AAPL""]",[],{},True,1.2055353333333334,1.8083030000000002,0.0,False,0,,
2025-10-24,B0_FILL3_EPS_ONLY,ELIGIBILITY_SHORTAGE,2,2,False,"[""IBM"", ""AAPL""]","[""IBM"", ""AAPL""]",[],{},True,1.2055353333333334,1.8083030000000002,0.0,False,0,,
2025-10-24,B0_FILL3_SINGLE_REJECT,ELIGIBILITY_SHORTAGE,2,3,True,"[""IBM"", ""AAPL""]","[""IBM"", ""AAPL"", ""HWM""]","[""HWM""]","{""HWM"": [""non_actionable""]}",True,1.0511143333333335,1.0511143333333335,0.0,False,1,-0.463263,0.0
2025-10-24,B0_FILL3_ANY_REJECT,ELIGIBILITY_SHORTAGE,2,3,True,"[""IBM"", ""AAPL""]","[""IBM"", ""AAPL"", ""HWM""]","[""HWM""]","{""HWM"": [""non_actionable""]}",True,1.0511143333333335,1.0511143333333335,0.0,False,1,-0.463263,0.0
2025-10-31,B0_ORIGINAL,ELIGIBILITY_SHORTAGE,2,2,False,"[""VTR"", ""SOFI""]","[""VTR"", ""SOFI""]",[],{},True,2.637856,3.9567840000000003,33.33333333333333,True,0,,
2025-10-31,B0_FILL3_RELAX_INDUSTRY,ELIGIBILITY_SHORTAGE,2,2,False,"[""VTR"", ""SOFI""]","[""VTR"", ""SOFI""]",[],{},True,2.637856,3.9567840000000003,33.33333333333333,True,0,,
2025-10-31,B0_FILL3_EPS_ONLY,ELIGIBILITY_SHORTAGE,2,2,False,"[""VTR"", ""SOFI""]","[""VTR"", ""SOFI""]",[],{},True,2.637856,3.9567840000000003,33.33333333333333,True,0,,
2025-10-31,B0_FILL3_SINGLE_REJECT,ELIGIBILITY_SHORTAGE,2,3,True,"[""VTR"", ""SOFI""]","[""VTR"", ""SOFI"", ""HOOD""]","[""HOOD""]","{""HOOD"": [""non_actionable""]}",True,-3.086094999999999,-3.086094999999999,66.66666666666666,True,1,-17.171853,99.99999999999999
2025-10-31,B0_FILL3_ANY_REJECT,ELIGIBILITY_SHORTAGE,2,3,True,"[""VTR"", ""SOFI""]","[""VTR"", ""SOFI"", ""HOOD""]","[""HOOD""]","{""HOOD"": [""non_actionable""]}",True,-3.086094999999999,-3.086094999999999,66.66666666666666,True,1,-17.171853,99.99999999999999
2025-11-07,B0_ORIGINAL,ELIGIBILITY_SHORTAGE,1,1,False,"[""COLL""]","[""COLL""]",[],{},True,4.367327666666667,13.101983,0.0,False,0,,
2025-11-07,B0_FILL3_RELAX_INDUSTRY,ELIGIBILITY_SHORTAGE,1,2,False,"[""COLL""]","[""COLL"", ""SEDG""]","[""SEDG""]","{""SEDG"": []}",True,-4.565396333333333,-6.8480945,33.33333333333333,True,1,-26.798172,99.99999999999999
2025-11-07,B0_FILL3_EPS_ONLY,ELIGIBILITY_SHORTAGE,1,1,False,"[""COLL""]","[""COLL""]",[],{},True,4.367327666666667,13.101983,0.0,False,0,,
2025-11-07,B0_FILL3_SINGLE_REJECT,ELIGIBILITY_SHORTAGE,1,3,True,"[""COLL""]","[""COLL"", ""GH"", ""VTR""]","[""GH"", ""VTR""]","{""GH"": [""non_actionable""], ""VTR"": [""non_actionable""]}",True,8.745207666666667,8.745207666666667,0.0,False,2,6.56682,0.0
2025-11-07,B0_FILL3_ANY_REJECT,ELIGIBILITY_SHORTAGE,1,3,True,"[""COLL""]","[""COLL"", ""GH"", ""VTR""]","[""GH"", ""VTR""]","{""GH"": [""non_actionable""], ""VTR"": [""non_actionable""]}",True,8.745207666666667,8.745207666666667,0.0,False,2,6.56682,0.0
2025-11-14,B0_ORIGINAL,FULL,3,3,True,"[""ALL"", ""LH"", ""LYFT""]","[""ALL"", ""LH"", ""LYFT""]",[],{},True,-6.098831333333334,-6.098831333333334,33.33333333333333,True,0,,
2025-11-14,B0_FILL3_RELAX_INDUSTRY,FULL,3,3,True,"[""ALL"", ""LH"", ""LYFT""]","[""ALL"", ""LH"", ""LYFT""]",[],{},True,-6.098831333333334,-6.098831333333334,33.33333333333333,True,0,,
2025-11-14,B0_FILL3_EPS_ONLY,FULL,3,3,True,"[""ALL"", ""LH"", ""LYFT""]","[""ALL"", ""LH"", ""LYFT""]",[],{},True,-6.098831333333334,-6.098831333333334,33.33333333333333,True,0,,
2025-11-14,B0_FILL3_SINGLE_REJECT,FULL,3,3,True,"[""ALL"", ""LH"", ""LYFT""]","[""ALL"", ""LH"", ""LYFT""]",[],{},True,-6.098831333333334,-6.098831333333334,33.33333333333333,True,0,,
2025-11-14,B0_FILL3_ANY_REJECT,FULL,3,3,True,"[""ALL"", ""LH"", ""LYFT""]","[""ALL"", ""LH"", ""LYFT""]",[],{},True,-6.098831333333334,-6.098831333333334,33.33333333333333,True,0,,
2025-11-21,B0_ORIGINAL,ELIGIBILITY_SHORTAGE,1,1,False,"[""WMT""]","[""WMT""]",[],{},True,2.364088666666667,7.092266,0.0,False,0,,
2025-11-21,B0_FILL3_RELAX_INDUSTRY,ELIGIBILITY_SHORTAGE,1,1,False,"[""WMT""]","[""WMT""]",[],{},True,2.364088666666667,7.092266,0.0,False,0,,
2025-11-21,B0_FILL3_EPS_ONLY,ELIGIBILITY_SHORTAGE,1,1,False,"[""WMT""]","[""WMT""]",[],{},True,2.364088666666667,7.092266,0.0,False,0,,
2025-11-21,B0_FILL3_SINGLE_REJECT,ELIGIBILITY_SHORTAGE,1,3,True,"[""WMT""]","[""WMT"", ""BTSG"", ""ABBV""]","[""BTSG"", ""ABBV""]","{""ABBV"": [""non_actionable""], ""BTSG"": [""non_actionable""]}",True,4.058366666666667,4.058366666666667,0.0,False,2,2.541417,0.0
2025-11-21,B0_FILL3_ANY_REJECT,ELIGIBILITY_SHORTAGE,1,3,True,"[""WMT""]","[""WMT"", ""BTSG"", ""ABBV""]","[""BTSG"", ""ABBV""]","{""ABBV"": [""non_actionable""], ""BTSG"": [""non_actionable""]}",True,4.058366666666667,4.058366666666667,0.0,False,2,2.541417,0.0
2025-11-28,B0_ORIGINAL,FULL,3,3,True,"[""MNST"", ""ROST"", ""WFC""]","[""MNST"", ""ROST"", ""WFC""]",[],{},True,5.472503333333333,5.472503333333333,0.0,False,0,,
2025-11-28,B0_FILL3_RELAX_INDUSTRY,FULL,3,3,True,"[""MNST"", ""ROST"", ""WFC""]","[""MNST"", ""ROST"", ""WFC""]",[],{},True,5.472503333333333,5.472503333333333,0.0,False,0,,
2025-11-28,B0_FILL3_EPS_ONLY,FULL,3,3,True,"[""MNST"", ""ROST"", ""WFC""]","[""MNST"", ""ROST"", ""WFC""]",[],{},True,5.472503333333333,5.472503333333333,0.0,False,0,,
2025-11-28,B0_FILL3_SINGLE_REJECT,FULL,3,3,True,"[""MNST"", ""ROST"", ""WFC""]","[""MNST"", ""ROST"", ""WFC""]",[],{},True,5.472503333333333,5.472503333333333,0.0,False,0,,
2025-11-28,B0_FILL3_ANY_REJECT,FULL,3,3,True,"[""MNST"", ""ROST"", ""WFC""]","[""MNST"", ""ROST"", ""WFC""]",[],{},True,5.472503333333333,5.472503333333333,0.0,False,0,,
2025-12-05,B0_ORIGINAL,ELIGIBILITY_SHORTAGE,1,1,False,"[""DASH""]","[""DASH""]",[],{},True,0.3071443333333333,0.921433,0.0,False,0,,
2025-12-05,B0_FILL3_RELAX_INDUSTRY,ELIGIBILITY_SHORTAGE,1,1,False,"[""DASH""]","[""DASH""]",[],{},True,0.3071443333333333,0.921433,0.0,False,0,,
2025-12-05,B0_FILL3_EPS_ONLY,ELIGIBILITY_SHORTAGE,1,1,False,"[""DASH""]","[""DASH""]",[],{},True,0.3071443333333333,0.921433,0.0,False,0,,
2025-12-05,B0_FILL3_SINGLE_REJECT,ELIGIBILITY_SHORTAGE,1,3,True,"[""DASH""]","[""DASH"", ""WWD"", ""WDC""]","[""WWD"", ""WDC""]","{""WDC"": [""non_actionable""], ""WWD"": [""non_actionable""]}",True,5.641863333333333,5.641863333333333,0.0,False,2,8.0020785,0.0
2025-12-05,B0_FILL3_ANY_REJECT,ELIGIBILITY_SHORTAGE,1,3,True,"[""DASH""]","[""DASH"", ""WWD"", ""WDC""]","[""WWD"", ""WDC""]","{""WDC"": [""non_actionable""], ""WWD"": [""non_actionable""]}",True,5.641863333333333,5.641863333333333,0.0,False,2,8.0020785,0.0
2025-12-12,B0_ORIGINAL,ELIGIBILITY_SHORTAGE,0,0,False,[],[],[],{},True,0.0,,0.0,False,0,,
2025-12-12,B0_FILL3_RELAX_INDUSTRY,ELIGIBILITY_SHORTAGE,0,0,False,[],[],[],{},True,0.0,,0.0,False,0,,
2025-12-12,B0_FILL3_EPS_ONLY,ELIGIBILITY_SHORTAGE,0,0,False,[],[],[],{},True,0.0,,0.0,False,0,,
2025-12-12,B0_FILL3_SINGLE_REJECT,ELIGIBILITY_SHORTAGE,0,3,True,[],"[""STX"", ""COF"", ""RTX""]","[""STX"", ""COF"", ""RTX""]","{""COF"": [""non_actionable""], ""RTX"": [""non_actionable""], ""STX"": [""non_actionable""]}",True,5.231802333333333,5.231802333333333,0.0,False,3,5.231802333333333,0.0
2025-12-12,B0_FILL3_ANY_REJECT,ELIGIBILITY_SHORTAGE,0,3,True,[],"[""STX"", ""COF"", ""RTX""]","[""STX"", ""COF"", ""RTX""]","{""COF"": [""non_actionable""], ""RTX"": [""non_actionable""], ""STX"": [""non_actionable""]}",True,5.231802333333333,5.231802333333333,0.0,False,3,5.231802333333333,0.0
2025-12-19,B0_ORIGINAL,FULL,3,3,True,"[""SCHW"", ""PLTR"", ""MU""]","[""SCHW"", ""PLTR"", ""MU""]",[],{},True,7.624064,7.624064,33.33333333333333,True,0,,
2025-12-19,B0_FILL3_RELAX_INDUSTRY,FULL,3,3,True,"[""SCHW"", ""PLTR"", ""MU""]","[""SCHW"", ""PLTR"", ""MU""]",[],{},True,7.624064,7.624064,33.33333333333333,True,0,,
2025-12-19,B0_FILL3_EPS_ONLY,FULL,3,3,True,"[""SCHW"", ""PLTR"", ""MU""]","[""SCHW"", ""PLTR"", ""MU""]",[],{},True,7.624064,7.624064,33.33333333333333,True,0,,
2025-12-19,B0_FILL3_SINGLE_REJECT,FULL,3,3,True,"[""SCHW"", ""PLTR"", ""MU""]","[""SCHW"", ""PLTR"", ""MU""]",[],{},True,7.624064,7.624064,33.33333333333333,True,0,,
2025-12-19,B0_FILL3_ANY_REJECT,FULL,3,3,True,"[""SCHW"", ""PLTR"", ""MU""]","[""SCHW"", ""PLTR"", ""MU""]",[],{},True,7.624064,7.624064,33.33333333333333,True,0,,
2025-12-26,B0_ORIGINAL,ELIGIBILITY_SHORTAGE,2,2,False,"[""HEI"", ""HUT""]","[""HEI"", ""HUT""]",[],{},True,5.438454,8.157681,0.0,False,0,,
2025-12-26,B0_FILL3_RELAX_INDUSTRY,ELIGIBILITY_SHORTAGE,2,2,False,"[""HEI"", ""HUT""]","[""HEI"", ""HUT""]",[],{},True,5.438454,8.157681,0.0,False,0,,
2025-12-26,B0_FILL3_EPS_ONLY,ELIGIBILITY_SHORTAGE,2,2,False,"[""HEI"", ""HUT""]","[""HEI"", ""HUT""]",[],{},True,5.438454,8.157681,0.0,False,0,,
2025-12-26,B0_FILL3_SINGLE_REJECT,ELIGIBILITY_SHORTAGE,2,3,True,"[""HEI"", ""HUT""]","[""HEI"", ""HUT"", ""IBKR""]","[""IBKR""]","{""IBKR"": [""non_actionable""]}",True,10.334732333333333,10.334732333333333,0.0,False,1,14.688835,0.0
2025-12-26,B0_FILL3_ANY_REJECT,ELIGIBILITY_SHORTAGE,2,3,True,"[""HEI"", ""HUT""]","[""HEI"", ""HUT"", ""IBKR""]","[""IBKR""]","{""IBKR"": [""non_actionable""]}",True,10.334732333333333,10.334732333333333,0.0,False,1,14.688835,0.0
2026-01-02,B0_ORIGINAL,ELIGIBILITY_SHORTAGE,1,1,False,"[""FTAI""]","[""FTAI""]",[],{},True,9.67264,29.01792,0.0,False,0,,
2026-01-02,B0_FILL3_RELAX_INDUSTRY,ELIGIBILITY_SHORTAGE,1,1,False,"[""FTAI""]","[""FTAI""]",[],{},True,9.67264,29.01792,0.0,False,0,,
2026-01-02,B0_FILL3_EPS_ONLY,ELIGIBILITY_SHORTAGE,1,2,False,"[""FTAI""]","[""FTAI"", ""TSM""]","[""TSM""]","{""TSM"": [""eps_unknown""]}",True,10.779018666666666,16.168528,0.0,False,1,3.319136,0.0
2026-01-02,B0_FILL3_SINGLE_REJECT,ELIGIBILITY_SHORTAGE,1,3,True,"[""FTAI""]","[""FTAI"", ""HWM"", ""LSCC""]","[""HWM"", ""LSCC""]","{""HWM"": [""non_actionable""], ""LSCC"": [""non_actionable""]}",True,10.025064333333335,10.025064333333335,0.0,False,2,0.5286365,0.0
2026-01-02,B0_FILL3_ANY_REJECT,ELIGIBILITY_SHORTAGE,1,3,True,"[""FTAI""]","[""FTAI"", ""HWM"", ""LSCC""]","[""HWM"", ""LSCC""]","{""HWM"": [""non_actionable""], ""LSCC"": [""non_actionable""]}",True,10.025064333333335,10.025064333333335,0.0,False,2,0.5286365,0.0
2026-01-09,B0_ORIGINAL,ELIGIBILITY_SHORTAGE,1,1,False,"[""GH""]","[""GH""]",[],{},True,-2.2595870000000002,-6.778761,33.33333333333333,True,0,,
2026-01-09,B0_FILL3_RELAX_INDUSTRY,ELIGIBILITY_SHORTAGE,1,1,False,"[""GH""]","[""GH""]",[],{},True,-2.2595870000000002,-6.778761,33.33333333333333,True,0,,
2026-01-09,B0_FILL3_EPS_ONLY,ELIGIBILITY_SHORTAGE,1,2,False,"[""GH""]","[""GH"", ""VALE""]","[""VALE""]","{""VALE"": [""eps_unknown""]}",True,4.289777666666667,6.4346665000000005,33.33333333333333,True,1,19.648094,0.0
2026-01-09,B0_FILL3_SINGLE_REJECT,ELIGIBILITY_SHORTAGE,1,3,True,"[""GH""]","[""GH"", ""VALE"", ""STX""]","[""VALE"", ""STX""]","{""STX"": [""non_actionable""], ""VALE"": [""eps_unknown""]}",True,18.287143,18.287143,33.33333333333333,True,2,30.820095,0.0
2026-01-09,B0_FILL3_ANY_REJECT,ELIGIBILITY_SHORTAGE,1,3,True,"[""GH""]","[""GH"", ""VALE"", ""STX""]","[""VALE"", ""STX""]","{""STX"": [""non_actionable""], ""VALE"": [""eps_unknown""]}",True,18.287143,18.287143,33.33333333333333,True,2,30.820095,0.0
2026-01-16,B0_ORIGINAL,INDUSTRY_CONSTRAINT,2,2,False,"[""BKR"", ""FE""]","[""BKR"", ""FE""]",[],{},True,7.442079333333332,11.163118999999998,0.0,False,0,,
2026-01-16,B0_FILL3_RELAX_INDUSTRY,INDUSTRY_CONSTRAINT,2,3,True,"[""BKR"", ""FE""]","[""BKR"", ""FE"", ""BTU""]","[""BTU""]","{""BTU"": []}",True,3.966565999999999,3.966565999999999,33.33333333333333,True,1,-10.42654,99.99999999999999
2026-01-16,B0_FILL3_EPS_ONLY,INDUSTRY_CONSTRAINT,2,3,True,"[""BKR"", ""FE""]","[""BKR"", ""FE"", ""SHEL""]","[""SHEL""]","{""SHEL"": [""eps_unknown""]}",True,9.415457333333332,9.415457333333332,0.0,False,1,5.920134,0.0
2026-01-16,B0_FILL3_SINGLE_REJECT,INDUSTRY_CONSTRAINT,2,3,True,"[""BKR"", ""FE""]","[""BKR"", ""FE"", ""SHEL""]","[""SHEL""]","{""SHEL"": [""eps_unknown""]}",True,9.415457333333332,9.415457333333332,0.0,False,1,5.920134,0.0
2026-01-16,B0_FILL3_ANY_REJECT,INDUSTRY_CONSTRAINT,2,3,True,"[""BKR"", ""FE""]","[""BKR"", ""FE"", ""SHEL""]","[""SHEL""]","{""SHEL"": [""eps_unknown""]}",True,9.415457333333332,9.415457333333332,0.0,False,1,5.920134,0.0
2026-01-23,B0_ORIGINAL,ELIGIBILITY_SHORTAGE,2,2,False,"[""MTB"", ""MDT""]","[""MTB"", ""MDT""]",[],{},True,0.5205176666666667,0.7807765,0.0,False,0,,
2026-01-23,B0_FILL3_RELAX_INDUSTRY,ELIGIBILITY_SHORTAGE,2,2,False,"[""MTB"", ""MDT""]","[""MTB"", ""MDT""]",[],{},True,0.5205176666666667,0.7807765,0.0,False,0,,
2026-01-23,B0_FILL3_EPS_ONLY,ELIGIBILITY_SHORTAGE,2,2,False,"[""MTB"", ""MDT""]","[""MTB"", ""MDT""]",[],{},True,0.5205176666666667,0.7807765,0.0,False,0,,
2026-01-23,B0_FILL3_SINGLE_REJECT,ELIGIBILITY_SHORTAGE,2,3,True,"[""MTB"", ""MDT""]","[""MTB"", ""MDT"", ""GH""]","[""GH""]","{""GH"": [""non_actionable""]}",True,-5.240907333333333,-5.240907333333333,33.33333333333333,True,1,-17.284275,99.99999999999999
2026-01-23,B0_FILL3_ANY_REJECT,ELIGIBILITY_SHORTAGE,2,3,True,"[""MTB"", ""MDT""]","[""MTB"", ""MDT"", ""GH""]","[""GH""]","{""GH"": [""non_actionable""]}",True,-5.240907333333333,-5.240907333333333,33.33333333333333,True,1,-17.284275,99.99999999999999
2026-01-30,B0_ORIGINAL,FULL,3,3,True,"[""HON"", ""AAOI"", ""ZM""]","[""HON"", ""AAOI"", ""ZM""]",[],{},True,44.501009,44.501009,66.66666666666666,True,0,,
2026-01-30,B0_FILL3_RELAX_INDUSTRY,FULL,3,3,True,"[""HON"", ""AAOI"", ""ZM""]","[""HON"", ""AAOI"", ""ZM""]",[],{},True,44.501009,44.501009,66.66666666666666,True,0,,
2026-01-30,B0_FILL3_EPS_ONLY,FULL,3,3,True,"[""HON"", ""AAOI"", ""ZM""]","[""HON"", ""AAOI"", ""ZM""]",[],{},True,44.501009,44.501009,66.66666666666666,True,0,,
2026-01-30,B0_FILL3_SINGLE_REJECT,FULL,3,3,True,"[""HON"", ""AAOI"", ""ZM""]","[""HON"", ""AAOI"", ""ZM""]",[],{},True,44.501009,44.501009,66.66666666666666,True,0,,
2026-01-30,B0_FILL3_ANY_REJECT,FULL,3,3,True,"[""HON"", ""AAOI"", ""ZM""]","[""HON"", ""AAOI"", ""ZM""]",[],{},True,44.501009,44.501009,66.66666666666666,True,0,,
2026-02-13,B0_ORIGINAL,ELIGIBILITY_SHORTAGE,1,1,False,"[""WULF""]","[""WULF""]",[],{},True,0.5492183333333334,1.647655,33.33333333333333,True,0,,
2026-02-13,B0_FILL3_RELAX_INDUSTRY,ELIGIBILITY_SHORTAGE,1,1,False,"[""WULF""]","[""WULF""]",[],{},True,0.5492183333333334,1.647655,33.33333333333333,True,0,,
2026-02-13,B0_FILL3_EPS_ONLY,ELIGIBILITY_SHORTAGE,1,1,False,"[""WULF""]","[""WULF""]",[],{},True,0.5492183333333334,1.647655,33.33333333333333,True,0,,
2026-02-13,B0_FILL3_SINGLE_REJECT,ELIGIBILITY_SHORTAGE,1,3,True,"[""WULF""]","[""WULF"", ""PFIS"", ""ROST""]","[""PFIS"", ""ROST""]","{""PFIS"": [""non_actionable""], ""ROST"": [""non_actionable""]}",True,-0.16356933333333323,-0.16356933333333323,66.66666666666666,True,2,-1.0691815,49.99999999999999
2026-02-13,B0_FILL3_ANY_REJECT,ELIGIBILITY_SHORTAGE,1,3,True,"[""WULF""]","[""WULF"", ""PFIS"", ""SHEL""]","[""PFIS"", ""SHEL""]","{""PFIS"": [""non_actionable""], ""SHEL"": [""non_actionable"", ""eps_unknown""]}",True,4.277950333333333,4.277950333333333,66.66666666666666,True,2,5.5930979999999995,49.99999999999999
2026-02-20,B0_ORIGINAL,FULL,3,3,True,"[""FANG"", ""HEI"", ""UAL""]","[""FANG"", ""HEI"", ""UAL""]",[],{},True,-8.667757333333334,-8.667757333333334,66.66666666666666,True,0,,
2026-02-20,B0_FILL3_RELAX_INDUSTRY,FULL,3,3,True,"[""FANG"", ""HEI"", ""UAL""]","[""FANG"", ""HEI"", ""UAL""]",[],{},True,-8.667757333333334,-8.667757333333334,66.66666666666666,True,0,,
2026-02-20,B0_FILL3_EPS_ONLY,FULL,3,3,True,"[""FANG"", ""HEI"", ""UAL""]","[""FANG"", ""HEI"", ""UAL""]",[],{},True,-8.667757333333334,-8.667757333333334,66.66666666666666,True,0,,
2026-02-20,B0_FILL3_SINGLE_REJECT,FULL,3,3,True,"[""FANG"", ""HEI"", ""UAL""]","[""FANG"", ""HEI"", ""UAL""]",[],{},True,-8.667757333333334,-8.667757333333334,66.66666666666666,True,0,,
2026-02-20,B0_FILL3_ANY_REJECT,FULL,3,3,True,"[""FANG"", ""HEI"", ""UAL""]","[""FANG"", ""HEI"", ""UAL""]",[],{},True,-8.667757333333334,-8.667757333333334,66.66666666666666,True,0,,
2026-02-27,B0_ORIGINAL,FULL,3,3,True,"[""EQIX"", ""GMED"", ""EXPE""]","[""EQIX"", ""GMED"", ""EXPE""]",[],{},True,-0.8419596666666666,-0.8419596666666666,33.33333333333333,True,0,,
2026-02-27,B0_FILL3_RELAX_INDUSTRY,FULL,3,3,True,"[""EQIX"", ""GMED"", ""EXPE""]","[""EQIX"", ""GMED"", ""EXPE""]",[],{},True,-0.8419596666666666,-0.8419596666666666,33.33333333333333,True,0,,
2026-02-27,B0_FILL3_EPS_ONLY,FULL,3,3,True,"[""EQIX"", ""GMED"", ""EXPE""]","[""EQIX"", ""GMED"", ""EXPE""]",[],{},True,-0.8419596666666666,-0.8419596666666666,33.33333333333333,True,0,,
2026-02-27,B0_FILL3_SINGLE_REJECT,FULL,3,3,True,"[""EQIX"", ""GMED"", ""EXPE""]","[""EQIX"", ""GMED"", ""EXPE""]",[],{},True,-0.8419596666666666,-0.8419596666666666,33.33333333333333,True,0,,
2026-02-27,B0_FILL3_ANY_REJECT,FULL,3,3,True,"[""EQIX"", ""GMED"", ""EXPE""]","[""EQIX"", ""GMED"", ""EXPE""]",[],{},True,-0.8419596666666666,-0.8419596666666666,33.33333333333333,True,0,,
2026-03-06,B0_ORIGINAL,ELIGIBILITY_SHORTAGE,2,2,False,"[""FIGS"", ""RTX""]","[""FIGS"", ""RTX""]",[],{},True,-7.342463333333334,-11.013695,66.66666666666666,True,0,,
2026-03-06,B0_FILL3_RELAX_INDUSTRY,ELIGIBILITY_SHORTAGE,2,2,False,"[""FIGS"", ""RTX""]","[""FIGS"", ""RTX""]",[],{},True,-7.342463333333334,-11.013695,66.66666666666666,True,0,,
2026-03-06,B0_FILL3_EPS_ONLY,ELIGIBILITY_SHORTAGE,2,2,False,"[""FIGS"", ""RTX""]","[""FIGS"", ""RTX""]",[],{},True,-7.342463333333334,-11.013695,66.66666666666666,True,0,,
2026-03-06,B0_FILL3_SINGLE_REJECT,ELIGIBILITY_SHORTAGE,2,3,True,"[""FIGS"", ""RTX""]","[""FIGS"", ""RTX"", ""VVX""]","[""VVX""]","{""VVX"": [""non_actionable""]}",True,-8.305457,-8.305457,100.0,True,1,-2.888981,99.99999999999999
2026-03-06,B0_FILL3_ANY_REJECT,ELIGIBILITY_SHORTAGE,2,3,True,"[""FIGS"", ""RTX""]","[""FIGS"", ""RTX"", ""VVX""]","[""VVX""]","{""VVX"": [""non_actionable""]}",True,-8.305457,-8.305457,100.0,True,1,-2.888981,99.99999999999999
2026-03-13,B0_ORIGINAL,ELIGIBILITY_SHORTAGE,1,1,False,"[""DOCN""]","[""DOCN""]",[],{},True,5.050942,15.152826,0.0,False,0,,
2026-03-13,B0_FILL3_RELAX_INDUSTRY,ELIGIBILITY_SHORTAGE,1,1,False,"[""DOCN""]","[""DOCN""]",[],{},True,5.050942,15.152826,0.0,False,0,,
2026-03-13,B0_FILL3_EPS_ONLY,ELIGIBILITY_SHORTAGE,1,2,False,"[""DOCN""]","[""DOCN"", ""NYAX""]","[""NYAX""]","{""NYAX"": [""eps_unknown""]}",True,4.369312666666667,6.5539689999999995,33.33333333333333,True,1,-2.044888,99.99999999999999
2026-03-13,B0_FILL3_SINGLE_REJECT,ELIGIBILITY_SHORTAGE,1,3,True,"[""DOCN""]","[""DOCN"", ""NYAX"", ""EQIX""]","[""NYAX"", ""EQIX""]","{""EQIX"": [""non_actionable""], ""NYAX"": [""eps_unknown""]}",True,7.166134,7.166134,33.33333333333333,True,2,3.1727879999999997,49.99999999999999
2026-03-13,B0_FILL3_ANY_REJECT,ELIGIBILITY_SHORTAGE,1,3,True,"[""DOCN""]","[""DOCN"", ""NYAX"", ""EQIX""]","[""NYAX"", ""EQIX""]","{""EQIX"": [""non_actionable""], ""NYAX"": [""eps_unknown""]}",True,7.166134,7.166134,33.33333333333333,True,2,3.1727879999999997,49.99999999999999
2026-03-20,B0_ORIGINAL,ELIGIBILITY_SHORTAGE,1,1,False,"[""LMND""]","[""LMND""]",[],{},True,2.4322916666666665,7.296875,33.33333333333333,True,0,,
2026-03-20,B0_FILL3_RELAX_INDUSTRY,ELIGIBILITY_SHORTAGE,1,1,False,"[""LMND""]","[""LMND""]",[],{},True,2.4322916666666665,7.296875,33.33333333333333,True,0,,
2026-03-20,B0_FILL3_EPS_ONLY,ELIGIBILITY_SHORTAGE,1,1,False,"[""LMND""]","[""LMND""]",[],{},True,2.4322916666666665,7.296875,33.33333333333333,True,0,,
2026-03-20,B0_FILL3_SINGLE_REJECT,ELIGIBILITY_SHORTAGE,1,3,True,"[""LMND""]","[""LMND"", ""WDC"", ""CIEN""]","[""WDC"", ""CIEN""]","{""CIEN"": [""non_actionable""], ""WDC"": [""non_actionable""]}",True,19.529092,19.529092,100.0,True,2,25.6452005,99.99999999999999
2026-03-20,B0_FILL3_ANY_REJECT,ELIGIBILITY_SHORTAGE,1,3,True,"[""LMND""]","[""LMND"", ""WDC"", ""CIEN""]","[""WDC"", ""CIEN""]","{""CIEN"": [""non_actionable""], ""WDC"": [""non_actionable""]}",True,19.529092,19.529092,100.0,True,2,25.6452005,99.99999999999999
2026-03-27,B0_ORIGINAL,ELIGIBILITY_SHORTAGE,2,2,False,"[""DELL"", ""CASY""]","[""DELL"", ""CASY""]",[],{},True,12.754714,19.132071,33.33333333333333,True,0,,
2026-03-27,B0_FILL3_RELAX_INDUSTRY,ELIGIBILITY_SHORTAGE,2,2,False,"[""DELL"", ""CASY""]","[""DELL"", ""CASY""]",[],{},True,12.754714,19.132071,33.33333333333333,True,0,,
2026-03-27,B0_FILL3_EPS_ONLY,ELIGIBILITY_SHORTAGE,2,2,False,"[""DELL"", ""CASY""]","[""DELL"", ""CASY""]",[],{},True,12.754714,19.132071,33.33333333333333,True,0,,
2026-03-27,B0_FILL3_SINGLE_REJECT,ELIGIBILITY_SHORTAGE,2,3,True,"[""DELL"", ""CASY""]","[""DELL"", ""CASY"", ""EQIX""]","[""EQIX""]","{""EQIX"": [""non_actionable""]}",True,16.786799,16.786799,33.33333333333333,True,1,12.096255,0.0
2026-03-27,B0_FILL3_ANY_REJECT,ELIGIBILITY_SHORTAGE,2,3,True,"[""DELL"", ""CASY""]","[""DELL"", ""CASY"", ""TIGO""]","[""TIGO""]","{""TIGO"": [""non_actionable"", ""eps_unknown""]}",True,16.937362333333333,16.937362333333333,33.33333333333333,True,1,12.547945,0.0
2026-04-02,B0_ORIGINAL,FULL,3,3,True,"[""MRVL"", ""INVA"", ""PFIS""]","[""MRVL"", ""INVA"", ""PFIS""]",[],{},True,17.674444,17.674444,0.0,False,0,,
2026-04-02,B0_FILL3_RELAX_INDUSTRY,FULL,3,3,True,"[""MRVL"", ""INVA"", ""PFIS""]","[""MRVL"", ""INVA"", ""PFIS""]",[],{},True,17.674444,17.674444,0.0,False,0,,
2026-04-02,B0_FILL3_EPS_ONLY,FULL,3,3,True,"[""MRVL"", ""INVA"", ""PFIS""]","[""MRVL"", ""INVA"", ""PFIS""]",[],{},True,17.674444,17.674444,0.0,False,0,,
2026-04-02,B0_FILL3_SINGLE_REJECT,FULL,3,3,True,"[""MRVL"", ""INVA"", ""PFIS""]","[""MRVL"", ""INVA"", ""PFIS""]",[],{},True,17.674444,17.674444,0.0,False,0,,
2026-04-02,B0_FILL3_ANY_REJECT,FULL,3,3,True,"[""MRVL"", ""INVA"", ""PFIS""]","[""MRVL"", ""INVA"", ""PFIS""]",[],{},True,17.674444,17.674444,0.0,False,0,,
2026-04-10,B0_ORIGINAL,FULL,3,3,True,"[""SPIR"", ""FRAF"", ""HLIO""]","[""SPIR"", ""FRAF"", ""HLIO""]",[],{},True,-6.811497666666667,-6.811497666666667,33.33333333333333,True,0,,
2026-04-10,B0_FILL3_RELAX_INDUSTRY,FULL,3,3,True,"[""SPIR"", ""FRAF"", ""HLIO""]","[""SPIR"", ""FRAF"", ""HLIO""]",[],{},True,-6.811497666666667,-6.811497666666667,33.33333333333333,True,0,,
2026-04-10,B0_FILL3_EPS_ONLY,FULL,3,3,True,"[""SPIR"", ""FRAF"", ""HLIO""]","[""SPIR"", ""FRAF"", ""HLIO""]",[],{},True,-6.811497666666667,-6.811497666666667,33.33333333333333,True,0,,
2026-04-10,B0_FILL3_SINGLE_REJECT,FULL,3,3,True,"[""SPIR"", ""FRAF"", ""HLIO""]","[""SPIR"", ""FRAF"", ""HLIO""]",[],{},True,-6.811497666666667,-6.811497666666667,33.33333333333333,True,0,,
2026-04-10,B0_FILL3_ANY_REJECT,FULL,3,3,True,"[""SPIR"", ""FRAF"", ""HLIO""]","[""SPIR"", ""FRAF"", ""HLIO""]",[],{},True,-6.811497666666667,-6.811497666666667,33.33333333333333,True,0,,
2026-04-17,B0_ORIGINAL,FULL,3,3,True,"[""AMLX"", ""ALB"", ""CVEO""]","[""AMLX"", ""ALB"", ""CVEO""]",[],{},True,-9.571789666666668,-9.571789666666668,66.66666666666666,True,0,,
2026-04-17,B0_FILL3_RELAX_INDUSTRY,FULL,3,3,True,"[""AMLX"", ""ALB"", ""CVEO""]","[""AMLX"", ""ALB"", ""CVEO""]",[],{},True,-9.571789666666668,-9.571789666666668,66.66666666666666,True,0,,
2026-04-17,B0_FILL3_EPS_ONLY,FULL,3,3,True,"[""AMLX"", ""ALB"", ""CVEO""]","[""AMLX"", ""ALB"", ""CVEO""]",[],{},True,-9.571789666666668,-9.571789666666668,66.66666666666666,True,0,,
2026-04-17,B0_FILL3_SINGLE_REJECT,FULL,3,3,True,"[""AMLX"", ""ALB"", ""CVEO""]","[""AMLX"", ""ALB"", ""CVEO""]",[],{},True,-9.571789666666668,-9.571789666666668,66.66666666666666,True,0,,
2026-04-17,B0_FILL3_ANY_REJECT,FULL,3,3,True,"[""AMLX"", ""ALB"", ""CVEO""]","[""AMLX"", ""ALB"", ""CVEO""]",[],{},True,-9.571789666666668,-9.571789666666668,66.66666666666666,True,0,,
2026-04-24,B0_ORIGINAL,FULL,3,3,True,"[""MCRI"", ""NVTS"", ""SANM""]","[""MCRI"", ""NVTS"", ""SANM""]",[],{},True,32.012534,32.012534,33.33333333333333,True,0,,
2026-04-24,B0_FILL3_RELAX_INDUSTRY,FULL,3,3,True,"[""MCRI"", ""NVTS"", ""SANM""]","[""MCRI"", ""NVTS"", ""SANM""]",[],{},True,32.012534,32.012534,33.33333333333333,True,0,,
2026-04-24,B0_FILL3_EPS_ONLY,FULL,3,3,True,"[""MCRI"", ""NVTS"", ""SANM""]","[""MCRI"", ""NVTS"", ""SANM""]",[],{},True,32.012534,32.012534,33.33333333333333,True,0,,
2026-04-24,B0_FILL3_SINGLE_REJECT,FULL,3,3,True,"[""MCRI"", ""NVTS"", ""SANM""]","[""MCRI"", ""NVTS"", ""SANM""]",[],{},True,32.012534,32.012534,33.33333333333333,True,0,,
2026-04-24,B0_FILL3_ANY_REJECT,FULL,3,3,True,"[""MCRI"", ""NVTS"", ""SANM""]","[""MCRI"", ""NVTS"", ""SANM""]",[],{},True,32.012534,32.012534,33.33333333333333,True,0,,
2026-05-01,B0_ORIGINAL,FULL,3,3,True,"[""RBB"", ""IRM"", ""BEN""]","[""RBB"", ""IRM"", ""BEN""]",[],{},True,0.5868016666666667,0.5868016666666667,0.0,False,0,,
2026-05-01,B0_FILL3_RELAX_INDUSTRY,FULL,3,3,True,"[""RBB"", ""IRM"", ""BEN""]","[""RBB"", ""IRM"", ""BEN""]",[],{},True,0.5868016666666667,0.5868016666666667,0.0,False,0,,
2026-05-01,B0_FILL3_EPS_ONLY,FULL,3,3,True,"[""RBB"", ""IRM"", ""BEN""]","[""RBB"", ""IRM"", ""BEN""]",[],{},True,0.5868016666666667,0.5868016666666667,0.0,False,0,,
2026-05-01,B0_FILL3_SINGLE_REJECT,FULL,3,3,True,"[""RBB"", ""IRM"", ""BEN""]","[""RBB"", ""IRM"", ""BEN""]",[],{},True,0.5868016666666667,0.5868016666666667,0.0,False,0,,
2026-05-01,B0_FILL3_ANY_REJECT,FULL,3,3,True,"[""RBB"", ""IRM"", ""BEN""]","[""RBB"", ""IRM"", ""BEN""]",[],{},True,0.5868016666666667,0.5868016666666667,0.0,False,0,,
2026-05-08,B0_ORIGINAL,FULL,3,3,True,"[""FTNT"", ""KRYS"", ""CTS""]","[""FTNT"", ""KRYS"", ""CTS""]",[],{},True,10.239787666666667,10.239787666666667,33.33333333333333,True,0,,
2026-05-08,B0_FILL3_RELAX_INDUSTRY,FULL,3,3,True,"[""FTNT"", ""KRYS"", ""CTS""]","[""FTNT"", ""KRYS"", ""CTS""]",[],{},True,10.239787666666667,10.239787666666667,33.33333333333333,True,0,,
2026-05-08,B0_FILL3_EPS_ONLY,FULL,3,3,True,"[""FTNT"", ""KRYS"", ""CTS""]","[""FTNT"", ""KRYS"", ""CTS""]",[],{},True,10.239787666666667,10.239787666666667,33.33333333333333,True,0,,
2026-05-08,B0_FILL3_SINGLE_REJECT,FULL,3,3,True,"[""FTNT"", ""KRYS"", ""CTS""]","[""FTNT"", ""KRYS"", ""CTS""]",[],{},True,10.239787666666667,10.239787666666667,33.33333333333333,True,0,,
2026-05-08,B0_FILL3_ANY_REJECT,FULL,3,3,True,"[""FTNT"", ""KRYS"", ""CTS""]","[""FTNT"", ""KRYS"", ""CTS""]",[],{},True,10.239787666666667,10.239787666666667,33.33333333333333,True,0,,
2026-05-15,B0_ORIGINAL,FULL,3,3,True,"[""HLIO"", ""CVS"", ""AIZ""]","[""HLIO"", ""CVS"", ""AIZ""]",[],{},True,5.965471,5.965471,0.0,False,0,,
2026-05-15,B0_FILL3_RELAX_INDUSTRY,FULL,3,3,True,"[""HLIO"", ""CVS"", ""AIZ""]","[""HLIO"", ""CVS"", ""AIZ""]",[],{},True,5.965471,5.965471,0.0,False,0,,
2026-05-15,B0_FILL3_EPS_ONLY,FULL,3,3,True,"[""HLIO"", ""CVS"", ""AIZ""]","[""HLIO"", ""CVS"", ""AIZ""]",[],{},True,5.965471,5.965471,0.0,False,0,,
2026-05-15,B0_FILL3_SINGLE_REJECT,FULL,3,3,True,"[""HLIO"", ""CVS"", ""AIZ""]","[""HLIO"", ""CVS"", ""AIZ""]",[],{},True,5.965471,5.965471,0.0,False,0,,
2026-05-15,B0_FILL3_ANY_REJECT,FULL,3,3,True,"[""HLIO"", ""CVS"", ""AIZ""]","[""HLIO"", ""CVS"", ""AIZ""]",[],{},True,5.965471,5.965471,0.0,False,0,,
2026-05-22,B0_ORIGINAL,FULL,3,3,True,"[""CMPR"", ""PDLB"", ""CLBK""]","[""CMPR"", ""PDLB"", ""CLBK""]",[],{},True,-4.151957333333333,-4.151957333333333,33.33333333333333,True,0,,
2026-05-22,B0_FILL3_RELAX_INDUSTRY,FULL,3,3,True,"[""CMPR"", ""PDLB"", ""CLBK""]","[""CMPR"", ""PDLB"", ""CLBK""]",[],{},True,-4.151957333333333,-4.151957333333333,33.33333333333333,True,0,,
2026-05-22,B0_FILL3_EPS_ONLY,FULL,3,3,True,"[""CMPR"", ""PDLB"", ""CLBK""]","[""CMPR"", ""PDLB"", ""CLBK""]",[],{},True,-4.151957333333333,-4.151957333333333,33.33333333333333,True,0,,
2026-05-22,B0_FILL3_SINGLE_REJECT,FULL,3,3,True,"[""CMPR"", ""PDLB"", ""CLBK""]","[""CMPR"", ""PDLB"", ""CLBK""]",[],{},True,-4.151957333333333,-4.151957333333333,33.33333333333333,True,0,,
2026-05-22,B0_FILL3_ANY_REJECT,FULL,3,3,True,"[""CMPR"", ""PDLB"", ""CLBK""]","[""CMPR"", ""PDLB"", ""CLBK""]",[],{},True,-4.151957333333333,-4.151957333333333,33.33333333333333,True,0,,
2026-05-29,B0_ORIGINAL,FULL,3,3,True,"[""BWA"", ""NBIX"", ""ILMN""]","[""BWA"", ""NBIX"", ""ILMN""]",[],{},True,4.132272666666666,4.132272666666666,0.0,False,0,,
2026-05-29,B0_FILL3_RELAX_INDUSTRY,FULL,3,3,True,"[""BWA"", ""NBIX"", ""ILMN""]","[""BWA"", ""NBIX"", ""ILMN""]",[],{},True,4.132272666666666,4.132272666666666,0.0,False,0,,
2026-05-29,B0_FILL3_EPS_ONLY,FULL,3,3,True,"[""BWA"", ""NBIX"", ""ILMN""]","[""BWA"", ""NBIX"", ""ILMN""]",[],{},True,4.132272666666666,4.132272666666666,0.0,False,0,,
2026-05-29,B0_FILL3_SINGLE_REJECT,FULL,3,3,True,"[""BWA"", ""NBIX"", ""ILMN""]","[""BWA"", ""NBIX"", ""ILMN""]",[],{},True,4.132272666666666,4.132272666666666,0.0,False,0,,
2026-05-29,B0_FILL3_ANY_REJECT,FULL,3,3,True,"[""BWA"", ""NBIX"", ""ILMN""]","[""BWA"", ""NBIX"", ""ILMN""]",[],{},True,4.132272666666666,4.132272666666666,0.0,False,0,,
2026-06-05,B0_ORIGINAL,FULL,3,3,True,"[""TWIN"", ""AMG"", ""TBBB""]","[""TWIN"", ""AMG"", ""TBBB""]",[],{},True,7.887225666666667,7.887225666666667,0.0,False,0,,
2026-06-05,B0_FILL3_RELAX_INDUSTRY,FULL,3,3,True,"[""TWIN"", ""AMG"", ""TBBB""]","[""TWIN"", ""AMG"", ""TBBB""]",[],{},True,7.887225666666667,7.887225666666667,0.0,False,0,,
2026-06-05,B0_FILL3_EPS_ONLY,FULL,3,3,True,"[""TWIN"", ""AMG"", ""TBBB""]","[""TWIN"", ""AMG"", ""TBBB""]",[],{},True,7.887225666666667,7.887225666666667,0.0,False,0,,
2026-06-05,B0_FILL3_SINGLE_REJECT,FULL,3,3,True,"[""TWIN"", ""AMG"", ""TBBB""]","[""TWIN"", ""AMG"", ""TBBB""]",[],{},True,7.887225666666667,7.887225666666667,0.0,False,0,,
2026-06-05,B0_FILL3_ANY_REJECT,FULL,3,3,True,"[""TWIN"", ""AMG"", ""TBBB""]","[""TWIN"", ""AMG"", ""TBBB""]",[],{},True,7.887225666666667,7.887225666666667,0.0,False,0,,
2026-06-12,B0_ORIGINAL,FULL,3,3,True,"[""MCS"", ""CWBC"", ""FDSB""]","[""MCS"", ""CWBC"", ""FDSB""]",[],{},True,4.299613,4.299613,0.0,False,0,,
2026-06-12,B0_FILL3_RELAX_INDUSTRY,FULL,3,3,True,"[""MCS"", ""CWBC"", ""FDSB""]","[""MCS"", ""CWBC"", ""FDSB""]",[],{},True,4.299613,4.299613,0.0,False,0,,
2026-06-12,B0_FILL3_EPS_ONLY,FULL,3,3,True,"[""MCS"", ""CWBC"", ""FDSB""]","[""MCS"", ""CWBC"", ""FDSB""]",[],{},True,4.299613,4.299613,0.0,False,0,,
2026-06-12,B0_FILL3_SINGLE_REJECT,FULL,3,3,True,"[""MCS"", ""CWBC"", ""FDSB""]","[""MCS"", ""CWBC"", ""FDSB""]",[],{},True,4.299613,4.299613,0.0,False,0,,
2026-06-12,B0_FILL3_ANY_REJECT,FULL,3,3,True,"[""MCS"", ""CWBC"", ""FDSB""]","[""MCS"", ""CWBC"", ""FDSB""]",[],{},True,4.299613,4.299613,0.0,False,0,,
2026-06-18,B0_ORIGINAL,FULL,3,3,True,"[""TER"", ""ADI"", ""GEV""]","[""TER"", ""ADI"", ""GEV""]",[],{},True,-15.415038000000001,-15.415038000000001,100.0,True,0,,
2026-06-18,B0_FILL3_RELAX_INDUSTRY,FULL,3,3,True,"[""TER"", ""ADI"", ""GEV""]","[""TER"", ""ADI"", ""GEV""]",[],{},True,-15.415038000000001,-15.415038000000001,100.0,True,0,,
2026-06-18,B0_FILL3_EPS_ONLY,FULL,3,3,True,"[""TER"", ""ADI"", ""GEV""]","[""TER"", ""ADI"", ""GEV""]",[],{},True,-15.415038000000001,-15.415038000000001,100.0,True,0,,
2026-06-18,B0_FILL3_SINGLE_REJECT,FULL,3,3,True,"[""TER"", ""ADI"", ""GEV""]","[""TER"", ""ADI"", ""GEV""]",[],{},True,-15.415038000000001,-15.415038000000001,100.0,True,0,,
2026-06-18,B0_FILL3_ANY_REJECT,FULL,3,3,True,"[""TER"", ""ADI"", ""GEV""]","[""TER"", ""ADI"", ""GEV""]",[],{},True,-15.415038000000001,-15.415038000000001,100.0,True,0,,
2026-06-26,B0_ORIGINAL,FULL,3,3,True,"[""EGBN"", ""ADPT"", ""QCRH""]","[""EGBN"", ""ADPT"", ""QCRH""]",[],{},True,1.897781666666667,1.897781666666667,33.33333333333333,True,0,,
2026-06-26,B0_FILL3_RELAX_INDUSTRY,FULL,3,3,True,"[""EGBN"", ""ADPT"", ""QCRH""]","[""EGBN"", ""ADPT"", ""QCRH""]",[],{},True,1.897781666666667,1.897781666666667,33.33333333333333,True,0,,
2026-06-26,B0_FILL3_EPS_ONLY,FULL,3,3,True,"[""EGBN"", ""ADPT"", ""QCRH""]","[""EGBN"", ""ADPT"", ""QCRH""]",[],{},True,1.897781666666667,1.897781666666667,33.33333333333333,True,0,,
2026-06-26,B0_FILL3_SINGLE_REJECT,FULL,3,3,True,"[""EGBN"", ""ADPT"", ""QCRH""]","[""EGBN"", ""ADPT"", ""QCRH""]",[],{},True,1.897781666666667,1.897781666666667,33.33333333333333,True,0,,
2026-06-26,B0_FILL3_ANY_REJECT,FULL,3,3,True,"[""EGBN"", ""ADPT"", ""QCRH""]","[""EGBN"", ""ADPT"", ""QCRH""]",[],{},True,1.897781666666667,1.897781666666667,33.33333333333333,True,0,,
2026-07-02,B0_ORIGINAL,FULL,3,3,True,"[""BMRC"", ""BSET"", ""PACS""]","[""BMRC"", ""BSET"", ""PACS""]",[],{},True,-0.06762166666666664,-0.06762166666666664,0.0,False,0,,
2026-07-02,B0_FILL3_RELAX_INDUSTRY,FULL,3,3,True,"[""BMRC"", ""BSET"", ""PACS""]","[""BMRC"", ""BSET"", ""PACS""]",[],{},True,-0.06762166666666664,-0.06762166666666664,0.0,False,0,,
2026-07-02,B0_FILL3_EPS_ONLY,FULL,3,3,True,"[""BMRC"", ""BSET"", ""PACS""]","[""BMRC"", ""BSET"", ""PACS""]",[],{},True,-0.06762166666666664,-0.06762166666666664,0.0,False,0,,
2026-07-02,B0_FILL3_SINGLE_REJECT,FULL,3,3,True,"[""BMRC"", ""BSET"", ""PACS""]","[""BMRC"", ""BSET"", ""PACS""]",[],{},True,-0.06762166666666664,-0.06762166666666664,0.0,False,0,,
2026-07-02,B0_FILL3_ANY_REJECT,FULL,3,3,True,"[""BMRC"", ""BSET"", ""PACS""]","[""BMRC"", ""BSET"", ""PACS""]",[],{},True,-0.06762166666666664,-0.06762166666666664,0.0,False,0,,
2026-07-10,B0_ORIGINAL,FULL,3,3,True,"[""BSVN"", ""RAPP"", ""LASR""]","[""BSVN"", ""RAPP"", ""LASR""]",[],{},True,-5.113034000000001,-5.113034000000001,33.33333333333333,True,0,,
2026-07-10,B0_FILL3_RELAX_INDUSTRY,FULL,3,3,True,"[""BSVN"", ""RAPP"", ""LASR""]","[""BSVN"", ""RAPP"", ""LASR""]",[],{},True,-5.113034000000001,-5.113034000000001,33.33333333333333,True,0,,
2026-07-10,B0_FILL3_EPS_ONLY,FULL,3,3,True,"[""BSVN"", ""RAPP"", ""LASR""]","[""BSVN"", ""RAPP"", ""LASR""]",[],{},True,-5.113034000000001,-5.113034000000001,33.33333333333333,True,0,,
2026-07-10,B0_FILL3_SINGLE_REJECT,FULL,3,3,True,"[""BSVN"", ""RAPP"", ""LASR""]","[""BSVN"", ""RAPP"", ""LASR""]",[],{},True,-5.113034000000001,-5.113034000000001,33.33333333333333,True,0,,
2026-07-10,B0_FILL3_ANY_REJECT,FULL,3,3,True,"[""BSVN"", ""RAPP"", ""LASR""]","[""BSVN"", ""RAPP"", ""LASR""]",[],{},True,-5.113034000000001,-5.113034000000001,33.33333333333333,True,0,,
2026-07-17,B0_ORIGINAL,FULL,3,3,True,"[""CZFS"", ""BIIB"", ""IRM""]","[""CZFS"", ""BIIB"", ""IRM""]",[],{},True,6.656781,6.656781,0.0,False,0,,
2026-07-17,B0_FILL3_RELAX_INDUSTRY,FULL,3,3,True,"[""CZFS"", ""BIIB"", ""IRM""]","[""CZFS"", ""BIIB"", ""IRM""]",[],{},True,6.656781,6.656781,0.0,False,0,,
2026-07-17,B0_FILL3_EPS_ONLY,FULL,3,3,True,"[""CZFS"", ""BIIB"", ""IRM""]","[""CZFS"", ""BIIB"", ""IRM""]",[],{},True,6.656781,6.656781,0.0,False,0,,
2026-07-17,B0_FILL3_SINGLE_REJECT,FULL,3,3,True,"[""CZFS"", ""BIIB"", ""IRM""]","[""CZFS"", ""BIIB"", ""IRM""]",[],{},True,6.656781,6.656781,0.0,False,0,,
2026-07-17,B0_FILL3_ANY_REJECT,FULL,3,3,True,"[""CZFS"", ""BIIB"", ""IRM""]","[""CZFS"", ""BIIB"", ""IRM""]",[],{},True,6.656781,6.656781,0.0,False,0,,
2026-07-24,B0_ORIGINAL,FULL,3,3,True,"[""BLFS"", ""IMAX"", ""PKG""]","[""BLFS"", ""IMAX"", ""PKG""]",[],{},True,16.160500000000003,16.160500000000003,0.0,False,0,,
2026-07-24,B0_FILL3_RELAX_INDUSTRY,FULL,3,3,True,"[""BLFS"", ""IMAX"", ""PKG""]","[""BLFS"", ""IMAX"", ""PKG""]",[],{},True,16.160500000000003,16.160500000000003,0.0,False,0,,
2026-07-24,B0_FILL3_EPS_ONLY,FULL,3,3,True,"[""BLFS"", ""IMAX"", ""PKG""]","[""BLFS"", ""IMAX"", ""PKG""]",[],{},True,16.160500000000003,16.160500000000003,0.0,False,0,,
2026-07-24,B0_FILL3_SINGLE_REJECT,FULL,3,3,True,"[""BLFS"", ""IMAX"", ""PKG""]","[""BLFS"", ""IMAX"", ""PKG""]",[],{},True,16.160500000000003,16.160500000000003,0.0,False,0,,
2026-07-24,B0_FILL3_ANY_REJECT,FULL,3,3,True,"[""BLFS"", ""IMAX"", ""PKG""]","[""BLFS"", ""IMAX"", ""PKG""]",[],{},True,16.160500000000003,16.160500000000003,0.0,False,0,,
2026-07-31,B0_ORIGINAL,FULL,3,3,True,"[""SHOO"", ""NBBK"", ""GSAT""]","[""SHOO"", ""NBBK"", ""GSAT""]",[],{},True,-4.729626666666667,-4.729626666666667,33.33333333333333,True,0,,
2026-07-31,B0_FILL3_RELAX_INDUSTRY,FULL,3,3,True,"[""SHOO"", ""NBBK"", ""GSAT""]","[""SHOO"", ""NBBK"", ""GSAT""]",[],{},True,-4.729626666666667,-4.729626666666667,33.33333333333333,True,0,,
2026-07-31,B0_FILL3_EPS_ONLY,FULL,3,3,True,"[""SHOO"", ""NBBK"", ""GSAT""]","[""SHOO"", ""NBBK"", ""GSAT""]",[],{},True,-4.729626666666667,-4.729626666666667,33.33333333333333,True,0,,
2026-07-31,B0_FILL3_SINGLE_REJECT,FULL,3,3,True,"[""SHOO"", ""NBBK"", ""GSAT""]","[""SHOO"", ""NBBK"", ""GSAT""]",[],{},True,-4.729626666666667,-4.729626666666667,33.33333333333333,True,0,,
2026-07-31,B0_FILL3_ANY_REJECT,FULL,3,3,True,"[""SHOO"", ""NBBK"", ""GSAT""]","[""SHOO"", ""NBBK"", ""GSAT""]",[],{},True,-4.729626666666667,-4.729626666666667,33.33333333333333,True,0,,
2026-08-07,B0_ORIGINAL,FULL,3,3,True,"[""CFFI"", ""MTUS"", ""SWK""]","[""CFFI"", ""MTUS"", ""SWK""]",[],{},False,,,,,0,,
2026-08-07,B0_FILL3_RELAX_INDUSTRY,FULL,3,3,True,"[""CFFI"", ""MTUS"", ""SWK""]","[""CFFI"", ""MTUS"", ""SWK""]",[],{},False,,,,,0,,
2026-08-07,B0_FILL3_EPS_ONLY,FULL,3,3,True,"[""CFFI"", ""MTUS"", ""SWK""]","[""CFFI"", ""MTUS"", ""SWK""]",[],{},False,,,,,0,,
2026-08-07,B0_FILL3_SINGLE_REJECT,FULL,3,3,True,"[""CFFI"", ""MTUS"", ""SWK""]","[""CFFI"", ""MTUS"", ""SWK""]",[],{},False,,,,,0,,
2026-08-07,B0_FILL3_ANY_REJECT,FULL,3,3,True,"[""CFFI"", ""MTUS"", ""SWK""]","[""CFFI"", ""MTUS"", ""SWK""]",[],{},False,,,,,0,,
