snapshot_date,composition_group,candidate_count,mature,mean_w4,median_w4,stop8_pct
2025-10-24,confirmed_non_pullback,1,True,-2.8333,-2.8333,0.0
2025-10-24,confirmed_pullback,0,True,,,
2025-10-24,standard,1,True,2.5918,2.5918,0.0
2025-10-31,confirmed_non_pullback,0,True,,,
2025-10-31,confirmed_pullback,2,True,5.2802999999999995,5.2802999999999995,50.0
2025-10-31,standard,0,True,,,
2025-11-07,confirmed_non_pullback,1,True,13.102,13.102,0.0
2025-11-07,confirmed_pullback,1,True,-28.9873,-28.9873,100.0
2025-11-07,standard,0,True,,,
2025-11-14,confirmed_non_pullback,2,True,-1.7900500000000001,-1.7900500000000001,0.0
2025-11-14,confirmed_pullback,1,True,-11.1644,-11.1644,100.0
2025-11-14,standard,0,True,,,
2025-11-21,confirmed_non_pullback,1,True,8.7672,8.7672,0.0
2025-11-21,confirmed_pullback,0,True,,,
2025-11-21,standard,0,True,,,
2025-11-28,confirmed_non_pullback,0,True,,,
2025-11-28,confirmed_pullback,1,True,2.6557,2.6557,0.0
2025-11-28,standard,2,True,7.22115,7.22115,0.0
2025-12-05,confirmed_non_pullback,1,True,-2.1634,-2.1634,0.0
2025-12-05,confirmed_pullback,0,True,,,
2025-12-05,standard,0,True,,,
2025-12-19,confirmed_non_pullback,2,True,-4.0327,-4.0327,50.0
2025-12-19,confirmed_pullback,6,True,9.278233333333334,7.5373,0.0
2025-12-19,standard,0,True,,,
2025-12-26,confirmed_non_pullback,1,True,0.0988,0.0988,0.0
2025-12-26,confirmed_pullback,1,True,19.4501,19.4501,0.0
2025-12-26,standard,0,True,,,
2026-01-02,confirmed_non_pullback,0,True,,,
2026-01-02,confirmed_pullback,1,True,28.0439,28.0439,0.0
2026-01-02,standard,0,True,,,
2026-01-09,confirmed_non_pullback,0,True,,,
2026-01-09,confirmed_pullback,1,True,-9.8673,-9.8673,100.0
2026-01-09,standard,0,True,,,
2026-01-16,confirmed_non_pullback,1,True,18.4504,18.4504,0.0
2026-01-16,confirmed_pullback,2,True,1.4304999999999999,1.4304999999999999,0.0
2026-01-16,standard,0,True,,,
2026-01-23,confirmed_non_pullback,2,True,2.34695,2.34695,0.0
2026-01-23,confirmed_pullback,0,True,,,
2026-01-23,standard,0,True,,,
2026-01-30,confirmed_non_pullback,4,True,22.75885,4.9471,50.0
2026-01-30,confirmed_pullback,1,True,8.7274,8.7274,0.0
2026-01-30,standard,0,True,,,
2026-02-13,confirmed_non_pullback,1,True,-7.0342,-7.0342,100.0
2026-02-13,confirmed_pullback,0,True,,,
2026-02-13,standard,0,True,,,
2026-02-20,confirmed_non_pullback,0,True,,,
2026-02-20,confirmed_pullback,2,True,-5.637549999999999,-5.637549999999999,50.0
2026-02-20,standard,1,True,-19.1824,-19.1824,100.0
2026-02-27,confirmed_non_pullback,4,True,-1.7331249999999996,-1.9480499999999998,50.0
2026-02-27,confirmed_pullback,2,True,-9.3322,-9.3322,50.0
2026-02-27,standard,0,True,,,
2026-03-06,confirmed_non_pullback,0,True,,,
2026-03-06,confirmed_pullback,2,True,-7.57,-7.57,100.0
2026-03-06,standard,0,True,,,
2026-03-13,confirmed_non_pullback,0,True,,,
2026-03-13,confirmed_pullback,0,True,,,
2026-03-13,standard,1,True,8.9821,8.9821,0.0
2026-03-20,confirmed_non_pullback,1,True,10.8437,10.8437,100.0
2026-03-20,confirmed_pullback,0,True,,,
2026-03-20,standard,0,True,,,
2026-03-27,confirmed_non_pullback,1,True,25.4609,25.4609,100.0
2026-03-27,confirmed_pullback,1,True,12.1789,12.1789,0.0
2026-03-27,standard,0,True,,,
2026-04-02,confirmed_non_pullback,2,True,25.8494,25.8494,0.0
2026-04-02,confirmed_pullback,1,True,4.2541,4.2541,0.0
2026-04-02,standard,0,True,,,
2026-04-10,confirmed_non_pullback,3,True,-5.476666666666667,-3.5401,33.33333333333333
2026-04-10,confirmed_pullback,3,True,1.2885333333333333,0.7049,66.66666666666666
2026-04-10,standard,0,True,,,
2026-04-17,confirmed_non_pullback,2,True,-17.420749999999998,-17.420749999999998,100.0
2026-04-17,confirmed_pullback,3,True,3.4833,3.3004,0.0
2026-04-17,standard,0,True,,,
2026-04-24,confirmed_non_pullback,4,True,20.517575,13.1378,50.0
2026-04-24,confirmed_pullback,7,True,-8.814014285714284,-4.5417,42.857142857142854
2026-04-24,standard,1,True,0.3931,0.3931,0.0
2026-05-01,confirmed_non_pullback,7,True,-1.3679428571428571,0.3951,28.57142857142857
2026-05-01,confirmed_pullback,13,True,-0.853723076923077,1.3209,15.384615384615385
2026-05-01,standard,3,True,-4.484866666666667,-5.2279,100.0
2026-05-08,confirmed_non_pullback,11,True,2.253218181818182,-2.3932,45.45454545454545
2026-05-08,confirmed_pullback,7,True,-0.862742857142857,0.9952,28.57142857142857
2026-05-08,standard,2,True,3.56055,3.56055,0.0
2026-05-15,confirmed_non_pullback,3,True,6.202166666666666,6.5398,0.0
2026-05-15,confirmed_pullback,10,True,-5.66398,-0.007650000000000004,70.0
2026-05-15,standard,1,True,16.465,16.465,0.0
2026-05-22,confirmed_non_pullback,3,True,-5.418666666666667,-1.9481,33.33333333333333
2026-05-22,confirmed_pullback,5,True,2.7965600000000004,3.8111,0.0
2026-05-22,standard,2,True,7.7912,7.7912,0.0
2026-05-29,confirmed_non_pullback,4,True,-3.7619499999999997,1.0083000000000002,25.0
2026-05-29,confirmed_pullback,10,True,5.79256,4.0141,50.0
2026-05-29,standard,4,True,10.321974999999998,11.32195,50.0
2026-06-05,confirmed_non_pullback,6,True,15.938250000000002,10.401250000000001,16.666666666666664
2026-06-05,confirmed_pullback,8,True,7.7122625000000005,6.97255,0.0
2026-06-05,standard,0,True,,,
2026-06-12,confirmed_non_pullback,14,True,3.618628571428571,4.038550000000001,7.142857142857142
2026-06-12,confirmed_pullback,15,True,1.3339,2.1884,26.666666666666668
2026-06-12,standard,2,True,-2.53015,-2.53015,50.0
2026-06-18,confirmed_non_pullback,0,True,,,
2026-06-18,confirmed_pullback,9,True,-18.10612222222222,-14.2524,100.0
2026-06-18,standard,2,True,-22.93855,-22.93855,100.0
2026-06-26,confirmed_non_pullback,28,True,2.3778928571428573,2.1140499999999998,10.714285714285714
2026-06-26,confirmed_pullback,47,True,0.9261659574468087,0.878,23.404255319148938
2026-06-26,standard,3,True,4.399166666666666,5.0188,33.33333333333333
2026-07-02,confirmed_non_pullback,4,True,2.165625,3.2879,0.0
2026-07-02,confirmed_pullback,11,True,-7.602018181818182,-9.1281,63.63636363636363
2026-07-02,standard,1,True,-0.9681,-0.9681,0.0
2026-07-10,confirmed_non_pullback,0,True,,,
2026-07-10,confirmed_pullback,4,True,-2.8738500000000005,-0.7546,50.0
2026-07-10,standard,1,True,-4.0826,-4.0826,100.0
2026-07-17,confirmed_non_pullback,9,True,3.5636222222222225,2.8175,11.11111111111111
2026-07-17,confirmed_pullback,25,True,1.889584,3.1218,28.000000000000004
2026-07-17,standard,2,True,0.22995,0.22995,0.0
2026-07-24,confirmed_non_pullback,4,True,10.676124999999999,9.7933,0.0
2026-07-24,confirmed_pullback,11,True,4.4088,0.2426,0.0
2026-07-24,standard,3,True,23.692866666666664,2.4575,0.0
2026-07-31,confirmed_non_pullback,3,False,,,
2026-07-31,confirmed_pullback,17,False,,,
2026-07-31,standard,1,False,,,
2026-08-07,confirmed_non_pullback,6,False,,,
2026-08-07,confirmed_pullback,12,False,,,
2026-08-07,standard,3,False,,,
