variant,weeks,picks,avg_watchlist_size,median_watchlist_size,p95_watchlist_size,evaluable_picks_1w,opportunities_available_1w,opportunities_captured_1w,selection_coverage_1w,opportunity_recall_1w,non_actionable_opportunity_recall_1w,opportunities_per_review,big_winner_recall_1w,big_loser_inclusion_1w,winner_capture_lift_1w,loser_capture_lift_1w,median_return_1w_pct,median_mfe_1w_pct,median_mae_1w_pct,tradable_selection_coverage_1w,tradable_big_winner_recall_1w,tradable_big_loser_inclusion_1w,tradable_winner_capture_lift_1w,tradable_loser_capture_lift_1w,opp_severe_loser_exposure_1w,median_opp_return_1w_pct,median_opp_mfe_1w_pct,median_opp_mae_1w_pct,selection_coverage_2w,big_winner_recall_2w,big_loser_inclusion_2w,winner_capture_lift_2w,loser_capture_lift_2w,median_return_2w_pct,median_mfe_2w_pct,median_mae_2w_pct,tradable_selection_coverage_2w,tradable_big_winner_recall_2w,tradable_big_loser_inclusion_2w,tradable_winner_capture_lift_2w,tradable_loser_capture_lift_2w,opp_severe_loser_exposure_2w,median_opp_return_2w_pct,median_opp_mfe_2w_pct,median_opp_mae_2w_pct,selection_coverage_3w,big_winner_recall_3w,big_loser_inclusion_3w,winner_capture_lift_3w,loser_capture_lift_3w,median_return_3w_pct,median_mfe_3w_pct,median_mae_3w_pct,tradable_selection_coverage_3w,tradable_big_winner_recall_3w,tradable_big_loser_inclusion_3w,tradable_winner_capture_lift_3w,tradable_loser_capture_lift_3w,opp_severe_loser_exposure_3w,median_opp_return_3w_pct,median_opp_mfe_3w_pct,median_opp_mae_3w_pct,selection_coverage_4w,big_winner_recall_4w,big_loser_inclusion_4w,winner_capture_lift_4w,loser_capture_lift_4w,median_return_4w_pct,median_mfe_4w_pct,median_mae_4w_pct,tradable_selection_coverage_4w,tradable_big_winner_recall_4w,tradable_big_loser_inclusion_4w,tradable_winner_capture_lift_4w,tradable_loser_capture_lift_4w,opp_severe_loser_exposure_4w,median_opp_return_4w_pct,median_opp_mfe_4w_pct,median_opp_mae_4w_pct,big_winner_recall_mean_2_4w,snapshot_winner_capture_lift_mean_2_4w,snapshot_loser_capture_lift_mean_2_4w,tradable_big_winner_recall_mean_2_4w,tradable_winner_capture_lift_mean_2_4w,tradable_loser_capture_lift_mean_2_4w,opp_severe_loser_exposure_mean_2_4w,opportunity_recall_1w_delta_vs_b0,non_actionable_opportunity_recall_1w_delta_vs_b0,selection_coverage_1w_delta_vs_b0,big_winner_recall_mean_2_4w_delta_vs_b0,snapshot_winner_capture_lift_mean_2_4w_delta_vs_b0,snapshot_loser_capture_lift_mean_2_4w_delta_vs_b0,tradable_big_winner_recall_mean_2_4w_delta_vs_b0,tradable_winner_capture_lift_mean_2_4w_delta_vs_b0,tradable_loser_capture_lift_mean_2_4w_delta_vs_b0,opp_severe_loser_exposure_mean_2_4w_delta_vs_b0,avg_watchlist_size_delta_vs_b0,big_winner_recall_1w_delta_vs_b0,winner_capture_lift_1w_delta_vs_b0,loser_capture_lift_1w_delta_vs_b0,tradable_big_winner_recall_1w_delta_vs_b0,tradable_winner_capture_lift_1w_delta_vs_b0,tradable_loser_capture_lift_1w_delta_vs_b0,opp_severe_loser_exposure_1w_delta_vs_b0,big_winner_recall_2w_delta_vs_b0,winner_capture_lift_2w_delta_vs_b0,loser_capture_lift_2w_delta_vs_b0,tradable_big_winner_recall_2w_delta_vs_b0,tradable_winner_capture_lift_2w_delta_vs_b0,tradable_loser_capture_lift_2w_delta_vs_b0,opp_severe_loser_exposure_2w_delta_vs_b0,big_winner_recall_3w_delta_vs_b0,winner_capture_lift_3w_delta_vs_b0,loser_capture_lift_3w_delta_vs_b0,tradable_big_winner_recall_3w_delta_vs_b0,tradable_winner_capture_lift_3w_delta_vs_b0,tradable_loser_capture_lift_3w_delta_vs_b0,opp_severe_loser_exposure_3w_delta_vs_b0,big_winner_recall_4w_delta_vs_b0,winner_capture_lift_4w_delta_vs_b0,loser_capture_lift_4w_delta_vs_b0,tradable_big_winner_recall_4w_delta_vs_b0,tradable_winner_capture_lift_4w_delta_vs_b0,tradable_loser_capture_lift_4w_delta_vs_b0,opp_severe_loser_exposure_4w_delta_vs_b0,added_evaluable_reviews_vs_b0,incremental_opportunities_vs_b0,incremental_opportunities_per_added_review,attention_multiplier_vs_b0,conditions,condition_count,selection_signature,horizon_consistency_count,train_consistent_blocks,train_consistent_block_rate,signature_group_size,signature_representative_name,signature_representative,attention_cap_pass,train_quality_gate_pass,feasible,pareto
V06_VS_ABS_LE_2,20,166,8.3,7.5,15.05,70,146,67,0.39106145251396646,0.4589041095890411,0.3008849557522124,0.9571428571428572,0.40869565217391307,0.37623762376237624,1.0450931677018636,0.9620933521923621,1.050615022325907,3.426578189137708,-2.5374365332695934,0.4652777777777778,0.54,0.4444444444444444,1.1605970149253733,0.9552238805970148,0.05970149253731343,0.8562004520228372,3.687744534936832,-2.7006296065080315,0.3850574712643678,0.41509433962264153,0.3979591836734694,1.078006195437905,1.0335059396893087,1.3553293082574802,4.997144423543376,-3.196819609121737,0.45588235294117646,0.5319148936170213,0.45977011494252873,1.1667810569663692,1.0085279940674825,0.14516129032258066,1.2568786758382133,5.048026240618475,-3.373012778811546,0.3719512195121951,0.3917525773195876,0.35051546391752575,1.0532364373838095,0.9423694439749872,2.716363592000226,5.903470446215886,-3.5450900889881676,0.4453125,0.5287356321839081,0.4268292682926829,1.187336156483162,0.9584937954642704,0.17543859649122806,2.5820844287734124,5.888136149175183,-3.3064030371382946,0.3825503355704698,0.4235294117647059,0.36666666666666664,1.1071207430340557,0.9584795321637426,2.857408437326203,6.958650919034315,-3.9782731448834596,0.4426229508196721,0.4936708860759494,0.45569620253164556,1.1153305203938115,1.029535864978903,0.2222222222222222,2.6504574911371925,7.806986190882648,-3.583260778641989,0.41012544290231173,1.0794544586185901,0.9781183052760128,0.5181071372922929,1.156482577947781,0.9988525515035519,0.1809407030120103,0.23287671232876714,0.3008849557522124,0.20670391061452512,0.2302813597720746,-0.0009673419302169695,-0.1644836033700786,0.26949941852845904,-0.02822687400685786,-0.05995306688984903,0.016325318396625682,3.4000000000000004,0.20869565217391306,-0.039755317146621394,-0.11201405854871205,0.25000000000000006,-0.10485753052917213,0.034011759384893536,0.029398462234283128,0.2169811320754717,-0.07105040833568,-0.03180018275967078,0.2553191489361702,-0.08711965225348894,-0.03361759980224921,0.04516129032258065,0.2268041237113402,0.012792345393325855,-0.22813015951430704,0.28735632183908044,-0.000992755983681537,-0.0021065797702511935,0.021592442645074206,0.24705882352941175,0.055356037151702786,-0.23352046783625735,0.2658227848101266,0.0034317862165964552,-0.14413502109704623,-0.01777777777777778,37.0,34.0,0.918918918918919,1.6938775510204083,VS_ABS_LE_2,1,3c4991c7cdc01a670ba1fc281142034f29ce439ee3f8fe04395970a1f7350817,1,1,0.3333333333333333,1,V06_VS_ABS_LE_2,True,False,False,False,False
V06_VS_ABS_LE_3,20,190,9.5,8.0,17.250000000000004,83,146,79,0.46368715083798884,0.541095890410959,0.40707964601769914,0.9518072289156626,0.46956521739130436,0.45544554455445546,1.012676794133054,0.9822259334367172,0.9292873242190858,3.420975548352967,-2.5608397807721617,0.5486111111111112,0.61,0.5333333333333333,1.111898734177215,0.9721518987341771,0.06329113924050633,0.6803909195801872,3.4053939993842874,-2.7006296065080315,0.45977011494252873,0.4811320754716981,0.47959183673469385,1.0464622641509433,1.043112244897959,0.8744546533517306,4.667596584280154,-3.203893949565595,0.5441176470588235,0.5957446808510638,0.5402298850574713,1.094882116158712,0.9928549238894068,0.14864864864864866,1.0276164544553823,4.83054517086684,-3.373012778811546,0.45121951219512196,0.4536082474226804,0.44329896907216493,1.005293953747562,0.9824463638896628,2.365533022634292,5.805530457295327,-4.001728843392666,0.53125,0.5747126436781609,0.524390243902439,1.0818120351588911,0.987087517934003,0.17647058823529413,2.391758342109851,5.540262222957903,-3.4477454474199254,0.46308724832214765,0.47058823529411764,0.45555555555555555,1.0161977834612106,0.9837359098228663,2.857408437326203,6.6839942730617,-4.152774810791016,0.5327868852459017,0.5443037974683544,0.5316455696202531,1.0216163583252191,0.9978578383641673,0.23076923076923078,2.4722166141432966,6.551755151328398,-3.9310516575085552,0.46844285272949876,1.0226513337865721,1.0030981728701627,0.5715870406658597,1.066103503214274,0.992600093395859,0.1852961558843912,0.31506849315068497,0.40707964601769914,0.2793296089385475,0.2885987695992616,-0.05777046676223496,-0.13950373577592878,0.32297932190202594,-0.11860594874036479,-0.06620552499754195,0.02068077126900658,4.6,0.26956521739130435,-0.07217169071543106,-0.09188147730435703,0.32,-0.1535558112773303,0.05093977752205581,0.03298810893747603,0.2830188679245283,-0.10259433962264164,-0.022193877551020424,0.3191489361702127,-0.1590185930611463,-0.04929066998032494,0.04864864864864865,0.28865979381443296,-0.03515013824292157,-0.1880532395996315,0.33333333333333326,-0.10651687730795234,0.02648714269948138,0.022624434389140274,0.2941176470588235,-0.035566922421142344,-0.20826409017713365,0.31645569620253167,-0.09028237585199594,-0.17581304771178197,-0.009230769230769209,50.0,46.0,0.92,1.9387755102040816,VS_ABS_LE_3,1,e9cd31f8cd50e53165a417a20bafdafec09314e69df98bf2bb663c8a8b9f5df1,0,1,0.3333333333333333,1,V06_VS_ABS_LE_3,True,False,False,False,False
V06_BASE_DEPTH_LE_33,20,163,8.15,7.0,15.05,63,146,62,0.35195530726256985,0.4246575342465753,0.25663716814159293,0.9841269841269841,0.33043478260869563,0.37623762376237624,0.9388543823326431,1.0689926135470689,0.7120422043725538,2.732022185016958,-2.5608397807721617,0.4305555555555556,0.46,0.4666666666666667,1.0683870967741935,1.0838709677419354,0.06451612903225806,0.7682956858015122,3.022730344892821,-2.752556220395219,0.3448275862068966,0.32075471698113206,0.35714285714285715,0.9301886792452829,1.0357142857142856,1.0492723997472364,4.007357516965571,-2.9224814183252237,0.41911764705882354,0.43617021276595747,0.4827586206896552,1.0406868234415827,1.1518451300665458,0.15789473684210525,0.9927916456191621,4.175899443413189,-3.3064030371382946,0.32926829268292684,0.28865979381443296,0.35051546391752575,0.8766704849179074,1.0645284459717448,1.654289789984209,5.29147923875758,-3.250241626182271,0.4140625,0.42528735632183906,0.43902439024390244,1.027109086965951,1.0602853198343305,0.20754716981132076,2.3881808390769033,5.384042115441745,-3.5332965843207664,0.3422818791946309,0.3058823529411765,0.37777777777777777,0.8936562860438293,1.1037037037037036,1.803638989125611,5.5258311788451975,-3.5450900889881676,0.4098360655737705,0.3924050632911392,0.45569620253164556,0.9574683544303797,1.111898734177215,0.24,1.990862873481758,5.861168013542406,-3.934212056184844,0.30509895457891384,0.9001718167356731,1.0679821451299114,0.41795421079297856,1.0084214216126377,1.1080097280260304,0.20181396888447534,0.19863013698630136,0.25663716814159293,0.1675977653631285,0.1252548714486767,-0.18024998381313395,-0.07461976351618005,0.16934649202914476,-0.17628803034200113,0.049204109632629445,0.03719858426909073,3.25,0.13043478260869562,-0.14599410251584188,-0.005114797194005316,0.17000000000000004,-0.19706744868035186,0.1626588465298141,0.03421309872922776,0.12264150943396224,-0.21886792452830206,-0.0295918367346939,0.1595744680851064,-0.2132138857782755,0.10969953619681405,0.05789473684210525,0.12371134020618554,-0.16377360707257616,-0.10597115751754949,0.18390804597701146,-0.16121982550089253,0.09968494459980892,0.05370101596516691,0.12941176470588237,-0.15810841983852364,-0.08829629629629632,0.16455696202531644,-0.15443037974683538,-0.061772151898734196,0.0,30.0,29.0,0.9666666666666667,1.663265306122449,BASE_DEPTH_LE_33,1,452b20773279cc5d94c4988cb02cf62f13de7e05a77ea14473504832128d9d0e,0,0,0.0,1,V06_BASE_DEPTH_LE_33,True,False,False,False,False
V06_BASE_DEPTH_LE_50,20,193,9.65,8.0,17.150000000000002,87,146,83,0.4860335195530726,0.5684931506849316,0.4424778761061947,0.9540229885057471,0.48695652173913045,0.4752475247524752,1.0018990504747627,0.9778081256401502,0.8023041555305088,2.9939285837551344,-2.306078163158609,0.5763888888888888,0.61,0.5666666666666667,1.0583132530120483,0.983132530120482,0.060240963855421686,0.5428894673627394,3.3361457489632373,-2.437343934986358,0.4827586206896552,0.5,0.5,1.0357142857142856,1.0357142857142856,1.2038717162806467,4.570513419082623,-2.975804095173368,0.5735294117647058,0.6063829787234043,0.5977011494252874,1.0572831423895255,1.042145593869732,0.14102564102564102,0.8375115831437352,4.653767297282895,-3.47144640505746,0.47560975609756095,0.4639175257731959,0.4536082474226804,0.9754163362410786,0.9537404176579435,2.365533022634292,5.697484908347761,-3.5153631803806484,0.5703125,0.6091954022988506,0.573170731707317,1.0681782396472996,1.005011693952556,0.1780821917808219,2.1779893319118226,5.517086722554887,-3.552228320502082,0.4899328859060403,0.4823529411764706,0.4777777777777778,0.9845286059629331,0.9751902587519026,2.4954640704144104,6.594522254039892,-3.9782731448834596,0.5655737704918032,0.569620253164557,0.569620253164557,1.00715465052284,1.00715465052284,0.2318840579710145,2.132073550648461,6.233559357350327,-3.937372454861132,0.48209015564988883,0.9985530759727658,0.9882149873747106,0.5950662113956039,1.0442053441865549,1.018103979448376,0.18366396359249249,0.34246575342465757,0.4424778761061947,0.3016759776536313,0.3022460725196517,-0.08186872457604133,-0.15438692127138087,0.3464584926317701,-0.14050410776808397,-0.04070163894502499,0.019048578977107877,4.75,0.28695652173913044,-0.08294943437372226,-0.096299285100924,0.32,-0.20714129244249713,0.0619204089083607,0.029937933552391383,0.3018867924528302,-0.1133423180592994,-0.0295918367346939,0.3297872340425532,-0.1966175668303327,2.220446049250313e-16,0.04102564102564102,0.2989690721649485,-0.065027755749405,-0.2167591858313508,0.367816091954023,-0.12015067281954384,0.04441131871803439,0.024236037934668053,0.3058823529411765,-0.06723609991941981,-0.21680974124809738,0.3417721518987342,-0.10474408365437515,-0.16651623555310935,-0.008115942028985496,54.0,50.0,0.9259259259259259,1.9693877551020407,BASE_DEPTH_LE_50,1,6edcdba70034f8f4f412b49358599289a9aff86a392df15538be9641f55b0347,0,0,0.0,1,V06_BASE_DEPTH_LE_50,True,False,False,False,False
V06_BASE_DURATION_7_65,20,193,9.65,8.5,17.250000000000004,88,146,82,0.49162011173184356,0.5616438356164384,0.4336283185840708,0.9318181818181818,0.4956521739130435,0.44554455445544555,1.008201581027668,0.9062781278127813,1.050615022325907,3.466115565259975,-2.488355739167053,0.5694444444444444,0.62,0.5222222222222223,1.0887804878048781,0.9170731707317075,0.06097560975609756,0.6116401934714633,3.4533541436391646,-2.6138518144942005,0.4885057471264368,0.5188679245283019,0.4897959183673469,1.0621531631520533,1.002641056422569,1.3016689226126976,4.997144423543376,-3.2109682900094527,0.5661764705882353,0.6170212765957447,0.5517241379310345,1.0898038132080685,0.974473802060009,0.14285714285714285,1.0624412632916025,4.899070083919255,-3.5032702896301227,0.4817073170731707,0.4845360824742268,0.44329896907216493,1.0058723737439645,0.920266214276393,2.6841765117698424,5.903470446215886,-4.152774810791016,0.5546875,0.6091954022988506,0.524390243902439,1.0982677675246884,0.9453795946410168,0.18309859154929578,2.3881808390769033,5.834199877909629,-3.9641757598920746,0.4899328859060403,0.49411764705882355,0.4444444444444444,1.0085414987912973,0.9071537290715372,2.961779462224312,6.849555631654458,-4.180545677117586,0.5491803278688525,0.569620253164557,0.5316455696202531,1.0372189684488948,0.9680710372189683,0.23880597014925373,2.4722166141432966,6.551755151328398,-4.118582896842948,0.49917388468711743,1.0255223452291051,0.9433536665901663,0.598612310686384,1.075096849727217,0.9626414779733313,0.18825390151856414,0.3356164383561644,0.4336283185840708,0.3072625698324022,0.3193298015568803,-0.05489945531970197,-0.19924824205592517,0.3500045919225502,-0.10961260222742175,-0.0961641404200696,0.02363851690317953,4.75,0.2956521739130435,-0.07664690382081685,-0.1678292829282929,0.33,-0.17667405764966726,-0.004138950480413794,0.030672579453067256,0.32075471698113206,-0.08690344062153166,-0.06266506602641053,0.3404255319148936,-0.16409689601178967,-0.06767179180972271,0.042857142857142844,0.31958762886597936,-0.034571718246519056,-0.2502333892129013,0.367816091954023,-0.09006114494215511,-0.015220780593504735,0.029252437703141926,0.3176470588235294,-0.04322320709105565,-0.2848462709284627,0.3417721518987342,-0.07467976572832025,-0.20559984885698102,-0.0011940298507462643,55.0,49.0,0.8909090909090909,1.9693877551020407,BASE_DURATION_7_65,1,fd4a27afa7b2e6b1bfc29b5f64a0e5ef0472afced9d1725614e50008620530d2,0,0,0.0,1,V06_BASE_DURATION_7_65,True,False,False,False,False
V06_PULLBACK_DEPTH_LE_15,20,159,7.95,6.5,16.1,70,146,68,0.39106145251396646,0.4657534246575342,0.30973451327433627,0.9714285714285714,0.40869565217391307,0.36633663366336633,1.0450931677018636,0.9367751060820368,1.050615022325907,3.307746142454593,-2.2127554309410877,0.4722222222222222,0.52,0.4444444444444444,1.1011764705882354,0.9411764705882353,0.058823529411764705,0.7682956858015122,3.594529411415437,-2.4461555523027756,0.3850574712643678,0.41509433962264153,0.3877551020408163,1.078006195437905,1.0070057873895828,1.3553293082574802,5.2229858428596065,-2.937153226916267,0.4632352941176471,0.5106382978723404,0.45977011494252873,1.1023302938196553,0.9925196132092683,0.12698412698412698,1.378122039046037,4.899070083919255,-3.4396225204847974,0.3719512195121951,0.38144329896907214,0.35051546391752575,1.0255196890316038,0.9423694439749872,2.3651093817464774,5.89436610757017,-3.196819609121737,0.453125,0.5057471264367817,0.4146341463414634,1.116131589377725,0.9150546677880571,0.1896551724137931,2.283085085494363,5.861168013542406,-3.5427624524114245,0.38926174496644295,0.4,0.37777777777777777,1.0275862068965518,0.9704980842911878,2.367661430354673,6.7667749523580785,-3.554638660268844,0.45901639344262296,0.4810126582278481,0.46835443037974683,1.0479204339963835,1.0203435804701628,0.23214285714285715,1.7871953939732954,6.666140927190778,-3.952651944960489,0.3988458795305712,1.0437040304553535,0.973291105218586,0.49913269417899003,1.0887941057312547,0.9759726204891628,0.18292738551359242,0.23972602739726026,0.30973451327433627,0.20670391061452512,0.21900179640033407,-0.03671777009345356,-0.16931080342750549,0.2505249754151562,-0.09591534622338416,-0.08283299790423815,0.01831200089820781,3.05,0.20869565217391306,-0.039755317146621394,-0.13733230465903734,0.23000000000000004,-0.16427807486630996,0.01996434937611402,0.0285204991087344,0.2169811320754717,-0.07105040833568,-0.05830033505939669,0.2340425531914893,-0.15157041540020288,-0.04962598066046342,0.02698412698412697,0.21649484536082472,-0.014924402958879757,-0.22813015951430704,0.26436781609195403,-0.07219732308911841,-0.04554570744646447,0.03580901856763924,0.2235294117647059,-0.024178498985801156,-0.22150191570881217,0.25316455696202533,-0.06397830018083162,-0.15332730560578645,-0.00785714285714284,37.0,35.0,0.9459459459459459,1.6224489795918366,PULLBACK_DEPTH_LE_15,1,ccb2cfb1d736615105053f2d0520a0bd472fddd400745a1d7bd85694e1b53397,0,0,0.0,1,V06_PULLBACK_DEPTH_LE_15,True,False,False,False,False
V06_PULLBACK_DURATION_3_10,20,174,8.7,7.0,16.150000000000002,80,146,75,0.44692737430167595,0.5136986301369864,0.37168141592920356,0.9375,0.4956521739130435,0.39603960396039606,1.109021739130435,0.8861386138613863,1.2302721894501656,3.6555757992537075,-2.3556380661097274,0.5208333333333334,0.59,0.4777777777777778,1.1327999999999998,0.9173333333333333,0.05333333333333334,0.8562004520228372,4.114196030451955,-2.4549671696191933,0.4425287356321839,0.5188679245283019,0.42857142857142855,1.1725067385444743,0.9684601113172541,1.953127120421927,5.508727901542398,-3.194285198054503,0.5147058823529411,0.5851063829787234,0.5057471264367817,1.13677811550152,0.9825944170771759,0.12857142857142856,1.9033576292135312,5.596544521984725,-3.47144640505746,0.4329268292682927,0.4845360824742268,0.38144329896907214,1.1192101059968056,0.8810802962102512,2.716363592000226,6.818778936632253,-3.4856362717731293,0.5,0.5747126436781609,0.45121951219512196,1.1494252873563218,0.9024390243902439,0.171875,2.4887101369581055,6.298375561714808,-3.5427624524114245,0.44966442953020136,0.49411764705882355,0.4,1.0988586479367866,0.8895522388059701,3.048002932142513,7.1986551489206185,-3.9782731448834596,0.5081967213114754,0.569620253164557,0.4810126582278481,1.120865659452838,0.9465087790935075,0.22580645161290322,2.9170818877324867,7.806986190882648,-3.934212056184844,0.49917388468711743,1.1301918308260221,0.9130308821111585,0.5764797599404804,1.1356896874368931,0.9438474068536425,0.1754176267281106,0.28767123287671237,0.37168141592920356,0.26256983240223464,0.3193298015568803,0.04977003027721505,-0.229571026534933,0.3278720411766466,-0.0490197645177457,-0.11495821153975838,0.010802242112725985,3.799999999999999,0.2956521739130435,0.02417325428194994,-0.18796879687968793,0.3,-0.13265454545454558,-0.003878787878787926,0.023030303030303033,0.32075471698113206,0.023450134770889308,-0.09684601113172542,0.30851063829787234,-0.11712259371833822,-0.05955117679255584,0.028571428571428553,0.31958762886597936,0.078766014006322,-0.2894193072790431,0.33333333333333326,-0.0389036251105217,-0.05816135084427765,0.018028846153846145,0.3176470588235294,0.047093942054433624,-0.30244776119402983,0.3417721518987342,0.008966925275622817,-0.22716210698244177,-0.014193548387096772,47.0,42.0,0.8936170212765957,1.7755102040816324,PULLBACK_DURATION_3_10,1,e8e0123577fd790f1ed19ca597a65e8d5ddc604d461e199f158af66d2e2f7fd8,1,1,0.3333333333333333,1,V06_PULLBACK_DURATION_3_10,True,False,False,False,False
V06_SETUP_PULLBACK_LIKE,20,188,9.4,7.5,17.150000000000002,85,146,80,0.4748603351955307,0.547945205479452,0.415929203539823,0.9411764705882353,0.5130434782608696,0.42574257425742573,1.0804092071611253,0.8965637740244613,1.2844352401895742,3.6428568314532894,-2.2658348083496094,0.5555555555555556,0.62,0.5111111111111111,1.1159999999999999,0.9199999999999999,0.0625,0.9077589082207349,3.844624743922176,-2.3917934372409357,0.47126436781609193,0.5283018867924528,0.4489795918367347,1.121030832949839,0.9527127924340468,1.6657849703561989,5.388880114373896,-3.025030339759782,0.5514705882352942,0.6170212765957447,0.5517241379310345,1.1188652482269503,1.0004597701149425,0.13333333333333333,1.4513160883848242,5.426782742964753,-3.3064030371382946,0.4634146341463415,0.4948453608247423,0.41237113402061853,1.0678241996744438,0.8898534997287031,2.700270051885034,6.439250002862574,-3.394649957507967,0.5390625,0.6091954022988506,0.5,1.1301016158587374,0.927536231884058,0.17391304347826086,2.3881808390769033,6.010931123487628,-3.5332965843207664,0.47651006711409394,0.5058823529411764,0.4222222222222222,1.0616404308202154,0.8860719874804383,3.048002932142513,7.141002648297468,-3.5641872315495204,0.5409836065573771,0.5822784810126582,0.5189873417721519,1.076332949750671,0.9593402378212503,0.21212121212121213,2.6504574911371925,7.406018056659979,-3.934212056184844,0.5096765335194572,1.0834984878148328,0.9095460932143961,0.6028317199690845,1.108433271278786,0.9624454132734169,0.17312252964426877,0.32191780821917804,0.415929203539823,0.2905027932960894,0.32983245038922004,0.003076687266025724,-0.2330558154316954,0.35422400120525066,-0.07627618067585273,-0.096360205119984,0.008507145028884167,4.5,0.3130434782608696,-0.004439277687359633,-0.17754363671661288,0.33,-0.1494545454545455,-0.001212121212121331,0.032196969696969696,0.330188679245283,-0.02802577082374591,-0.11259333001493266,0.3404255319148936,-0.13503546099290786,-0.04168582375478924,0.033333333333333326,0.3298969072164949,0.027380107683960153,-0.2806461037605912,0.367816091954023,-0.058227296608106105,-0.03306414335046359,0.02006688963210701,0.3294117647058823,0.009875724937862485,-0.3059280125195617,0.35443037974683544,-0.03556578442654401,-0.21433064825469894,-0.027878787878787864,52.0,47.0,0.9038461538461539,1.9183673469387754,SETUP_PULLBACK_LIKE,1,7f50af17a423a13fbabf5ad79b119ef8e71a2f075ddaa6daa300ab9858968eab,0,1,0.3333333333333333,1,V06_SETUP_PULLBACK_LIKE,True,False,False,False,False
V06_RS_WITHIN_10,20,209,10.45,8.5,17.400000000000006,94,146,88,0.5251396648044693,0.6027397260273972,0.48672566371681414,0.9361702127659575,0.5304347826086957,0.48514851485148514,1.0100832562442184,0.9238466399831472,1.1740259295717426,3.426578189137708,-2.454059758218463,0.6111111111111112,0.66,0.5777777777777777,1.08,0.9454545454545453,0.056818181818181816,0.7682956858015122,3.4533541436391646,-2.457758215241057,0.5229885057471264,0.5566037735849056,0.5204081632653061,1.0642753472942152,0.9950661583314645,1.3553293082574802,5.2229858428596065,-3.035605716089096,0.6102941176470589,0.6595744680851063,0.6091954022988506,1.0807485260189693,0.9981996953330563,0.13253012048192772,1.378122039046037,4.899070083919255,-3.4396225204847974,0.5182926829268293,0.5257731958762887,0.4742268041237113,1.0144329896907216,0.9149787750151607,2.6841765117698424,5.903470446215886,-3.5450900889881676,0.6015625,0.6551724137931034,0.573170731707317,1.0891177787729511,0.9528032942667088,0.16883116883116883,2.3881808390769033,5.834199877909629,-3.552228320502082,0.5302013422818792,0.5411764705882353,0.4888888888888889,1.0206999255398361,0.9220815752461322,2.9802242656735256,6.958650919034315,-3.9782731448834596,0.5983606557377049,0.620253164556962,0.569620253164557,1.036587480492457,0.9519680943298076,0.2191780821917808,2.6109326977661107,6.780526703053158,-3.937372454861132,0.5411844800164766,1.0331360875082576,0.9440421695309191,0.6450000154783906,1.0688179284281258,0.9676570279765242,0.17351312383495912,0.37671232876712324,0.48672566371681414,0.34078212290502796,0.3613403968862394,-0.047285713040549515,-0.19855973911517233,0.3963922967145568,-0.115891523526513,-0.09114859041687673,0.008897739219574513,5.549999999999999,0.3304347826086957,-0.0747652286042666,-0.150260770757927,0.37000000000000005,-0.18545454545454532,0.024242424242424065,0.026515151515151512,0.3584905660377358,-0.08478125647936974,-0.07023996411751499,0.38297872340425526,-0.17315218320088888,-0.04394589853667541,0.032530120481927716,0.3608247422680413,-0.026011102299762,-0.2555208284741336,0.4137931034482758,-0.09921113369389234,-0.007797080967812731,0.014985014985014977,0.3647058823529411,-0.031064780342516807,-0.26991842475386774,0.3924050632911392,-0.075311253684758,-0.22170279174614171,-0.02082191780821918,61.0,55.0,0.9016393442622951,2.1326530612244894,RS_WITHIN_10,1,fe001be3601a6e3b372cc5b46347f9458f1887bed08ba7f4b12c2908b5010cab,0,0,0.0,1,V06_RS_WITHIN_10,True,False,False,False,False
V06_REQ_VOLUME,20,131,6.55,5.0,14.05,46,146,45,0.2569832402234637,0.3082191780821918,0.10619469026548672,0.9782608695652174,0.26956521739130435,0.24752475247524752,1.048960302457467,0.9631941455015066,1.050615022325907,2.741482874650969,-2.7109214477506027,0.3125,0.39,0.28888888888888886,1.248,0.9244444444444444,0.022222222222222223,0.9593173644186326,3.3361457489632373,-2.437343934986358,0.2471264367816092,0.2641509433962264,0.23469387755102042,1.0688898639754278,0.9496915045087803,1.3553293082574802,5.267743563150984,-3.0144549634304685,0.29411764705882354,0.3617021276595745,0.3218390804597701,1.2297872340425533,1.0942528735632184,0.075,2.361737172309275,5.7516726188253315,-3.1620077219221496,0.22560975609756098,0.24742268041237114,0.21649484536082475,1.0966843131791586,0.9595987740317637,2.716363592000226,5.903470446215886,-3.4856362717731293,0.28125,0.3333333333333333,0.2804878048780488,1.1851851851851851,0.9972899728997291,0.1388888888888889,3.3287929524135396,6.329330826262902,-2.988207684536348,0.22818791946308725,0.24705882352941178,0.23333333333333334,1.0826989619377163,1.022549019607843,2.676436253870307,6.1191070545884685,-3.341227940447433,0.27049180327868855,0.3037974683544304,0.3037974683544304,1.1231300345224395,1.1231300345224395,0.18181818181818182,2.8286983681310884,7.933479151002976,-2.44311878475193,0.2528774824460031,1.0827577130307675,0.9772797660494623,0.33294430978244605,1.1793674845833928,1.071557626995129,0.1319023569023569,0.08219178082191783,0.10619469026548672,0.07262569832402235,0.07303339931576597,0.0023359124819604116,-0.16532214259662914,0.08433659101861224,-0.005341967371246037,0.012752008601728093,-0.0327130277130277,1.6499999999999995,0.06956521739130433,-0.035888182391017986,-0.11091326523956757,0.10000000000000003,-0.01745454545454539,0.003232323232323142,-0.00808080808080808,0.06603773584905659,-0.08016673979815714,-0.11561461794019923,0.08510638297872342,-0.02411347517730489,0.05210727969348672,-0.02500000000000001,0.08247422680412372,0.056240221188675,-0.21090082945753053,0.09195402298850572,-0.0031437272816583484,0.03668959766520752,-0.01495726495726496,0.07058823529411765,0.030934256055363374,-0.1694509803921569,0.07594936708860761,0.01123130034522446,-0.050540851553509736,-0.05818181818181817,13.0,12.0,0.9230769230769231,1.3367346938775508,REQ_VOLUME,1,1dc21bc59aa88ea9af5966bea26b0f53161812b5e4e575a5f2115fe30ec8ed22,1,0,0.0,1,V06_REQ_VOLUME,True,True,False,False,False
V06_REQ_EPS,20,172,8.6,7.0,15.100000000000001,78,146,73,0.43575418994413406,0.5,0.35398230088495575,0.9358974358974359,0.4434782608695652,0.43564356435643564,1.0177257525083612,0.9997461284589998,1.050615022325907,2.827501408862365,-2.5982516126301203,0.5069444444444444,0.53,0.5111111111111111,1.0454794520547945,1.0082191780821919,0.0684931506849315,0.8562004520228372,3.340815298031674,-2.804482834282407,0.43103448275862066,0.46226415094339623,0.46938775510204084,1.0724528301886793,1.0889795918367349,1.1060745099485958,4.6964671595011165,-3.323332468668616,0.5,0.5319148936170213,0.5057471264367817,1.0638297872340425,1.0114942528735633,0.14705882352941177,1.1854568423325995,4.83054517086684,-3.5182834369754445,0.42073170731707316,0.422680412371134,0.41237113402061853,1.0046317047661737,0.9801284924548035,2.6841765117698424,5.859370717579249,-3.9782731448834596,0.484375,0.5057471264367817,0.47560975609756095,1.0441230997404525,0.9819040125885129,0.1774193548387097,2.4887101369581055,5.540262222957903,-3.5427624524114245,0.436241610738255,0.43529411764705883,0.4222222222222222,0.9978280542986426,0.967863247863248,2.4954640704144104,6.6839942730617,-4.16474156755593,0.4918032786885246,0.5063291139240507,0.4936708860759494,1.029535864978903,1.0037974683544304,0.25,2.5415746559547037,6.507043030201743,-3.7468286427417397,0.4400795603205297,1.0249708630844985,1.0123237773849287,0.5146637113259512,1.0458295839844658,0.9990652446055023,0.19149272612270715,0.273972602739726,0.35398230088495575,0.25139664804469275,0.26023547719029255,-0.055450937464308625,-0.13027813126116272,0.2660559925621174,-0.13887986797017304,-0.05974037378789865,0.026877341507322544,3.6999999999999993,0.2434782608695652,-0.06712273234012378,-0.07436128228207439,0.24000000000000005,-0.21997509339975085,0.0870070568700706,0.0381901203819012,0.2641509433962264,-0.07660377358490567,0.023673469387755386,0.2553191489361702,-0.19007092198581566,-0.030651340996168397,0.047058823529411764,0.25773195876288657,-0.035812387224309905,-0.19037111103449078,0.26436781609195403,-0.144205812726391,0.021303637353991323,0.02357320099255583,0.2588235294117647,-0.053936651583710304,-0.224136752136752,0.2784810126582279,-0.08236286919831204,-0.16987341772151887,0.010000000000000009,45.0,40.0,0.8888888888888888,1.7551020408163263,REQ_EPS,1,f83ef7bd8fcf59070f0a2d00e361aa82b09818ed7358a6eec4ad4722e7f647da,0,0,0.0,1,V06_REQ_EPS,True,False,False,False,False
V06_REQ_RS,20,204,10.2,8.5,17.350000000000005,89,146,83,0.4972067039106145,0.5684931506849316,0.4424778761061947,0.9325842696629213,0.48695652173913045,0.48514851485148514,0.9793844650708354,0.975748136611414,0.8023041555305088,3.194516736556219,-2.4626781925670804,0.5763888888888888,0.61,0.5777777777777777,1.0583132530120483,1.002409638554217,0.060240963855421686,0.5428894673627394,3.3361457489632373,-2.527074022480369,0.4942528735632184,0.5094339622641509,0.5102040816326531,1.0307152259763053,1.0322733744660655,1.2038717162806467,4.846805791522247,-3.025030339759782,0.5735294117647058,0.6063829787234043,0.5977011494252874,1.0572831423895255,1.042145593869732,0.14102564102564102,1.0276164544553823,4.653767297282895,-3.5182834369754445,0.4878048780487805,0.4742268041237113,0.4742268041237113,0.9721649484536082,0.9721649484536082,2.023263330642666,5.788032762299866,-3.761681616935814,0.5625,0.5977011494252874,0.5609756097560976,1.0625798212005109,0.9972899728997291,0.18055555555555555,1.7880646214097906,5.47193473275982,-3.9507741073766036,0.4966442953020134,0.4823529411764706,0.4888888888888889,0.9712241653418124,0.9843843843843844,2.676436253870307,6.639258263550795,-4.065523977837238,0.5573770491803278,0.5569620253164557,0.569620253164557,0.9992553983618764,1.0219657483246465,0.23529411764705882,2.07574874169989,6.186569326784063,-4.043257165951397,0.4886712358547776,0.991368113257242,0.9962742357680193,0.5870153844883824,1.0397061206506377,1.0204671050313692,0.18562510474275182,0.34246575342465757,0.4424778761061947,0.3128491620111732,0.3088271527245405,-0.08905368729156515,-0.14632767287807213,0.3384076657245486,-0.14500333130400112,-0.038338513362031756,0.02100972012736721,5.299999999999999,0.28695652173913044,-0.10546401977764952,-0.09835927412966017,0.32,-0.20714129244249713,0.08119751734209568,0.029937933552391383,0.3113207547169811,-0.11834137779727971,-0.033032747982914,0.3297872340425532,-0.1966175668303327,2.220446049250313e-16,0.04102564102564102,0.30927835051546393,-0.06827914353687536,-0.19833465503568604,0.3563218390804598,-0.1257490912663326,0.03668959766520752,0.026709401709401698,0.3058823529411765,-0.0805405405405405,-0.2076156156156156,0.3291139240506329,-0.1126433358153387,-0.1517051377513028,-0.004705882352941171,56.0,50.0,0.8928571428571429,2.081632653061224,REQ_RS,1,0a3d1e64d29782234319d3a9bd5130044098689f27de6857a62355fe2ae90c56,0,0,0.0,1,V06_REQ_RS,True,False,False,False,False
V06_REQ_SUPPLY,20,138,6.9,5.0,14.100000000000001,60,146,59,0.33519553072625696,0.4041095890410959,0.23008849557522124,0.9833333333333333,0.3652173913043478,0.297029702970297,1.0895652173913044,0.8861386138613861,1.3029657025535712,3.5714535660253954,-2.59220746841185,0.4097222222222222,0.49,0.36666666666666664,1.1959322033898305,0.8949152542372881,0.05084745762711865,0.8562004520228372,4.114196030451955,-1.753576996716666,0.3275862068965517,0.36792452830188677,0.29591836734693877,1.1231380337636543,0.9033297529538131,2.1715149580063153,5.419108900310787,-3.0144549634304685,0.39705882352941174,0.4574468085106383,0.3793103448275862,1.1520882584712373,0.9553001277139208,0.1111111111111111,2.588653851676004,5.7516726188253315,-2.72213968177335,0.31097560975609756,0.32989690721649484,0.26804123711340205,1.0608449565393168,0.8619365271881948,2.842796224889943,6.334743662961051,-3.035605716089096,0.390625,0.47126436781609193,0.32926829268292684,1.2064367816091954,0.8429268292682928,0.14,3.4325277162098544,6.851175517159325,-2.5891872237504887,0.33557046979865773,0.38823529411764707,0.3111111111111111,1.1569411764705881,0.9271111111111111,3.014113598908019,7.292511102235921,-3.424376866115486,0.4016393442622951,0.45569620253164556,0.3670886075949367,1.134590545078791,0.9139757168690261,0.1836734693877551,3.2988319893368034,8.244162865036465,-2.6397965292642933,0.3620189098786762,1.1136413889245198,0.8974591304177063,0.46146912628612524,1.1643718617197412,0.9040675579504133,0.14492819349962208,0.17808219178082194,0.23008849557522124,0.15083798882681562,0.18217482674843904,0.033219588375712705,-0.24514277822838515,0.21286140752229143,-0.020337590234897673,-0.15473806044298766,-0.01968719111576253,2.0,0.16521739130434782,0.004716732542819457,-0.18796879687968804,0.2,-0.06952234206471486,-0.026296866974833133,0.020544427324088343,0.16981132075471694,-0.025918570009930697,-0.16197636949516636,0.18085106382978722,-0.10181245074862089,-0.0868454661558109,0.0111111111111111,0.16494845360824742,0.020400864548833164,-0.30856307630109947,0.22988505747126434,0.018107869142351962,-0.11767354596622881,-0.013846153846153841,0.21176470588235294,0.1051764705882352,-0.26488888888888884,0.22784810126582278,0.022691810901575904,-0.25969516920692315,-0.05632653061224488,27.0,26.0,0.9629629629629629,1.4081632653061225,REQ_SUPPLY,1,0f68561d2f4bf507f2b95552f9a5cd0262a2683481c481aeef0d45d84ebf61e1,2,2,0.6666666666666666,2,V06_REQ_SUPPLY,True,True,False,False,False
V06_VS3_REQ_RS,20,184,9.2,8.0,17.200000000000003,78,146,74,0.43575418994413406,0.5068493150684932,0.36283185840707965,0.9487179487179487,0.4260869565217391,0.45544554455445546,0.9778149386845039,1.0451891342980453,0.6720570811834303,3.0694550014272903,-2.5751848899018324,0.5138888888888888,0.56,0.5333333333333333,1.08972972972973,1.037837837837838,0.06756756756756757,0.343858055509505,3.233063063750241,-2.8446442242826553,0.43103448275862066,0.4339622641509434,0.46938775510204084,1.0067924528301888,1.0889795918367349,0.20842085747643235,4.300155756484503,-3.2109682900094527,0.5073529411764706,0.5425531914893617,0.5287356321839081,1.0693802035152635,1.042145593869732,0.15942028985507245,0.6822315206683083,4.37127713748926,-3.5032702896301227,0.42073170731707316,0.4020618556701031,0.44329896907216493,0.9556252801434335,1.0536381293889139,1.666759057960543,5.5258311788451975,-4.025184541901872,0.4921875,0.5172413793103449,0.5121951219512195,1.0509031198686372,1.0406504065040652,0.19047619047619047,2.1779893319118226,5.381042245132472,-3.9641757598920746,0.42953020134228187,0.4117647058823529,0.45555555555555555,0.9586397058823529,1.0605902777777778,2.1080338855236413,6.1191070545884685,-4.158758189173472,0.4918032786885246,0.4810126582278481,0.5316455696202531,0.9780590717299579,1.081012658227848,0.25,1.990862873481758,6.013857722696492,-4.099476988055761,0.41592960856779976,0.9736858129519917,1.0677359996678089,0.5136024096758516,1.0327807983712862,1.0546028862005483,0.19996549344375433,0.2808219178082192,0.36283185840707965,0.25139664804469275,0.23608552543756262,-0.10673598759681535,-0.0748659089782826,0.26499469091201777,-0.1519286535833526,-0.00420273219285261,0.035350108828369725,4.299999999999999,0.2260869565217391,-0.10703354616398109,-0.028918276443028912,0.2700000000000001,-0.17572481572481546,0.11662571662571664,0.03726453726453727,0.2358490566037736,-0.14226415094339617,0.023673469387755386,0.2659574468085106,-0.18452050570459466,2.220446049250313e-16,0.059420289855072445,0.2371134020618557,-0.08481881184705009,-0.11686147410038039,0.27586206896551724,-0.1374257925982063,0.08005003126954358,0.03663003663003661,0.2352941176470588,-0.09312500000000001,-0.13140972222222214,0.25316455696202533,-0.1338396624472572,-0.09265822784810118,0.010000000000000009,45.0,41.0,0.9111111111111111,1.877551020408163,VS_ABS_LE_3+REQ_RS,2,ccc586e668d5e3c70587ff8e592f820d4542dcf6a57e6b7ba5af5f13453df1f2,0,1,0.3333333333333333,1,V06_VS3_REQ_RS,True,False,False,False,False
V06_VS3_REQ_VOLUME,20,125,6.25,5.0,14.0,44,146,43,0.24581005586592178,0.2945205479452055,0.08849557522123894,0.9772727272727273,0.25217391304347825,0.2376237623762376,1.025889328063241,0.9666966696669667,0.7427516854798366,2.741482874650969,-2.7109214477506027,0.2986111111111111,0.37,0.2777777777777778,1.2390697674418605,0.930232558139535,0.023255813953488372,0.8562004520228372,3.2931308045847985,-2.437343934986358,0.23563218390804597,0.24528301886792453,0.22448979591836735,1.0409572020248505,0.9527127924340468,1.3016689226126976,5.2229858428596065,-3.0144549634304685,0.27941176470588236,0.3404255319148936,0.2988505747126437,1.2183650615901456,1.0695704779189352,0.07894736842105263,2.361737172309275,5.596544521984725,-2.844437878820955,0.21341463414634146,0.2268041237113402,0.20618556701030927,1.062739322533137,0.9661266568483063,2.716363592000226,5.89436610757017,-3.4856362717731293,0.265625,0.3103448275862069,0.25609756097560976,1.1683569979716024,0.9641319942611191,0.11764705882352941,3.3287929524135396,6.030862886358723,-2.440231359869144,0.2214765100671141,0.23529411764705882,0.2222222222222222,1.0623885918003564,1.0033670033670032,2.4954640704144104,5.903470446215886,-3.4856362717731293,0.26229508196721313,0.2911392405063291,0.2911392405063291,1.1099683544303798,1.1099683544303798,0.1875,2.6504574911371925,7.8630131531120195,-1.9981130866410013,0.23579375340877454,1.0553617054527813,0.9740688175497855,0.3139698666691432,1.1655634713307093,1.0478902755368111,0.128031475748194,0.06849315068493153,0.08849557522123894,0.06145251396648044,0.055949670278537394,-0.025060095096025803,-0.168533091096306,0.06536214790530942,-0.01914598062392958,-0.010915342856589794,-0.036583908867190595,1.3499999999999996,0.05217391304347824,-0.05895915678524388,-0.10741074107410753,0.08000000000000002,-0.026384778012684906,0.009020436927413722,-0.007047216349541932,0.047169811320754707,-0.10809940174873445,-0.11259333001493266,0.06382978723404253,-0.03553564762971262,0.027424884049203513,-0.02105263157894738,0.061855670103092786,0.022295230542653366,-0.20437294664098793,0.06896551724137931,-0.01997191449524105,0.003531619026597488,-0.036199095022624445,0.05882352941176469,0.01062388591800345,-0.1886329966329967,0.06329113924050633,-0.001930379746835298,-0.0637025316455695,-0.05249999999999999,11.0,10.0,0.9090909090909091,1.2755102040816326,VS_ABS_LE_3+REQ_VOLUME,2,eb62a4b329076a835b8463a54f353f2013f2a5bdc645826e644644846628c949,0,0,0.0,1,V06_VS3_REQ_VOLUME,True,True,False,False,False
V06_VS3_BASE50,20,178,8.9,8.0,17.05,78,146,75,0.43575418994413406,0.5136986301369864,0.37168141592920356,0.9615384615384616,0.43478260869565216,0.44554455445544555,0.9977703455964325,1.0224676313785226,0.6720570811834303,2.9147843403515505,-2.5374365332695934,0.5208333333333334,0.57,0.5222222222222223,1.0943999999999998,1.0026666666666666,0.06666666666666667,0.14482664365627063,3.2931308045847985,-2.460549260862921,0.43103448275862066,0.4339622641509434,0.46938775510204084,1.0067924528301888,1.0889795918367349,0.20842085747643235,4.300155756484503,-3.196819609121737,0.5147058823529411,0.5531914893617021,0.5287356321839081,1.0747720364741642,1.0272577996715928,0.15714285714285714,0.6249658391564328,4.439841998999072,-3.373012778811546,0.42073170731707316,0.4020618556701031,0.4329896907216495,0.9556252801434335,1.0291349170775437,1.681417279538855,5.5258311788451975,-3.9782731448834596,0.5078125,0.5402298850574713,0.524390243902439,1.0638373121131741,1.0326454033771106,0.18461538461538463,2.1779893319118226,5.384042115441745,-3.552228320502082,0.436241610738255,0.4235294117647059,0.45555555555555555,0.9708597285067874,1.0442735042735043,2.239858790294935,6.334743662961051,-4.152774810791016,0.5081967213114754,0.5063291139240507,0.5316455696202531,0.9963250306247449,1.046141282155982,0.24193548387096775,2.07574874169989,6.186569326784063,-3.945706179335634,0.41985117719525084,0.9777591538268032,1.0541293377292609,0.5332501627810747,1.0449781264040279,1.035348161734895,0.1945645752097365,0.28767123287671237,0.37168141592920356,0.25139664804469275,0.2400070940650137,-0.10266264672200387,-0.08847257091683058,0.2846424440172409,-0.13973132555061096,-0.02345745665850596,0.029949190594351888,4.0,0.23478260869565215,-0.08707813925205243,-0.0516397793625516,0.27999999999999997,-0.17105454545454557,0.08145454545454534,0.03636363636363636,0.2358490566037736,-0.14226415094339617,0.023673469387755386,0.2765957446808511,-0.179128672745694,-0.014887794198138904,0.057142857142857134,0.2371134020618557,-0.08481881184705009,-0.1413646864117506,0.29885057471264365,-0.12449160035366935,0.07204502814258906,0.03076923076923077,0.24705882352941175,-0.08090497737556557,-0.14772649572649565,0.2784810126582279,-0.11557370355247021,-0.12752960391996737,0.001935483870967758,45.0,42.0,0.9333333333333333,1.816326530612245,VS_ABS_LE_3+BASE_DEPTH_LE_50,2,c91dc35b9abd494683a13bdf4d197917fd92125b2818e8387186ba6a8d22f420,0,1,0.3333333333333333,1,V06_VS3_BASE50,True,False,False,False,False
V06_BASE50_DURATION,20,181,9.05,7.5,17.05,81,146,77,0.45251396648044695,0.5273972602739726,0.3893805309734513,0.9506172839506173,0.45217391304347826,0.43564356435643564,0.999248523886205,0.9627184940716293,0.7283337910970022,3.1449814190994463,-2.4626781925670804,0.5347222222222222,0.57,0.5111111111111111,1.065974025974026,0.9558441558441558,0.06493506493506493,0.14482664365627063,3.2931308045847985,-2.4549671696191933,0.4482758620689655,0.46226415094339623,0.46938775510204084,1.0312046444121916,1.0470957613814758,1.0492723997472364,4.401228292795278,-3.203893949565595,0.5294117647058824,0.5638297872340425,0.5402298850574713,1.0650118203309693,1.0204342273307792,0.1527777777777778,0.6249658391564328,4.653767297282895,-3.527749305066102,0.43902439024390244,0.422680412371134,0.422680412371134,0.9627720504009164,0.9627720504009164,2.023263330642666,5.697484908347761,-4.088979676346444,0.5234375,0.5632183908045977,0.524390243902439,1.0759993137759478,1.001820167455406,0.19402985074626866,2.1779893319118226,5.517086722554887,-3.9641757598920746,0.44966442953020136,0.43529411764705883,0.43333333333333335,0.9680421422300263,0.963681592039801,2.239858790294935,6.334743662961051,-4.20669696830116,0.5163934426229508,0.5189873417721519,0.5316455696202531,1.005023106288929,1.0295358649789028,0.25396825396825395,2.0194239327513186,6.139579296217801,-4.118582896842948,0.4400795603205297,0.9873396123477113,0.9911831346073977,0.5486785066035974,1.0486780801319489,1.017263419921696,0.20025862749743348,0.3013698630136986,0.3893805309734513,0.26815642458100564,0.26023547719029255,-0.09308218820109582,-0.15141877403869375,0.3000707878397636,-0.13603137182268998,-0.041542198471704816,0.03564324288204887,4.15,0.25217391304347825,-0.08559996096227995,-0.11138891666944484,0.27999999999999997,-0.19948051948051937,0.03463203463203457,0.034632034632034625,0.2641509433962264,-0.11785195936139337,-0.018210361067503733,0.28723404255319146,-0.18888888888888888,-0.02171136653895256,0.052777777777777785,0.25773195876288657,-0.0776720415895672,-0.20772755308837787,0.32183908045977005,-0.11232959869089565,0.041219792220884344,0.04018369690011481,0.2588235294117647,-0.08372256365232666,-0.22831840796019898,0.2911392405063291,-0.10687562788828608,-0.14413502109704646,0.013968253968253963,48.0,44.0,0.9166666666666666,1.846938775510204,BASE_DEPTH_LE_50+BASE_DURATION_7_65,2,c79e611a706390ed82ee8e359bf4b3e51521abd6f60dbd2b3f42462767f4100c,0,0,0.0,1,V06_BASE50_DURATION,True,False,False,False,False
V06_BASE50_REQ_RS,20,189,9.45,8.0,17.1,83,146,79,0.46368715083798884,0.541095890410959,0.40707964601769914,0.9518072289156626,0.45217391304347826,0.4752475247524752,0.9751702462022,1.0249314088035308,0.7120422043725538,2.8356400969479667,-2.306078163158609,0.5486111111111112,0.57,0.5666666666666667,1.0389873417721518,1.0329113924050632,0.06329113924050633,0.14482664365627063,3.1729953229156838,-2.4549671696191933,0.45977011494252873,0.46226415094339623,0.4897959183673469,1.0054245283018868,1.0653061224489795,1.0492723997472364,4.170581012516883,-2.975804095173368,0.5441176470588235,0.5638297872340425,0.5862068965517241,1.036227717078781,1.0773532152842498,0.14864864864864866,0.6249658391564328,4.273588290451224,-3.5182834369754445,0.45121951219512196,0.422680412371134,0.4536082474226804,0.9367511841738646,1.005293953747562,1.674088168749699,5.5172795401937975,-3.5153631803806484,0.5390625,0.5632183908045977,0.5609756097560976,1.0448109278693987,1.0406504065040652,0.18840579710144928,1.3981399109077586,5.384042115441745,-3.937372454861132,0.46308724832214765,0.43529411764705883,0.4777777777777778,0.9399829497016198,1.0317230273752014,1.9762089807523475,5.903470446215886,-3.9782731448834596,0.5327868852459017,0.5189873417721519,0.569620253164557,0.9740993184031158,1.0691333982473223,0.24615384615384617,1.9623018142121973,5.888136149175183,-3.967931435059846,0.4400795603205297,0.9607195540591237,1.0341077011905808,0.5486785066035974,1.0183793211170984,1.0623790066785457,0.19440276396798137,0.31506849315068497,0.40707964601769914,0.2793296089385475,0.26023547719029255,-0.11970224648968342,-0.10849420745551064,0.3000707878397636,-0.16633013083754045,0.003573388285144752,0.02978737935259676,4.549999999999999,0.25217391304347825,-0.1096782386462849,-0.049176001937543345,0.27999999999999997,-0.2264672036823936,0.11169927119294198,0.03298810893747603,0.2641509433962264,-0.1436320754716982,0.0,0.28723404255319146,-0.21767299214107716,0.03520762141451805,0.04864864864864865,0.25773195876288657,-0.103692907816619,-0.16520564974173224,0.32183908045977005,-0.1435179845974448,0.08005003126954358,0.034559643255295425,0.2588235294117647,-0.11178175618073316,-0.16027697262479856,0.2911392405063291,-0.13779941577409927,-0.10453748782862693,0.006153846153846176,50.0,46.0,0.92,1.9285714285714284,BASE_DEPTH_LE_50+REQ_RS,2,5138992c3d0c5b27cee987a6381172340c6129c8a6e9ee14843a08a23330bce9,0,0,0.0,1,V06_BASE50_REQ_RS,True,False,False,False,False
V06_DURATION_REQ_RS,20,188,9.4,8.5,17.200000000000003,83,146,77,0.46368715083798884,0.5273972602739726,0.3893805309734513,0.927710843373494,0.45217391304347826,0.44554455445544555,0.9751702462022,0.9608731957533103,0.7283337910970022,3.420975548352967,-2.5140332857670256,0.5347222222222222,0.57,0.5222222222222223,1.065974025974026,0.9766233766233767,0.06493506493506493,0.15644390517406404,3.2931308045847985,-2.804482834282407,0.45977011494252873,0.4716981132075472,0.47959183673469385,1.025943396226415,1.043112244897959,1.0492723997472364,4.599383994303585,-3.2588187242509337,0.5294117647058824,0.5638297872340425,0.5402298850574713,1.0650118203309693,1.0204342273307792,0.1527777777777778,0.8375115831437352,4.653767297282895,-3.5881963828620522,0.45121951219512196,0.4329896907216495,0.44329896907216493,0.9595987740317637,0.9824463638896628,1.674088168749699,5.788032762299866,-4.158758189173472,0.515625,0.5517241379310345,0.5121951219512195,1.070010449320794,0.9933481152993349,0.19696969696969696,1.7880646214097906,5.47193473275982,-4.19646951126858,0.4563758389261745,0.43529411764705883,0.4444444444444444,0.9538062283737024,0.9738562091503268,2.367661430354673,6.464632958500472,-4.193621322709373,0.5081967213114754,0.5063291139240507,0.5316455696202531,0.9963250306247449,1.046141282155982,0.25806451612903225,1.990862873481758,6.013857722696492,-4.40015373655826,0.44666064052541854,0.9797827995439604,0.9998049393126496,0.5406276796963759,1.0437824334255028,1.0199745415953654,0.20260399695883566,0.3013698630136986,0.3893805309734513,0.2793296089385475,0.2668165573951814,-0.10063900100484668,-0.14279696933344188,0.2920199609325421,-0.14092701852913603,-0.038831076798035546,0.03798861234345105,4.5,0.25217391304347825,-0.1096782386462849,-0.11323421498776387,0.27999999999999997,-0.19948051948051937,0.05541125541125547,0.034632034632034625,0.27358490566037735,-0.12311320754716992,-0.022193877551020424,0.28723404255319146,-0.18888888888888888,-0.02171136653895256,0.052777777777777785,0.2680412371134021,-0.08084531795871985,-0.1880532395996315,0.31034482758620685,-0.11831846314604944,0.03274774006481329,0.04312354312354311,0.2588235294117647,-0.0979584775086505,-0.21814379084967317,0.2784810126582279,-0.11557370355247021,-0.12752960391996737,0.01806451612903226,50.0,44.0,0.88,1.9183673469387754,BASE_DURATION_7_65+REQ_RS,2,9460193259e402c9720ed450783ea8b7b62271f5c5abeb057dcb31928cbeb9b8,0,0,0.0,1,V06_DURATION_REQ_RS,True,False,False,False,False
V06_PB15_REQ_SUPPLY,20,129,6.45,5.0,14.05,55,146,54,0.30726256983240224,0.3698630136986301,0.18584070796460178,0.9818181818181818,0.3217391304347826,0.2871287128712871,1.0471146245059288,0.9344734473447344,1.176109138710757,3.4321808299224488,-2.4626781925670804,0.375,0.44,0.35555555555555557,1.1733333333333333,0.9481481481481482,0.05555555555555555,0.7682956858015122,3.844624743922176,-2.0499099681060895,0.2988505747126437,0.32075471698113206,0.2857142857142857,1.0732946298984034,0.9560439560439559,1.7464741194010203,5.3131974457939934,-2.9224814183252237,0.3602941176470588,0.40425531914893614,0.3563218390804598,1.1220147633521493,0.9889749003049496,0.12244897959183673,2.2382679235918523,5.426782742964753,-2.804482834282407,0.2804878048780488,0.27835051546391754,0.26804123711340205,0.9923800986104885,0.9556252801434333,2.5250665876459744,5.898918276893028,-2.9224814183252237,0.3515625,0.41379310344827586,0.3048780487804878,1.1770114942528735,0.8672086720867208,0.15555555555555556,3.2271007255861184,6.050794649229818,-2.6397965292642933,0.30201342281879195,0.32941176470588235,0.3,1.090718954248366,0.9933333333333333,2.4954640704144104,6.958650919034315,-3.3036636432428046,0.36065573770491804,0.3924050632911392,0.35443037974683544,1.0880322209436133,0.9827387802071346,0.20454545454545456,2.6504574911371925,7.4204570923215645,-3.0865465567925296,0.3095056657169773,1.0521312275857526,0.9683341898402408,0.403484495296117,1.1290194928495454,0.9463074508662683,0.1608499965642823,0.14383561643835616,0.18584070796460178,0.1229050279329609,0.12966158258674015,-0.028290572963054483,-0.17426771880585068,0.1548767765322832,-0.055689959105093445,-0.1124981675271326,-0.0037653880511022975,1.5499999999999998,0.12173913043478257,-0.0377338603425561,-0.13963396339633982,0.15000000000000002,-0.09212121212121205,0.026936026936026924,0.02525252525252525,0.12264150943396224,-0.07576197387518158,-0.10926216640502362,0.12765957446808507,-0.13188594586770885,-0.0531706935647821,0.022448979591836726,0.11340206185567012,-0.04806399337999512,-0.21487432334586098,0.17241379310344826,-0.011317418213969921,-0.09339170314780076,0.0017094017094017033,0.15294117647058822,0.03895424836601302,-0.19866666666666666,0.16455696202531644,-0.023866513233601783,-0.1909321058688147,-0.03545454545454543,22.0,21.0,0.9545454545454546,1.316326530612245,PULLBACK_DEPTH_LE_15+REQ_SUPPLY,2,59cc8a551de2ea74c98ac3f20e4c97fb7c8ffa6fd2baae58f9341c9d92653ce8,0,1,0.3333333333333333,1,V06_PB15_REQ_SUPPLY,True,True,False,False,False
V06_PULLBACK_SETUP_REQ_RS,20,182,9.1,7.5,17.1,80,146,75,0.44692737430167595,0.5136986301369864,0.37168141592920356,0.9375,0.46956521739130436,0.42574257425742573,1.0506521739130437,0.9525990099009901,1.050615022325907,3.466115565259975,-2.263580781948055,0.5208333333333334,0.57,0.5111111111111111,1.0943999999999998,0.9813333333333332,0.06666666666666667,0.6803909195801872,3.4053939993842874,-2.4549671696191933,0.4425287356321839,0.4811320754716981,0.4387755102040816,1.0872335211957853,0.9915186853962363,1.3553293082574802,5.267743563150984,-3.0144549634304685,0.5147058823529411,0.5638297872340425,0.5402298850574713,1.0954407294832829,1.0495894909688015,0.14285714285714285,1.2202816511688197,4.880516345798014,-3.47144640505746,0.4329268292682927,0.44329896907216493,0.41237113402061853,1.0239581820821837,0.9525192391462175,2.3651093817464774,5.903470446215886,-3.4856362717731293,0.5,0.5517241379310345,0.4878048780487805,1.103448275862069,0.975609756097561,0.1875,1.7880646214097906,5.698818800635275,-3.7448003876816074,0.4429530201342282,0.4470588235294118,0.4222222222222222,1.0092691622103387,0.9531986531986532,2.676436253870307,6.9041032753443865,-3.77123018821649,0.5,0.5189873417721519,0.5189873417721519,1.0379746835443038,1.0379746835443038,0.22950819672131148,2.0194239327513186,6.551755151328398,-3.967931435059846,0.45716328935775824,1.0401536218294358,0.9657455259137023,0.5448470889790763,1.0789545629632187,1.0210579768702222,0.18662177985948478,0.28767123287671237,0.37168141592920356,0.26256983240223464,0.2773192062275211,-0.04026817871937127,-0.17685638273238913,0.2962393702152425,-0.10575488899142016,-0.037747641523178777,0.02200639524410017,4.199999999999999,0.26956521739130435,-0.03419631093544129,-0.12150840084008407,0.27999999999999997,-0.17105454545454557,0.06012121212121191,0.03636363636363636,0.2830188679245283,-0.06182308257779967,-0.07378743705274315,0.28723404255319146,-0.15845997973657533,0.007443897099069785,0.042857142857142844,0.27835051546391754,-0.0164859099082999,-0.21798036434307677,0.31034482758620685,-0.08488063660477452,0.015009380863039379,0.033653846153846145,0.2705882352941177,-0.04249554367201425,-0.2388013468013468,0.2911392405063291,-0.0739240506329113,-0.1356962025316455,-0.01049180327868851,47.0,42.0,0.8936170212765957,1.857142857142857,SETUP_PULLBACK_LIKE+REQ_RS,2,c3e89175e244a9ab84b0fe9b24f65ec174fce42d385f9417f110f98c532346aa,0,1,0.3333333333333333,1,V06_PULLBACK_SETUP_REQ_RS,True,False,False,False,False
V06_PULLBACK_SETUP_REQ_SUPPLY,20,138,6.9,5.0,14.100000000000001,60,146,59,0.33519553072625696,0.4041095890410959,0.23008849557522124,0.9833333333333333,0.3652173913043478,0.297029702970297,1.0895652173913044,0.8861386138613861,1.3029657025535712,3.5714535660253954,-2.59220746841185,0.4097222222222222,0.49,0.36666666666666664,1.1959322033898305,0.8949152542372881,0.05084745762711865,0.8562004520228372,4.114196030451955,-1.753576996716666,0.3275862068965517,0.36792452830188677,0.29591836734693877,1.1231380337636543,0.9033297529538131,2.1715149580063153,5.419108900310787,-3.0144549634304685,0.39705882352941174,0.4574468085106383,0.3793103448275862,1.1520882584712373,0.9553001277139208,0.1111111111111111,2.588653851676004,5.7516726188253315,-2.72213968177335,0.31097560975609756,0.32989690721649484,0.26804123711340205,1.0608449565393168,0.8619365271881948,2.842796224889943,6.334743662961051,-3.035605716089096,0.390625,0.47126436781609193,0.32926829268292684,1.2064367816091954,0.8429268292682928,0.14,3.4325277162098544,6.851175517159325,-2.5891872237504887,0.33557046979865773,0.38823529411764707,0.3111111111111111,1.1569411764705881,0.9271111111111111,3.014113598908019,7.292511102235921,-3.424376866115486,0.4016393442622951,0.45569620253164556,0.3670886075949367,1.134590545078791,0.9139757168690261,0.1836734693877551,3.2988319893368034,8.244162865036465,-2.6397965292642933,0.3620189098786762,1.1136413889245198,0.8974591304177063,0.46146912628612524,1.1643718617197412,0.9040675579504133,0.14492819349962208,0.17808219178082194,0.23008849557522124,0.15083798882681562,0.18217482674843904,0.033219588375712705,-0.24514277822838515,0.21286140752229143,-0.020337590234897673,-0.15473806044298766,-0.01968719111576253,2.0,0.16521739130434782,0.004716732542819457,-0.18796879687968804,0.2,-0.06952234206471486,-0.026296866974833133,0.020544427324088343,0.16981132075471694,-0.025918570009930697,-0.16197636949516636,0.18085106382978722,-0.10181245074862089,-0.0868454661558109,0.0111111111111111,0.16494845360824742,0.020400864548833164,-0.30856307630109947,0.22988505747126434,0.018107869142351962,-0.11767354596622881,-0.013846153846153841,0.21176470588235294,0.1051764705882352,-0.26488888888888884,0.22784810126582278,0.022691810901575904,-0.25969516920692315,-0.05632653061224488,27.0,26.0,0.9629629629629629,1.4081632653061225,SETUP_PULLBACK_LIKE+REQ_SUPPLY,2,0f68561d2f4bf507f2b95552f9a5cd0262a2683481c481aeef0d45d84ebf61e1,2,2,0.6666666666666666,2,V06_REQ_SUPPLY,False,True,False,False,False
V06_REQ_VOLUME_RS,20,130,6.5,5.0,14.05,45,146,44,0.25139664804469275,0.3013698630136986,0.09734513274336283,0.9777777777777777,0.2608695652173913,0.24752475247524752,1.0376811594202897,0.9845984598459845,0.9292873242190858,2.732022185016958,-2.90780960973418,0.3055555555555556,0.38,0.28888888888888886,1.2436363636363637,0.9454545454545453,0.022727272727272728,0.9077589082207349,3.314638276774018,-2.6209133846343824,0.2413793103448276,0.25471698113207547,0.23469387755102042,1.0552560646900269,0.9723032069970845,1.328499115435089,5.245364703005295,-3.025030339759782,0.2867647058823529,0.35106382978723405,0.3218390804597701,1.2242225859247138,1.1223106395520188,0.07692307692307693,2.1497607566787647,5.676002321414564,-3.4396225204847974,0.21951219512195122,0.23711340206185566,0.21649484536082475,1.0801832760595647,0.9862542955326461,2.5407364868733517,5.898918276893028,-3.5153631803806484,0.2734375,0.3218390804597701,0.2804878048780488,1.1770114942528735,1.0257839721254356,0.14285714285714285,3.2271007255861184,6.050794649229818,-3.5332965843207664,0.2214765100671141,0.23529411764705882,0.23333333333333334,1.0623885918003564,1.0535353535353535,2.4954640704144104,5.903470446215886,-3.4856362717731293,0.26229508196721313,0.2911392405063291,0.3037974683544304,1.1099683544303798,1.1582278481012658,0.1875,2.6504574911371925,7.8630131531120195,-2.988207684536348,0.2423748336136633,1.065942644183316,1.0040309520216948,0.3213473835844444,1.1704008115359892,1.1021074865929068,0.13576007326007325,0.07534246575342465,0.09734513274336283,0.06703910614525141,0.06253075048342616,-0.01447915636549113,-0.13857095662439667,0.07273966482061062,-0.014308640418649654,0.04330186819950588,-0.02885531135531136,1.5999999999999996,0.060869565217391286,-0.04716732542819524,-0.0895089508950897,0.09000000000000002,-0.021818181818181737,0.024242424242424065,-0.007575757575757576,0.05660377358490565,-0.09380053908355812,-0.09300291545189499,0.07446808510638298,-0.02967812329514441,0.0801650456822871,-0.023076923076923078,0.07216494845360824,0.03973918406908106,-0.18424530795664817,0.08045977011494251,-0.011317418213969921,0.06518359689091402,-0.010989010989011005,0.05882352941176469,0.01062388591800345,-0.1384646464646464,0.06329113924050633,-0.001930379746835298,-0.015443037974683493,-0.05249999999999999,12.0,11.0,0.9166666666666666,1.3265306122448979,REQ_VOLUME+REQ_RS,2,f2b9f22d4729120d80014645a175aa9170ef307917adc5acfd5da9c90df09fba,0,0,0.0,1,V06_REQ_VOLUME_RS,True,True,False,False,False
V06_REQ_VOLUME_SUPPLY,20,105,5.25,4.0,14.0,38,146,38,0.2122905027932961,0.2602739726027397,0.04424778761061947,1.0,0.23478260869565218,0.22772277227722773,1.1059496567505722,1.0726941115164148,0.3714475090451308,2.427882557279337,-3.1162126626054167,0.2638888888888889,0.34,0.24444444444444444,1.288421052631579,0.9263157894736842,0.02631578947368421,1.0561823395427439,3.3384805234974557,-3.122052677383602,0.20114942528735633,0.22641509433962265,0.20408163265306123,1.1256064690026955,1.0145772594752187,1.3553293082574802,5.267743563150984,-3.196819609121737,0.2426470588235294,0.30851063829787234,0.25287356321839083,1.27143778207608,1.042145593869732,0.09090909090909091,2.603594115412222,5.8273429162361,-3.4396225204847974,0.17682926829268292,0.1958762886597938,0.18556701030927836,1.1077141841450409,1.0494134376110915,2.716363592000226,5.903470446215886,-3.196819609121737,0.2265625,0.27586206896551724,0.21951219512195122,1.2175980975029725,0.9688814129520605,0.13793103448275862,3.613428280886044,7.4154894380559,-2.44311878475193,0.18791946308724833,0.21176470588235294,0.2222222222222222,1.126890756302521,1.1825396825396823,2.021748889710273,6.1191070545884685,-3.3709548490549524,0.22950819672131148,0.26582278481012656,0.26582278481012656,1.1582278481012658,1.1582278481012658,0.21428571428571427,2.6504574911371925,8.088821008019721,-1.9981130866410013,0.2113520296272565,1.1200704698167525,1.0821767932086641,0.2833984973578387,1.2157545758934394,1.0564182849743526,0.1477086132258546,0.03424657534246575,0.04424778761061947,0.027932960893854747,0.03150794649701935,0.03964866926794541,-0.060425115437427346,0.03479077859400487,0.031045123938800545,-0.0023873334190482876,-0.016906771389530006,0.34999999999999964,0.03478260869565217,0.021101171902087268,-0.0014132992246593812,0.050000000000000044,0.022966507177033524,0.005103668261562944,-0.003987240829346095,0.028301886792452824,-0.02345013477088953,-0.05072886297376078,0.03191489361702127,0.017537072856221858,2.220446049250313e-16,-0.009090909090909094,0.030927835051546393,0.06727009215455726,-0.12108616587820276,0.03448275862068964,0.029269185036129075,0.008281037717538964,-0.015915119363395236,0.03529411764705881,0.07512605042016807,-0.009460317460317613,0.03797468354430378,0.0463291139240507,-0.015443037974683493,-0.025714285714285717,5.0,5.0,1.0,1.0714285714285714,REQ_VOLUME+REQ_SUPPLY,2,a281fb5d6e5812032cf862cd35ee76b31d43de25790fc0210641c18d5c7609f4,1,2,0.6666666666666666,1,V06_REQ_VOLUME_SUPPLY,True,True,False,False,False
V06_REQ_RS_SUPPLY,20,132,6.6,5.0,14.05,55,146,54,0.30726256983240224,0.3698630136986301,0.18584070796460178,0.9818181818181818,0.3217391304347826,0.297029702970297,1.0471146245059288,0.9666966696669667,1.1719427204327282,3.4321808299224488,-2.72173674425662,0.375,0.44,0.36666666666666664,1.1733333333333333,0.9777777777777777,0.05555555555555555,0.4184174123771256,3.594529411415437,-2.436658480987941,0.2988505747126437,0.32075471698113206,0.2857142857142857,1.0732946298984034,0.9560439560439559,1.7464741194010203,5.3131974457939934,-2.975804095173368,0.3602941176470588,0.40425531914893614,0.367816091954023,1.1220147633521493,1.020877316443819,0.12244897959183673,2.2382679235918523,5.426782742964753,-3.3064030371382946,0.2804878048780488,0.27835051546391754,0.26804123711340205,0.9923800986104885,0.9556252801434333,2.5250665876459744,5.898918276893028,-2.9863794715026817,0.3515625,0.41379310344827586,0.3170731707317073,1.1770114942528735,0.9018970189701897,0.15555555555555556,3.2271007255861184,6.050794649229818,-3.3064030371382946,0.30201342281879195,0.32941176470588235,0.3111111111111111,1.090718954248366,1.0301234567901234,2.4954640704144104,6.958650919034315,-3.5450900889881676,0.36065573770491804,0.3924050632911392,0.3670886075949367,1.0880322209436133,1.0178365937859608,0.20454545454545456,2.6504574911371925,7.4204570923215645,-3.732174120914661,0.3095056657169773,1.0521312275857526,0.9805975643258374,0.403484495296117,1.1290194928495454,0.9802036430666564,0.1608499965642823,0.14383561643835616,0.18584070796460178,0.1229050279329609,0.12966158258674015,-0.028290572963054483,-0.162004344320254,0.1548767765322832,-0.055689959105093445,-0.07860197532674451,-0.0037653880511022975,1.6999999999999993,0.12173913043478257,-0.0377338603425561,-0.10741074107410753,0.15000000000000002,-0.09212121212121205,0.056565656565656486,0.02525252525252525,0.12264150943396224,-0.07576197387518158,-0.10926216640502362,0.12765957446808507,-0.13188594586770885,-0.02126827742591275,0.022448979591836726,0.11340206185567012,-0.04806399337999512,-0.21487432334586098,0.17241379310344826,-0.011317418213969921,-0.058703356264331874,0.0017094017094017033,0.15294117647058822,0.03895424836601302,-0.16187654320987654,0.16455696202531644,-0.023866513233601783,-0.15583429228998846,-0.03545454545454543,22.0,21.0,0.9545454545454546,1.3469387755102038,REQ_RS+REQ_SUPPLY,2,5abffca254d343ace4e8dde59c39a57eefac296184cf3ed4e617539cc8a05f78,0,2,0.6666666666666666,1,V06_REQ_RS_SUPPLY,True,True,False,False,False
