snapshot_date,code,new_status,new_missing_reason
2025-10-10,ALM,expected_unavailable,NO_PRIOR_YEAR_QUARTER
2025-10-10,GSK,expected_unavailable,NO_PRIOR_YEAR_QUARTER
2025-10-24,NU,expected_unavailable,NO_PRIOR_YEAR_QUARTER
2025-10-24,SHEL,expected_unavailable,NO_PRIOR_YEAR_QUARTER
2025-10-31,NBIS,expected_unavailable,NO_PRIOR_YEAR_QUARTER
2025-10-31,MTSR,expected_unavailable,NO_QUARTERLY_EPS
2025-10-31,FUTU,expected_unavailable,NO_PRIOR_YEAR_QUARTER
2025-10-31,COE,expected_unavailable,NO_VERIFIED_YAHOO_RELEASE_DATE
2025-10-31,LKNCY,expected_unavailable,NO_VERIFIED_YAHOO_RELEASE_DATE
2025-10-31,GSK,expected_unavailable,NO_PRIOR_YEAR_QUARTER
2025-11-07,ARGX,expected_unavailable,NO_PRIOR_YEAR_QUARTER
2025-11-14,EA,expected_unavailable,NO_VERIFIED_YAHOO_RELEASE_DATE
2025-11-14,AU,expected_unavailable,NO_PRIOR_YEAR_QUARTER
2025-11-14,AZN,expected_unavailable,NO_PRIOR_YEAR_QUARTER
2025-11-14,GSK,expected_unavailable,NO_PRIOR_YEAR_QUARTER
2025-11-14,SHEL,expected_unavailable,NO_PRIOR_YEAR_QUARTER
2025-11-28,AU,expected_unavailable,NO_PRIOR_YEAR_QUARTER
2025-11-28,NU,expected_unavailable,NO_PRIOR_YEAR_QUARTER
2025-11-28,BIDU,expected_unavailable,NO_PRIOR_YEAR_QUARTER
2025-11-28,EA,expected_unavailable,NO_VERIFIED_YAHOO_RELEASE_DATE
2025-11-28,WES,expected_unavailable,NO_PRIOR_YEAR_QUARTER
2025-12-05,TSM,expected_unavailable,NO_PRIOR_YEAR_QUARTER
2025-12-05,ASML,expected_unavailable,NO_PRIOR_YEAR_QUARTER
2025-12-05,BIDU,expected_unavailable,NO_PRIOR_YEAR_QUARTER
2025-12-05,EA,expected_unavailable,NO_VERIFIED_YAHOO_RELEASE_DATE
2025-12-05,WES,expected_unavailable,NO_PRIOR_YEAR_QUARTER
2025-12-12,UBS,expected_unavailable,NO_PRIOR_YEAR_QUARTER
2025-12-12,PAC,expected_unavailable,NO_PRIOR_YEAR_QUARTER
2025-12-19,ALM,expected_unavailable,NO_PRIOR_YEAR_QUARTER
2025-12-19,PAC,expected_unavailable,NO_PRIOR_YEAR_QUARTER
2025-12-26,ALM,expected_unavailable,NO_PRIOR_YEAR_QUARTER
2025-12-26,AU,expected_unavailable,NO_PRIOR_YEAR_QUARTER
2025-12-26,TSM,expected_unavailable,NO_PRIOR_YEAR_QUARTER
2025-12-26,NU,expected_unavailable,NO_PRIOR_YEAR_QUARTER
2026-01-02,ASML,expected_unavailable,NO_PRIOR_YEAR_QUARTER
2026-01-02,TSM,expected_unavailable,NO_PRIOR_YEAR_QUARTER
2026-01-02,BIDU,expected_unavailable,NO_PRIOR_YEAR_QUARTER
2026-01-02,NYAX,expected_unavailable,NO_PRIOR_YEAR_QUARTER
2026-01-02,SHEL,expected_unavailable,NO_PRIOR_YEAR_QUARTER
2026-01-02,WES,expected_unavailable,NO_PRIOR_YEAR_QUARTER
2026-01-09,ASML,expected_unavailable,NO_PRIOR_YEAR_QUARTER
2026-01-09,VALE,expected_unavailable,NO_PRIOR_YEAR_QUARTER
2026-01-09,AU,expected_unavailable,NO_PRIOR_YEAR_QUARTER
2026-01-09,NU,expected_unavailable,NO_PRIOR_YEAR_QUARTER
2026-01-09,AZN,expected_unavailable,NO_PRIOR_YEAR_QUARTER
2026-01-09,GSK,expected_unavailable,NO_PRIOR_YEAR_QUARTER
2026-01-09,WES,expected_unavailable,NO_PRIOR_YEAR_QUARTER
2026-01-16,SN,expected_unavailable,NO_PRIOR_YEAR_QUARTER
2026-01-16,BIDU,expected_unavailable,NO_PRIOR_YEAR_QUARTER
2026-01-16,SHEL,expected_unavailable,NO_PRIOR_YEAR_QUARTER
2026-01-23,ALM,expected_unavailable,NO_PRIOR_YEAR_QUARTER
2026-01-23,BILI,expected_unavailable,NO_PRIOR_YEAR_QUARTER
2026-01-23,NU,expected_unavailable,NO_PRIOR_YEAR_QUARTER
2026-01-23,BIDU,expected_unavailable,NO_PRIOR_YEAR_QUARTER
2026-01-23,PAC,expected_unavailable,NO_PRIOR_YEAR_QUARTER
2026-01-30,ALM,expected_unavailable,NO_PRIOR_YEAR_QUARTER
2026-01-30,GSK,expected_unavailable,NO_PRIOR_YEAR_QUARTER
2026-01-30,SHEL,expected_unavailable,NO_PRIOR_YEAR_QUARTER
2026-02-13,SN,expected_unavailable,NO_PRIOR_YEAR_QUARTER
2026-02-13,TSM,expected_unavailable,NO_PRIOR_YEAR_QUARTER
2026-02-13,AU,expected_unavailable,NO_PRIOR_YEAR_QUARTER
2026-02-13,AZN,expected_unavailable,NO_PRIOR_YEAR_QUARTER
2026-02-13,OR,expected_unavailable,NO_PRIOR_YEAR_QUARTER
2026-02-13,NYAX,expected_unavailable,NO_PRIOR_YEAR_QUARTER
2026-02-13,WES,expected_unavailable,NO_PRIOR_YEAR_QUARTER
2026-02-13,SHEL,expected_unavailable,NO_PRIOR_YEAR_QUARTER
2026-02-20,AS,expected_unavailable,NO_PRIOR_YEAR_QUARTER
2026-02-20,PAC,expected_unavailable,NO_PRIOR_YEAR_QUARTER
2026-02-20,SHEL,expected_unavailable,NO_PRIOR_YEAR_QUARTER
2026-02-20,UBS,expected_unavailable,NO_PRIOR_YEAR_QUARTER
2026-02-27,AU,expected_unavailable,NO_PRIOR_YEAR_QUARTER
2026-02-27,PHG,expected_unavailable,NO_PRIOR_YEAR_QUARTER
2026-02-27,PAAS,expected_unavailable,NO_PRIOR_YEAR_QUARTER
2026-02-27,OR,expected_unavailable,NO_PRIOR_YEAR_QUARTER
2026-02-27,TIGO,expected_unavailable,NO_PRIOR_YEAR_QUARTER
2026-02-27,AZN,expected_unavailable,NO_PRIOR_YEAR_QUARTER
2026-03-06,NYAX,expected_unavailable,NO_PRIOR_YEAR_QUARTER
2026-03-13,NYAX,expected_unavailable,NO_PRIOR_YEAR_QUARTER
2026-03-27,TIGO,expected_unavailable,NO_PRIOR_YEAR_QUARTER
2026-04-02,FRO,expected_unavailable,NO_PRIOR_YEAR_QUARTER
2026-04-02,NVST,expected_unavailable,PRIOR_YEAR_EPS_ZERO
2026-04-02,SATS,expected_unavailable,NO_QUARTERLY_EPS
2026-04-02,ECO,expected_unavailable,NO_PRIOR_YEAR_QUARTER
2026-04-02,VIK,expected_unavailable,NO_PRIOR_YEAR_QUARTER
2026-04-10,NBIS,expected_unavailable,NO_PRIOR_YEAR_QUARTER
2026-04-10,ASML,expected_unavailable,NO_PRIOR_YEAR_QUARTER
2026-04-10,VALE,expected_unavailable,NO_PRIOR_YEAR_QUARTER
2026-04-10,AU,expected_unavailable,NO_PRIOR_YEAR_QUARTER
2026-04-10,GEF,expected_unavailable,NO_PRIOR_YEAR_QUARTER
2026-04-10,GSK,expected_unavailable,NO_PRIOR_YEAR_QUARTER
2026-04-17,FRO,expected_unavailable,NO_PRIOR_YEAR_QUARTER
2026-04-17,NBIS,expected_unavailable,NO_PRIOR_YEAR_QUARTER
2026-04-17,CAMT,expected_unavailable,NO_PRIOR_YEAR_QUARTER
2026-04-17,VALE,expected_unavailable,NO_PRIOR_YEAR_QUARTER
2026-04-17,SILC,expected_unavailable,NO_PRIOR_YEAR_QUARTER
2026-04-17,ACLX,expected_unavailable,NO_QUARTERLY_EPS
2026-04-17,ENLT,expected_unavailable,NO_PRIOR_YEAR_QUARTER
2026-04-17,ESEA,expected_unavailable,NO_PRIOR_YEAR_QUARTER
2026-04-17,OR,expected_unavailable,NO_PRIOR_YEAR_QUARTER
2026-04-17,SATS,expected_unavailable,NO_QUARTERLY_EPS
2026-04-17,VIK,expected_unavailable,NO_PRIOR_YEAR_QUARTER
2026-04-17,NYAX,expected_unavailable,NO_PRIOR_YEAR_QUARTER
2026-04-24,ARM,expected_unavailable,NO_PRIOR_YEAR_QUARTER
2026-04-24,CAMT,expected_unavailable,NO_PRIOR_YEAR_QUARTER
2026-04-24,TSM,expected_unavailable,NO_PRIOR_YEAR_QUARTER
2026-04-24,WLAC,expected_unavailable,NO_QUARTERLY_EPS
2026-04-24,WTTR,expected_unavailable,NO_PRIOR_YEAR_QUARTER
2026-04-24,CVGW,expected_unavailable,NO_QUARTERLY_EPS
2026-04-24,FPS,expected_unavailable,NO_VERIFIED_YAHOO_RELEASE_DATE
2026-04-24,PAC,expected_unavailable,NO_PRIOR_YEAR_QUARTER
2026-04-24,NYAX,expected_unavailable,NO_PRIOR_YEAR_QUARTER
2026-04-24,ECO,expected_unavailable,NO_PRIOR_YEAR_QUARTER
2026-04-24,DHIL,expected_unavailable,NO_QUARTERLY_EPS
2026-04-24,PRA,expected_unavailable,NO_QUARTERLY_EPS
2026-05-01,SHIP,expected_unavailable,NO_PRIOR_YEAR_QUARTER
2026-05-01,TEN,expected_unavailable,NO_PRIOR_YEAR_QUARTER
2026-05-01,STNG,expected_unavailable,NO_PRIOR_YEAR_QUARTER
2026-05-01,FRO,expected_unavailable,NO_PRIOR_YEAR_QUARTER
2026-05-01,THR,expected_unavailable,NO_QUARTERLY_EPS
2026-05-01,XOMA,expected_unavailable,NO_QUARTERLY_EPS
2026-05-01,NVGS,expected_unavailable,NO_PRIOR_YEAR_QUARTER
2026-05-01,WILC,expected_unavailable,NO_VERIFIED_YAHOO_RELEASE_DATE
2026-05-01,KRP,expected_unavailable,NO_PRIOR_YEAR_QUARTER
2026-05-01,KALV,expected_unavailable,NO_QUARTERLY_EPS
2026-05-01,KEN,expected_unavailable,NO_VERIFIED_YAHOO_RELEASE_DATE
2026-05-01,ET,expected_unavailable,NO_PRIOR_YEAR_QUARTER
2026-05-01,ECO,expected_unavailable,NO_PRIOR_YEAR_QUARTER
2026-05-01,SUN,expected_unavailable,NO_PRIOR_YEAR_QUARTER
2026-05-01,ESEA,expected_unavailable,NO_PRIOR_YEAR_QUARTER
2026-05-08,JLHL,expected_unavailable,NO_QUARTERLY_EPS
2026-05-08,SYRE,expected_unavailable,NO_PRIOR_YEAR_QUARTER
2026-05-08,MEC,expected_unavailable,PRIOR_YEAR_EPS_ZERO
2026-05-08,LIND,expected_unavailable,PRIOR_YEAR_EPS_ZERO
2026-05-08,BELFA,expected_unavailable,NO_PRIOR_YEAR_QUARTER
2026-05-08,FRO,expected_unavailable,NO_PRIOR_YEAR_QUARTER
2026-05-08,ASRT,expected_unavailable,NO_QUARTERLY_EPS
2026-05-08,ASML,expected_unavailable,NO_PRIOR_YEAR_QUARTER
2026-05-08,NBIS,expected_unavailable,NO_PRIOR_YEAR_QUARTER
2026-05-08,NMM,expected_unavailable,NO_PRIOR_YEAR_QUARTER
2026-05-08,OCS,expected_unavailable,NO_PRIOR_YEAR_QUARTER
2026-05-08,TSAT,expected_unavailable,NO_VERIFIED_YAHOO_RELEASE_DATE
2026-05-08,MDV,expected_unavailable,NO_VERIFIED_YAHOO_RELEASE_DATE
2026-05-08,MANU,expected_unavailable,NO_PRIOR_YEAR_QUARTER
2026-05-08,WSR,expected_unavailable,NO_QUARTERLY_EPS
2026-05-08,PBT,expected_unavailable,NO_VERIFIED_YAHOO_RELEASE_DATE
2026-05-08,ESEA,expected_unavailable,NO_PRIOR_YEAR_QUARTER
2026-05-08,PRA,expected_unavailable,NO_QUARTERLY_EPS
2026-05-15,BUUU,expected_unavailable,NO_QUARTERLY_EPS
2026-05-15,TSEM,expected_unavailable,NO_PRIOR_YEAR_QUARTER
2026-05-15,SUN,expected_unavailable,NO_PRIOR_YEAR_QUARTER
2026-05-15,CAEP,expected_unavailable,NO_QUARTERLY_EPS
2026-05-15,WBI,expected_unavailable,NO_PRIOR_YEAR_QUARTER
2026-05-15,PAA,expected_unavailable,NO_PRIOR_YEAR_QUARTER
2026-05-15,USAC,expected_unavailable,NO_PRIOR_YEAR_QUARTER
2026-05-15,SATS,expected_unavailable,NO_QUARTERLY_EPS
2026-05-15,VLGEA,expected_unavailable,NO_VERIFIED_YAHOO_RELEASE_DATE
2026-05-15,WES,expected_unavailable,NO_PRIOR_YEAR_QUARTER
2026-05-22,ARM,expected_unavailable,NO_PRIOR_YEAR_QUARTER
2026-05-22,CYD,expected_unavailable,NO_QUARTERLY_EPS
2026-05-22,SKYT,expected_unavailable,NO_VERIFIED_YAHOO_RELEASE_DATE
2026-05-22,BK,expected_unavailable,NO_QUARTERLY_EPS
2026-05-22,WBI,expected_unavailable,NO_PRIOR_YEAR_QUARTER
2026-05-22,MANU,expected_unavailable,NO_PRIOR_YEAR_QUARTER
2026-05-22,TIGO,expected_unavailable,NO_PRIOR_YEAR_QUARTER
2026-05-22,KRP,expected_unavailable,NO_PRIOR_YEAR_QUARTER
2026-05-29,BUUU,expected_unavailable,NO_QUARTERLY_EPS
2026-05-29,ALM,expected_unavailable,NO_PRIOR_YEAR_QUARTER
2026-05-29,ARM,expected_unavailable,NO_PRIOR_YEAR_QUARTER
2026-05-29,LIND,expected_unavailable,PRIOR_YEAR_EPS_ZERO
2026-05-29,MEC,expected_unavailable,PRIOR_YEAR_EPS_ZERO
2026-05-29,ENLT,expected_unavailable,NO_PRIOR_YEAR_QUARTER
2026-05-29,VLGEA,expected_unavailable,NO_VERIFIED_YAHOO_RELEASE_DATE
2026-05-29,NTB,expected_unavailable,NO_PRIOR_YEAR_QUARTER
2026-05-29,SILA,expected_unavailable,NO_QUARTERLY_EPS
2026-05-29,WLKP,expected_unavailable,NO_PRIOR_YEAR_QUARTER
2026-06-05,MEC,expected_unavailable,PRIOR_YEAR_EPS_ZERO
2026-06-05,JLHL,expected_unavailable,NO_QUARTERLY_EPS
2026-06-05,TNK,expected_unavailable,NO_PRIOR_YEAR_QUARTER
2026-06-05,GRDN,expected_unavailable,NO_PRIOR_YEAR_QUARTER
2026-06-05,XOMA,expected_unavailable,NO_QUARTERLY_EPS
2026-06-05,AVNS,expected_unavailable,NO_QUARTERLY_EPS
2026-06-05,IGIC,expected_unavailable,NO_PRIOR_YEAR_QUARTER
2026-06-05,KRP,expected_unavailable,NO_PRIOR_YEAR_QUARTER
2026-06-05,NTB,expected_unavailable,NO_PRIOR_YEAR_QUARTER
2026-06-05,WLKP,expected_unavailable,NO_PRIOR_YEAR_QUARTER
2026-06-05,PRA,expected_unavailable,NO_QUARTERLY_EPS
2026-06-12,NUVL,expected_unavailable,NO_QUARTERLY_EPS
2026-06-12,ASML,expected_unavailable,NO_PRIOR_YEAR_QUARTER
2026-06-12,SYRE,expected_unavailable,NO_PRIOR_YEAR_QUARTER
2026-06-12,ASRT,expected_unavailable,NO_QUARTERLY_EPS
2026-06-12,LIND,expected_unavailable,PRIOR_YEAR_EPS_ZERO
2026-06-12,SILC,expected_unavailable,NO_PRIOR_YEAR_QUARTER
2026-06-12,TNK,expected_unavailable,NO_PRIOR_YEAR_QUARTER
2026-06-12,STNG,expected_unavailable,NO_PRIOR_YEAR_QUARTER
2026-06-12,NSA,expected_unavailable,NO_QUARTERLY_EPS
2026-06-12,NVMI,expected_unavailable,NO_PRIOR_YEAR_QUARTER
2026-06-12,WBI,expected_unavailable,NO_PRIOR_YEAR_QUARTER
2026-06-12,GRDN,expected_unavailable,NO_PRIOR_YEAR_QUARTER
2026-06-12,BLX,expected_unavailable,NO_VERIFIED_YAHOO_RELEASE_DATE
2026-06-12,TIGO,expected_unavailable,NO_PRIOR_YEAR_QUARTER
2026-06-12,FAC,expected_unavailable,NO_VERIFIED_YAHOO_RELEASE_DATE
2026-06-12,TSM,expected_unavailable,NO_PRIOR_YEAR_QUARTER
2026-06-12,NTB,expected_unavailable,NO_PRIOR_YEAR_QUARTER
2026-06-18,HQ,expected_unavailable,NO_VERIFIED_YAHOO_RELEASE_DATE
2026-06-18,ASX,expected_unavailable,NO_PRIOR_YEAR_QUARTER
2026-06-18,STNG,expected_unavailable,NO_PRIOR_YEAR_QUARTER
2026-06-18,RMIX,expected_unavailable,NO_PRIOR_YEAR_QUARTER
2026-06-18,GFS,expected_unavailable,NO_PRIOR_YEAR_QUARTER
2026-06-18,TSEM,expected_unavailable,NO_PRIOR_YEAR_QUARTER
2026-06-18,WSR,expected_unavailable,NO_QUARTERLY_EPS
2026-06-18,TSM,expected_unavailable,NO_PRIOR_YEAR_QUARTER
2026-06-18,AFBI,expected_unavailable,NO_VERIFIED_YAHOO_RELEASE_DATE
2026-06-26,BUUU,expected_unavailable,NO_QUARTERLY_EPS
2026-06-26,WTTR,expected_unavailable,NO_PRIOR_YEAR_QUARTER
2026-06-26,WSR,expected_unavailable,NO_QUARTERLY_EPS
2026-06-26,STEL,expected_unavailable,NO_QUARTERLY_EPS
2026-06-26,EA,expected_unavailable,NO_VERIFIED_YAHOO_RELEASE_DATE
2026-07-02,ASX,expected_unavailable,NO_PRIOR_YEAR_QUARTER
2026-07-02,KYIV,expected_unavailable,NO_PRIOR_YEAR_QUARTER
2026-07-02,NUVL,expected_unavailable,NO_QUARTERLY_EPS
2026-07-02,XOMA,expected_unavailable,NO_QUARTERLY_EPS
2026-07-02,ECO,expected_unavailable,NO_PRIOR_YEAR_QUARTER
2026-07-02,CCXI,expected_unavailable,NO_VERIFIED_YAHOO_RELEASE_DATE
2026-07-02,WILC,expected_unavailable,NO_VERIFIED_YAHOO_RELEASE_DATE
2026-07-02,SUN,expected_unavailable,NO_PRIOR_YEAR_QUARTER
2026-07-02,SUNC,expected_unavailable,NO_PRIOR_YEAR_QUARTER
2026-07-02,IGIC,expected_unavailable,NO_PRIOR_YEAR_QUARTER
2026-07-10,TRAX,expected_unavailable,NO_VERIFIED_YAHOO_RELEASE_DATE
2026-07-10,SYRE,expected_unavailable,NO_PRIOR_YEAR_QUARTER
2026-07-10,ANDG,expected_unavailable,NO_PRIOR_YEAR_QUARTER
2026-07-10,TEN,expected_unavailable,NO_PRIOR_YEAR_QUARTER
2026-07-10,STNG,expected_unavailable,NO_PRIOR_YEAR_QUARTER
2026-07-10,RDWR,expected_unavailable,NO_PRIOR_YEAR_QUARTER
2026-07-10,ECO,expected_unavailable,NO_PRIOR_YEAR_QUARTER
2026-07-10,WBI,expected_unavailable,NO_PRIOR_YEAR_QUARTER
2026-07-10,TIGO,expected_unavailable,NO_PRIOR_YEAR_QUARTER
2026-07-10,PAA,expected_unavailable,NO_PRIOR_YEAR_QUARTER
2026-07-10,IGIC,expected_unavailable,NO_PRIOR_YEAR_QUARTER
2026-07-10,AFBI,expected_unavailable,NO_VERIFIED_YAHOO_RELEASE_DATE
2026-07-10,EA,expected_unavailable,NO_VERIFIED_YAHOO_RELEASE_DATE
2026-07-17,WTTR,expected_unavailable,NO_PRIOR_YEAR_QUARTER
2026-07-17,SUN,expected_unavailable,NO_PRIOR_YEAR_QUARTER
2026-07-17,VLGEA,expected_unavailable,NO_VERIFIED_YAHOO_RELEASE_DATE
2026-07-17,MDV,expected_unavailable,NO_VERIFIED_YAHOO_RELEASE_DATE
2026-07-17,GEF,expected_unavailable,NO_PRIOR_YEAR_QUARTER
2026-07-17,NTB,expected_unavailable,NO_PRIOR_YEAR_QUARTER
2026-07-17,SUNC,expected_unavailable,NO_PRIOR_YEAR_QUARTER
2026-07-17,STAG,expected_unavailable,NO_PRIOR_YEAR_QUARTER
2026-07-17,DKL,expected_unavailable,NO_PRIOR_YEAR_QUARTER
2026-07-24,PAA,expected_unavailable,NO_PRIOR_YEAR_QUARTER
2026-07-24,EDRY,expected_unavailable,NO_PRIOR_YEAR_QUARTER
2026-07-24,ECO,expected_unavailable,NO_PRIOR_YEAR_QUARTER
2026-07-24,PBT,expected_unavailable,NO_VERIFIED_YAHOO_RELEASE_DATE
2026-07-24,GEF,expected_unavailable,NO_PRIOR_YEAR_QUARTER
2026-07-24,ESEA,expected_unavailable,NO_PRIOR_YEAR_QUARTER
2026-07-24,GSL,expected_unavailable,NO_PRIOR_YEAR_QUARTER
2026-07-24,AVBC,expected_unavailable,NO_PRIOR_YEAR_QUARTER
2026-07-24,WES,expected_unavailable,NO_PRIOR_YEAR_QUARTER
2026-07-31,SAIH,expected_unavailable,NO_PRIOR_YEAR_QUARTER
2026-07-31,TRAX,expected_unavailable,NO_VERIFIED_YAHOO_RELEASE_DATE
2026-07-31,ANDG,expected_unavailable,NO_PRIOR_YEAR_QUARTER
2026-07-31,RACC,expected_unavailable,NO_VERIFIED_YAHOO_RELEASE_DATE
2026-07-31,ARXS,expected_unavailable,NO_PRIOR_YEAR_QUARTER
2026-07-31,BIP,expected_unavailable,NO_PRIOR_YEAR_QUARTER
2026-07-31,ESEA,expected_unavailable,NO_PRIOR_YEAR_QUARTER
2026-07-31,AVBC,expected_unavailable,NO_PRIOR_YEAR_QUARTER
2026-08-07,FA,expected_unavailable,PRIOR_YEAR_EPS_ZERO
2026-08-07,BUUU,expected_unavailable,NO_QUARTERLY_EPS
2026-08-07,TSAT,expected_unavailable,NO_VERIFIED_YAHOO_RELEASE_DATE
2026-08-07,NEO,expected_unavailable,PRIOR_YEAR_EPS_ZERO
2026-08-07,CCXI,expected_unavailable,NO_VERIFIED_YAHOO_RELEASE_DATE
