selector_id,segment,horizon,support_weeks,challenger_mean,b0_mean,mean_spread,challenger_median,b0_median,median_spread,challenger_cvar10,b0_cvar10,cvar_delta,challenger_p10,b0_p10,challenger_top10_mean,b0_top10_mean,challenger_tail_ratio10,b0_tail_ratio10,challenger_stop_rate_pct,b0_stop_rate_pct,stop_delta_pct,challenger_one_pick_ruins_pct,b0_one_pick_ruins_pct,one_pick_ruins_delta_pct,pareto_score
actionable_agent_lgbm_w4_distinct_industry,train_oof,W4,7,6.007471428571429,3.982823809523809,2.0246476190476193,5.6011,-0.8960333333333329,4.2655666666666665,-6.105366666666666,-10.1525,4.047133333333334,-4.349986666666666,-8.617439999999998,22.092166666666667,32.01253333333333,3.6184831923826586,3.153167528523352,38.095238095238095,33.333333333333336,4.761904761904762,0.0,25.0,-25.0,1.8846
actionable_f1_lgbm_w4_distinct_industry,train_oof,W4,7,6.511619047619048,3.982823809523809,2.5287952380952388,5.6011,-0.8960333333333329,4.2655666666666665,-3.1797333333333335,-10.1525,6.972766666666667,-3.1409133333333332,-8.617439999999998,22.092166666666667,32.01253333333333,6.947804847366656,3.153167528523352,38.095238095238095,33.333333333333336,4.761904761904762,0.0,25.0,-25.0,1.8846
actionable_agent_lgbm_w1_distinct_industry,train_oof,W4,6,3.0362444444444443,4.424038888888888,-1.387794444444444,2.062083333333333,-3.1863499999999996,0.9813833333333335,-9.282733333333333,-10.1525,0.869766666666667,-7.694049999999999,-8.873283333333333,19.743966666666665,32.01253333333333,2.1269561407918642,3.153167528523352,38.88888888888889,38.88888888888889,0.0,0.0,25.0,-25.0,0.9814
actionable_agent_lgbm_w1_portfolio_aware,train_oof,W4,6,0.7363944444444445,4.424038888888888,-3.6876444444444445,-3.33195,-3.1863499999999996,0.9813833333333335,-9.282733333333333,-10.1525,0.869766666666667,-7.694049999999999,-8.873283333333333,19.743966666666665,32.01253333333333,2.1269561407918642,3.153167528523352,38.88888888888889,38.88888888888889,0.0,25.0,25.0,0.0,0.9814
actionable_f1_lgbm_w1_portfolio_aware,train_oof,W4,6,2.098633333333334,4.424038888888888,-2.325405555555555,-0.75075,-3.1863499999999996,0.9813833333333335,-9.282733333333333,-10.1525,0.869766666666667,-7.694049999999999,-8.873283333333333,19.743966666666665,32.01253333333333,2.1269561407918642,3.153167528523352,33.33333333333333,38.88888888888889,-5.555555555555555,0.0,25.0,-25.0,0.9814
actionable_f1_lgbm_w1_distinct_industry,train_oof,W4,6,2.098633333333334,4.424038888888888,-2.325405555555555,-0.75075,-3.1863499999999996,0.9813833333333335,-9.282733333333333,-10.1525,0.869766666666667,-7.694049999999999,-8.873283333333333,19.743966666666665,32.01253333333333,2.1269561407918642,3.153167528523352,33.33333333333333,38.88888888888889,-5.555555555555555,0.0,25.0,-25.0,0.9814
actionable_f1_lgbm_w1_pure_rank,train_oof,W4,6,-0.1686277777777773,4.424038888888888,-4.592666666666665,-3.5035333333333334,-3.1863499999999996,0.9708000000000001,-9.282733333333333,-10.1525,0.869766666666667,-7.694049999999999,-8.873283333333333,20.282666666666668,32.01253333333333,2.1849886168585404,3.153167528523352,38.888888888888886,38.88888888888889,0.0,0.0,25.0,-25.0,0.9708
signal_agent_elastic_w1_distinct_industry,train_oof,W4,7,12.524238095238093,3.982823809523809,8.541414285714286,13.092566666666665,-0.8960333333333329,8.0312,-7.2406,-10.1525,2.9119,-4.16902,-8.617439999999998,33.9508,32.01253333333333,4.688948429688148,3.153167528523352,47.61904761904762,33.333333333333336,14.285714285714285,0.0,25.0,-25.0,0.8883
signal_agent_ridge_w1_portfolio_aware,train_oof,W4,7,12.524238095238093,3.982823809523809,8.541414285714286,13.092566666666665,-0.8960333333333329,8.0312,-7.2406,-10.1525,2.9119,-4.16902,-8.617439999999998,33.9508,32.01253333333333,4.688948429688148,3.153167528523352,47.61904761904762,33.333333333333336,14.285714285714285,0.0,25.0,-25.0,0.8883
signal_agent_ridge_w1_distinct_industry,train_oof,W4,7,12.524238095238093,3.982823809523809,8.541414285714286,13.092566666666665,-0.8960333333333329,8.0312,-7.2406,-10.1525,2.9119,-4.16902,-8.617439999999998,33.9508,32.01253333333333,4.688948429688148,3.153167528523352,47.61904761904762,33.333333333333336,14.285714285714285,0.0,25.0,-25.0,0.8883
signal_agent_elastic_w1_portfolio_aware,train_oof,W4,7,12.524238095238093,3.982823809523809,8.541414285714286,13.092566666666665,-0.8960333333333329,8.0312,-7.2406,-10.1525,2.9119,-4.16902,-8.617439999999998,33.9508,32.01253333333333,4.688948429688148,3.153167528523352,47.61904761904762,33.333333333333336,14.285714285714285,0.0,25.0,-25.0,0.8883
actionable_f1_lgbm_w2_portfolio_aware,train_oof,W4,7,2.9338904761904763,3.982823809523809,-1.048933333333333,2.833933333333333,-0.8960333333333329,0.869766666666667,-9.282733333333333,-10.1525,0.869766666666667,-6.679113333333333,-8.617439999999998,18.781466666666667,32.01253333333333,2.0232690084098794,3.153167528523352,28.57142857142857,33.333333333333336,-4.761904761904762,0.0,25.0,-25.0,0.8698
signal_f1_lgbm_w4_distinct_industry,train_oof,W4,7,17.88849523809524,3.982823809523809,13.905671428571427,14.430399999999999,-0.8960333333333329,10.266633333333335,-10.786966666666666,-10.1525,-0.6344666666666665,-4.677726666666665,-8.617439999999998,40.46383333333333,32.01253333333333,3.751178119273568,3.153167528523352,52.38095238095239,33.333333333333336,19.047619047619047,50.0,25.0,25.0,0.4256
actionable_agent_elastic_w1_distinct_industry,train_oof,W4,6,-0.568638888888889,-0.6887944444444445,0.12015555555555535,-0.9140333333333335,-3.1863499999999996,2.66925,-9.282733333333333,-10.1525,0.869766666666667,-5.529216666666667,-8.873283333333333,6.3523,18.650966666666665,0.684313528342945,1.8370811786916195,38.888888888888886,33.33333333333333,5.555555555555555,50.0,25.0,25.0,-0.1085
actionable_agent_lgbm_w4_portfolio_aware,train_oof,W4,7,4.014747619047619,3.982823809523809,0.03192380952380981,5.6011,-0.8960333333333329,4.2655666666666665,-6.105366666666666,-10.1525,4.047133333333334,-4.349986666666666,-8.617439999999998,16.50893333333333,32.01253333333333,2.704003581548474,3.153167528523352,42.857142857142854,33.333333333333336,9.523809523809526,0.0,25.0,-25.0,-0.4963
actionable_agent_lgbm_w4_pure_rank,train_oof,W4,7,4.014747619047619,3.982823809523809,0.03192380952380981,5.6011,-0.8960333333333329,4.2655666666666665,-6.105366666666666,-10.1525,4.047133333333334,-4.349986666666666,-8.617439999999998,16.50893333333333,32.01253333333333,2.704003581548474,3.153167528523352,42.857142857142854,33.333333333333336,9.523809523809526,0.0,25.0,-25.0,-0.4963
actionable_f1_lgbm_w4_portfolio_aware,train_oof,W4,7,4.518895238095238,3.982823809523809,0.536071428571429,5.6011,-0.8960333333333329,4.2655666666666665,-3.1797333333333335,-10.1525,6.972766666666667,-3.1409133333333332,-8.617439999999998,17.047633333333334,32.01253333333333,5.361340573633009,3.153167528523352,42.857142857142854,33.333333333333336,9.523809523809526,0.0,25.0,-25.0,-0.4963
actionable_f1_lgbm_w4_pure_rank,train_oof,W4,7,4.518895238095238,3.982823809523809,0.536071428571429,5.6011,-0.8960333333333329,4.2655666666666665,-3.1797333333333335,-10.1525,6.972766666666667,-3.1409133333333332,-8.617439999999998,17.047633333333334,32.01253333333333,5.361340573633009,3.153167528523352,42.857142857142854,33.333333333333336,9.523809523809526,0.0,25.0,-25.0,-0.4963
signal_agent_lgbm_w4_distinct_industry,train_oof,W4,7,16.218685714285716,3.982823809523809,12.235861904761904,14.430399999999999,-0.8960333333333329,5.673033333333334,-4.479466666666666,-10.1525,5.673033333333334,-3.8712866666666668,-8.617439999999998,40.46383333333333,32.01253333333333,9.033181033456366,3.153167528523352,47.61904761904762,33.333333333333336,14.285714285714285,66.66666666666667,25.0,41.666666666666664,-1.4698
actionable_agent_lgbm_w1_pure_rank,train_oof,W4,6,0.7689833333333337,4.424038888888888,-3.655055555555555,-3.5035333333333334,-3.1863499999999996,0.9708000000000001,-9.282733333333333,-10.1525,0.869766666666667,-7.694049999999999,-8.873283333333333,20.282666666666668,32.01253333333333,2.1849886168585404,3.153167528523352,44.44444444444444,38.88888888888889,5.555555555555555,0.0,25.0,-25.0,-1.807
signal_f1_elastic_w2_distinct_industry,train_oof,W4,7,6.279771428571429,3.982823809523809,2.2969476190476206,3.623533333333333,-0.8960333333333329,0.4350666666666676,-9.717433333333332,-10.1525,0.4350666666666676,-8.814093333333332,-8.617439999999998,27.212533333333337,32.01253333333333,2.800382817136213,3.153167528523352,38.095238095238095,33.333333333333336,4.761904761904762,0.0,25.0,-25.0,-1.9459
signal_f1_elastic_w2_portfolio_aware,train_oof,W4,7,5.512004761904762,3.982823809523809,1.5291809523809528,3.623533333333333,-0.8960333333333329,0.4350666666666676,-9.717433333333332,-10.1525,0.4350666666666676,-8.814093333333332,-8.617439999999998,22.8099,32.01253333333333,2.347317364324599,3.153167528523352,38.095238095238095,33.333333333333336,4.761904761904762,0.0,25.0,-25.0,-1.9459
signal_agent_lgbm_w1_pure_rank,train_oof,W4,7,20.581771428571432,3.982823809523809,16.598947619047614,18.53076666666667,-0.8960333333333329,9.427666666666667,-4.407666666666667,-10.1525,5.744833333333333,-0.46872666666666607,-8.617439999999998,48.26239999999999,32.01253333333333,10.949648340013612,3.153167528523352,57.14285714285714,33.333333333333336,23.809523809523807,0.0,25.0,-25.0,-2.4771
actionable_f1_ridge_w1_distinct_industry,train_oof,W4,6,2.988672222222222,-0.6887944444444445,3.677466666666666,2.2246666666666663,-3.1863499999999996,3.054883333333333,-9.282733333333333,-10.1525,0.869766666666667,-7.99935,-8.873283333333333,19.743966666666665,18.650966666666665,2.1269561407918642,1.8370811786916195,44.44444444444444,33.33333333333333,11.111111111111112,0.0,25.0,-25.0,-2.5007
actionable_agent_ridge_w1_distinct_industry,train_oof,W4,6,3.1691444444444445,-0.6887944444444445,3.8579388888888886,2.766083333333333,-3.1863499999999996,3.054883333333333,-9.282733333333333,-10.1525,0.869766666666667,-7.99935,-8.873283333333333,19.743966666666665,18.650966666666665,2.1269561407918642,1.8370811786916195,44.44444444444444,33.33333333333333,11.111111111111112,0.0,25.0,-25.0,-2.5007
signal_agent_elastic_w2_distinct_industry,train_oof,W4,7,8.500847619047619,3.982823809523809,4.51802380952381,12.151033333333332,-0.8960333333333329,0.0,-17.478033333333332,-10.1525,-7.325533333333333,-7.528833333333331,-8.617439999999998,24.835933333333333,32.01253333333333,1.42097985852718,3.153167528523352,33.33333333333333,33.333333333333336,7.93016446160826e-16,50.0,25.0,25.0,-3.6628
actionable_f1_elastic_w2_distinct_industry,train_oof,W4,6,-1.2312611111111114,-0.6887944444444445,-0.542466666666667,-1.2809666666666668,-3.1863499999999996,1.7231333333333327,-9.282733333333333,-10.1525,0.869766666666667,-7.15015,-8.873283333333333,6.3523,18.650966666666665,0.684313528342945,1.8370811786916195,44.44444444444445,33.33333333333333,11.11111111111111,33.333333333333336,25.0,8.333333333333332,-3.8324
signal_f1_elastic_w1_portfolio_aware,train_oof,W4,7,9.081933333333334,3.982823809523809,5.099109523809525,4.640633333333333,-0.8960333333333329,8.0312,-3.0544999999999995,-10.1525,7.098000000000001,-2.49458,-8.617439999999998,33.9508,32.01253333333333,11.115010640039289,3.153167528523352,57.14285714285714,33.333333333333336,23.80952380952381,0.0,25.0,-25.0,-3.8736
signal_f1_elastic_w1_distinct_industry,train_oof,W4,7,9.467566666666666,3.982823809523809,5.484742857142858,4.640633333333333,-0.8960333333333329,8.0312,-3.0544999999999995,-10.1525,7.098000000000001,-2.49458,-8.617439999999998,33.9508,32.01253333333333,11.115010640039289,3.153167528523352,57.14285714285714,33.333333333333336,23.80952380952381,0.0,25.0,-25.0,-3.8736
signal_f1_ridge_w1_distinct_industry,train_oof,W4,7,9.980133333333333,3.982823809523809,5.997309523809524,8.2286,-0.8960333333333329,8.0312,-3.0544999999999995,-10.1525,7.098000000000001,-2.49458,-8.617439999999998,33.9508,32.01253333333333,11.115010640039289,3.153167528523352,57.14285714285714,33.333333333333336,23.80952380952381,0.0,25.0,-25.0,-3.8736
signal_f1_ridge_w1_portfolio_aware,train_oof,W4,7,9.081933333333334,3.982823809523809,5.099109523809525,4.640633333333333,-0.8960333333333329,8.0312,-3.0544999999999995,-10.1525,7.098000000000001,-2.49458,-8.617439999999998,33.9508,32.01253333333333,11.115010640039289,3.153167528523352,57.14285714285714,33.333333333333336,23.80952380952381,0.0,25.0,-25.0,-3.8736
actionable_f1_lgbm_w2_distinct_industry,train_oof,W4,7,1.5497761904761904,3.982823809523809,-2.433047619047619,2.833933333333333,-0.8960333333333329,0.1305000000000014,-18.971533333333333,-10.1525,-8.819033333333334,-10.554633333333332,-8.617439999999998,18.781466666666667,32.01253333333333,0.9899814810259582,3.153167528523352,33.333333333333336,33.333333333333336,1.586032892321652e-15,0.0,25.0,-25.0,-4.279
actionable_f1_lgbm_w2_pure_rank,train_oof,W4,7,0.8222238095238096,3.982823809523809,-3.1605999999999996,0.656,-0.8960333333333329,0.1305000000000014,-18.971533333333333,-10.1525,-8.819033333333334,-10.554633333333332,-8.617439999999998,18.781466666666667,32.01253333333333,0.9899814810259582,3.153167528523352,33.333333333333336,33.333333333333336,1.586032892321652e-15,0.0,25.0,-25.0,-4.279
signal_f1_ridge_w2_portfolio_aware,train_oof,W4,7,4.16207619047619,3.982823809523809,0.17925238095238175,3.623533333333333,-0.8960333333333329,0.4350666666666676,-9.717433333333332,-10.1525,0.4350666666666676,-8.814093333333332,-8.617439999999998,22.8099,32.01253333333333,2.347317364324599,3.153167528523352,42.85714285714285,33.333333333333336,9.523809523809524,0.0,25.0,-25.0,-4.3268
signal_f1_ridge_w2_distinct_industry,train_oof,W4,7,4.16207619047619,3.982823809523809,0.17925238095238175,3.623533333333333,-0.8960333333333329,0.4350666666666676,-9.717433333333332,-10.1525,0.4350666666666676,-8.814093333333332,-8.617439999999998,22.8099,32.01253333333333,2.347317364324599,3.153167528523352,42.85714285714285,33.333333333333336,9.523809523809524,0.0,25.0,-25.0,-4.3268
signal_agent_elastic_w2_pure_rank,train_oof,W4,7,6.5090666666666674,3.982823809523809,2.5262428571428583,4.535466666666667,-0.8960333333333329,0.0,-16.248499999999996,-10.1525,-6.0959999999999965,-8.976979999999998,-8.617439999999998,24.835933333333333,32.01253333333333,1.528506221087075,3.153167528523352,38.095238095238095,33.333333333333336,4.761904761904764,33.333333333333336,25.0,8.333333333333332,-5.429
actionable_agent_lgbm_w2_pure_rank,train_oof,W4,7,0.29509999999999936,3.982823809523809,-3.6877238095238094,-1.0189000000000001,-0.8960333333333329,0.6840666666666668,-13.527433333333333,-10.1525,-3.374933333333333,-10.706953333333333,-8.617439999999998,19.613466666666664,32.01253333333333,1.4499030365454888,3.153167528523352,42.85714285714287,33.333333333333336,9.523809523809524,0.0,25.0,-25.0,-5.7653
signal_agent_ridge_w2_portfolio_aware,train_oof,W4,7,7.339128571428573,3.982823809523809,3.3563047619047626,7.518,-0.8960333333333329,0.0,-17.478033333333332,-10.1525,-7.325533333333333,-7.528833333333331,-8.617439999999998,24.835933333333333,32.01253333333333,1.42097985852718,3.153167528523352,38.095238095238095,33.333333333333336,4.761904761904763,50.0,25.0,25.0,-6.0437
signal_agent_elastic_w2_portfolio_aware,train_oof,W4,7,7.339128571428573,3.982823809523809,3.3563047619047626,7.518,-0.8960333333333329,0.0,-17.478033333333332,-10.1525,-7.325533333333333,-7.528833333333331,-8.617439999999998,24.835933333333333,32.01253333333333,1.42097985852718,3.153167528523352,38.095238095238095,33.333333333333336,4.761904761904763,50.0,25.0,25.0,-6.0437
signal_agent_ridge_w2_distinct_industry,train_oof,W4,7,7.5918904761904775,3.982823809523809,3.609066666666667,12.151033333333332,-0.8960333333333329,0.0,-17.478033333333332,-10.1525,-7.325533333333333,-7.528833333333331,-8.617439999999998,20.707533333333334,32.01253333333333,1.1847747935027015,3.153167528523352,38.095238095238095,33.333333333333336,4.761904761904763,50.0,25.0,25.0,-6.0437
signal_agent_lgbm_w1_distinct_industry,train_oof,W4,7,18.46414761904762,3.982823809523809,14.48132380952381,18.53076666666667,-0.8960333333333329,5.744833333333333,-4.407666666666667,-10.1525,5.744833333333333,-0.46872666666666607,-8.617439999999998,48.26239999999999,32.01253333333333,10.949648340013612,3.153167528523352,57.14285714285714,33.333333333333336,23.809523809523807,0.0,25.0,-25.0,-6.1599
signal_agent_lgbm_w1_portfolio_aware,train_oof,W4,7,21.084347619047616,3.982823809523809,17.10152380952381,20.16146666666667,-0.8960333333333329,5.744833333333333,-4.407666666666667,-10.1525,5.744833333333333,-0.5039066666666665,-8.617439999999998,48.26239999999999,32.01253333333333,10.949648340013612,3.153167528523352,57.14285714285714,33.333333333333336,23.809523809523807,0.0,25.0,-25.0,-6.1599
actionable_agent_elastic_w2_distinct_industry,train_oof,W4,6,0.028711111111111503,-0.6887944444444445,0.7175055555555553,2.9945499999999994,-3.1863499999999996,-0.037983333333333924,-18.971533333333333,-10.1525,-8.819033333333334,-12.48015,-8.873283333333333,12.791166666666669,18.650966666666665,0.6742294595762776,1.8370811786916195,38.888888888888886,33.33333333333333,5.555555555555557,0.0,25.0,-25.0,-7.2253
signal_agent_ridge_w2_pure_rank,train_oof,W4,7,7.531080952380953,3.982823809523809,3.5482571428571434,9.3875,-0.8960333333333329,0.0,-16.248499999999996,-10.1525,-6.0959999999999965,-7.0370199999999965,-8.617439999999998,20.707533333333334,32.01253333333333,1.2744273830404862,3.153167528523352,42.857142857142854,33.333333333333336,9.523809523809526,50.0,25.0,25.0,-7.8099
signal_agent_lgbm_w4_portfolio_aware,train_oof,W4,7,11.907519047619047,3.982823809523809,7.924695238095239,3.750733333333333,-0.8960333333333329,1.41576666666667,-4.479466666666666,-10.1525,5.673033333333334,-3.8712866666666668,-8.617439999999998,40.46383333333333,32.01253333333333,9.033181033456366,3.153167528523352,52.38095238095239,33.333333333333336,19.047619047619047,66.66666666666667,25.0,41.666666666666664,-8.108
actionable_f1_elastic_w2_portfolio_aware,train_oof,W4,6,-3.103255555555556,-0.6887944444444445,-2.414461111111112,-5.884183333333334,-3.1863499999999996,-0.2021833333333336,-9.282733333333333,-10.1525,0.869766666666667,-8.913516666666666,-8.873283333333333,6.3523,18.650966666666665,0.684313528342945,1.8370811786916195,50.0,33.33333333333333,16.666666666666664,25.0,25.0,0.0,-8.5355
actionable_agent_ridge_w1_portfolio_aware,train_oof,W4,6,-2.403683333333334,-0.6887944444444445,-1.7148888888888898,-3.785466666666667,-3.1863499999999996,-0.2021833333333336,-9.282733333333333,-10.1525,0.869766666666667,-8.913516666666666,-8.873283333333333,6.3523,18.650966666666665,0.684313528342945,1.8370811786916195,50.0,33.33333333333333,16.666666666666664,0.0,25.0,-25.0,-8.5355
actionable_f1_elastic_w1_distinct_industry,train_oof,W4,6,-3.9956333333333327,-0.6887944444444445,-3.30683888888889,-4.94235,-3.1863499999999996,-1.9125166666666664,-12.288866666666665,-10.1525,-2.1363666666666656,-10.785799999999998,-8.873283333333333,6.3523,18.650966666666665,0.5169150396293665,1.8370811786916195,44.44444444444444,33.33333333333333,11.11111111111111,25.0,25.0,0.0,-8.5363
signal_f1_lgbm_w1_pure_rank,train_oof,W4,7,18.673814285714286,3.982823809523809,14.690990476190475,18.53076666666667,-0.8960333333333329,5.744833333333333,-5.349566666666665,-10.1525,4.802933333333335,-4.784426666666666,-8.617439999999998,48.26239999999999,32.01253333333333,9.021740078635654,3.153167528523352,61.9047619047619,33.333333333333336,28.57142857142857,50.0,25.0,25.0,-8.5409
actionable_f1_ridge_w2_distinct_industry,train_oof,W4,6,-3.0170833333333325,-0.6887944444444445,-2.3282888888888893,-1.4074999999999998,-3.1863499999999996,-1.62725,-18.971533333333333,-10.1525,-8.819033333333334,-10.697233333333333,-8.873283333333333,3.1223666666666663,18.650966666666665,0.16458167148675382,1.8370811786916195,38.888888888888886,33.33333333333333,5.555555555555556,25.0,25.0,0.0,-8.8145
actionable_agent_elastic_w2_portfolio_aware,train_oof,W4,6,-2.4011166666666672,-0.6887944444444445,-1.712322222222222,0.08736666666666681,-3.1863499999999996,-1.5923166666666662,-13.527433333333333,-10.1525,-3.374933333333333,-11.035866666666667,-8.873283333333333,4.623566666666666,18.650966666666665,0.34179186492633484,1.8370811786916195,44.44444444444444,33.33333333333333,11.111111111111112,0.0,25.0,-25.0,-8.8353
actionable_agent_ridge_w2_pure_rank,train_oof,W4,6,-2.218488888888889,-0.6887944444444445,-1.529694444444444,0.06579999999999986,-3.1863499999999996,-1.5923166666666662,-13.527433333333333,-10.1525,-3.374933333333333,-9.795966666666667,-8.873283333333333,4.623566666666666,18.650966666666665,0.34179186492633484,1.8370811786916195,44.44444444444445,33.33333333333333,11.11111111111111,0.0,25.0,-25.0,-8.8353
actionable_agent_elastic_w2_pure_rank,train_oof,W4,6,-2.4011166666666672,-0.6887944444444445,-1.712322222222222,0.08736666666666681,-3.1863499999999996,-1.5923166666666662,-13.527433333333333,-10.1525,-3.374933333333333,-11.035866666666667,-8.873283333333333,4.623566666666666,18.650966666666665,0.34179186492633484,1.8370811786916195,44.44444444444444,33.33333333333333,11.111111111111112,0.0,25.0,-25.0,-8.8353
signal_f1_elastic_w1_pure_rank,train_oof,W4,7,9.209566666666666,3.982823809523809,5.226742857142858,9.387499999999998,-0.8960333333333329,3.0047999999999995,-3.0544999999999995,-10.1525,7.098000000000001,-2.70492,-8.617439999999998,33.9508,32.01253333333333,11.115010640039289,3.153167528523352,57.14285714285714,33.333333333333336,23.80952380952381,33.333333333333336,25.0,8.333333333333332,-8.9
actionable_f1_ridge_w1_portfolio_aware,train_oof,W4,6,-2.994233333333334,-0.6887944444444445,-2.3054388888888897,-4.326883333333334,-3.1863499999999996,-0.2021833333333336,-11.004766666666667,-10.1525,-0.852266666666667,-10.14375,-8.873283333333333,6.3523,18.650966666666665,0.577231684451889,1.8370811786916195,50.0,33.33333333333333,16.666666666666664,0.0,25.0,-25.0,-8.9616
actionable_agent_lgbm_w2_distinct_industry,train_oof,W4,7,0.6407666666666663,3.982823809523809,-3.342057142857143,2.0196,-0.8960333333333329,-0.14986666666666792,-18.971533333333333,-10.1525,-8.819033333333334,-10.554633333333332,-8.617439999999998,18.501099999999997,32.01253333333333,0.9752031991791209,3.153167528523352,42.85714285714287,33.333333333333336,9.523809523809526,0.0,25.0,-25.0,-9.3213
actionable_agent_lgbm_w2_portfolio_aware,train_oof,W4,7,0.8604190476190473,3.982823809523809,-3.122404761904762,3.557166666666667,-0.8960333333333329,-0.14986666666666792,-18.971533333333333,-10.1525,-8.819033333333334,-10.554633333333332,-8.617439999999998,18.501099999999997,32.01253333333333,0.9752031991791209,3.153167528523352,42.85714285714287,33.333333333333336,9.523809523809526,0.0,25.0,-25.0,-9.3213
signal_f1_lgbm_w4_portfolio_aware,train_oof,W4,7,14.919019047619047,3.982823809523809,10.936195238095237,14.430399999999999,-0.8960333333333329,1.41576666666667,-10.786966666666666,-10.1525,-0.6344666666666665,-10.310826666666667,-8.617439999999998,40.46383333333333,32.01253333333333,3.751178119273568,3.153167528523352,57.14285714285714,33.333333333333336,23.80952380952381,0.0,25.0,-25.0,-10.8062
signal_f1_lgbm_w1_distinct_industry,train_oof,W4,7,13.082180952380952,3.982823809523809,9.099357142857142,8.228600000000002,-0.8960333333333329,5.744833333333333,-5.349566666666665,-10.1525,4.802933333333335,-4.784426666666666,-8.617439999999998,48.26239999999999,32.01253333333333,9.021740078635654,3.153167528523352,66.66666666666667,33.333333333333336,33.333333333333336,50.0,25.0,25.0,-10.9218
signal_f1_lgbm_w1_portfolio_aware,train_oof,W4,7,13.082180952380952,3.982823809523809,9.099357142857142,8.228600000000002,-0.8960333333333329,5.744833333333333,-5.349566666666665,-10.1525,4.802933333333335,-4.784426666666666,-8.617439999999998,48.26239999999999,32.01253333333333,9.021740078635654,3.153167528523352,66.66666666666667,33.333333333333336,33.333333333333336,50.0,25.0,25.0,-10.9218
actionable_f1_ridge_w4_pure_rank,train_oof,W4,6,-5.192088888888889,-0.6887944444444445,-4.503294444444445,-5.246816666666668,-3.1863499999999996,-4.226650000000001,-13.527433333333335,-10.1525,-3.3749333333333347,-11.819633333333334,-8.873283333333333,4.773433333333333,18.650966666666665,0.3528705864379298,1.8370811786916195,44.44444444444445,33.33333333333333,11.11111111111111,20.0,25.0,-4.999999999999999,-11.4697
actionable_agent_elastic_w1_portfolio_aware,train_oof,W4,6,-3.1111333333333344,-0.6887944444444445,-2.42233888888889,-3.785466666666667,-3.1863499999999996,-2.3245333333333345,-13.527433333333335,-10.1525,-3.3749333333333347,-11.035866666666667,-8.873283333333333,6.3523,18.650966666666665,0.4695864946047907,1.8370811786916195,50.0,33.33333333333333,16.666666666666664,0.0,25.0,-25.0,-12.3453
actionable_agent_elastic_w1_pure_rank,train_oof,W4,6,-3.1442611111111116,-0.6887944444444445,-2.455466666666668,-3.8848500000000006,-3.1863499999999996,-2.3245333333333345,-13.527433333333335,-10.1525,-3.3749333333333347,-11.035866666666667,-8.873283333333333,6.3523,18.650966666666665,0.4695864946047907,1.8370811786916195,50.0,33.33333333333333,16.666666666666664,0.0,25.0,-25.0,-12.3453
actionable_agent_ridge_w1_pure_rank,train_oof,W4,6,-3.1442611111111116,-0.6887944444444445,-2.455466666666668,-3.8848500000000006,-3.1863499999999996,-2.3245333333333345,-13.527433333333335,-10.1525,-3.3749333333333347,-11.035866666666667,-8.873283333333333,6.3523,18.650966666666665,0.4695864946047907,1.8370811786916195,50.0,33.33333333333333,16.666666666666664,0.0,25.0,-25.0,-12.3453
actionable_f1_ridge_w1_pure_rank,train_oof,W4,6,-3.2916055555555563,-0.6887944444444445,-2.6028111111111123,-4.326883333333334,-3.1863499999999996,-2.3245333333333345,-13.527433333333335,-10.1525,-3.3749333333333347,-11.035866666666667,-8.873283333333333,6.3523,18.650966666666665,0.4695864946047907,1.8370811786916195,50.0,33.33333333333333,16.666666666666664,0.0,25.0,-25.0,-12.3453
actionable_f1_elastic_w2_pure_rank,train_oof,W4,6,-3.8107055555555562,-0.6887944444444445,-3.1219111111111117,-5.884183333333334,-3.1863499999999996,-2.3245333333333336,-13.527433333333333,-10.1525,-3.374933333333333,-11.035866666666667,-8.873283333333333,6.3523,18.650966666666665,0.46958649460479074,1.8370811786916195,50.0,33.33333333333333,16.666666666666664,25.0,25.0,0.0,-12.3453
actionable_f1_elastic_w1_pure_rank,train_oof,W4,6,-3.552750000000001,-0.6887944444444445,-2.863955555555556,-5.7296000000000005,-3.1863499999999996,-2.984466666666667,-12.288866666666665,-10.1525,-2.1363666666666656,-10.416583333333332,-8.873283333333333,6.3523,18.650966666666665,0.5169150396293665,1.8370811786916195,50.0,33.33333333333333,16.666666666666664,0.0,25.0,-25.0,-12.386
signal_agent_lgbm_w4_pure_rank,train_oof,W4,7,12.899880952380952,3.982823809523809,8.917057142857145,12.184800000000001,-0.8960333333333329,1.41576666666667,-9.557433333333332,-10.1525,0.5950666666666677,-6.951893333333333,-8.617439999999998,40.46383333333333,32.01253333333333,4.233755227170475,3.153167528523352,61.9047619047619,33.333333333333336,28.57142857142857,0.0,25.0,-25.0,-12.8699
actionable_agent_ridge_w2_distinct_industry,train_oof,W4,6,-2.933888888888888,-0.6887944444444445,-2.2450944444444447,-0.4069666666666665,-3.1863499999999996,-0.6267166666666667,-18.971533333333333,-10.1525,-8.819033333333334,-10.697233333333333,-8.873283333333333,3.1223666666666663,18.650966666666665,0.16458167148675382,1.8370811786916195,49.99999999999999,33.33333333333333,16.666666666666664,25.0,25.0,0.0,-13.3696
actionable_f1_elastic_w1_portfolio_aware,train_oof,W4,6,-4.315138888888889,-0.6887944444444445,-3.6263444444444453,-7.647550000000001,-3.1863499999999996,-2.984466666666667,-12.288866666666665,-10.1525,-2.1363666666666656,-10.785799999999998,-8.873283333333333,6.3523,18.650966666666665,0.5169150396293665,1.8370811786916195,55.55555555555555,33.33333333333333,22.22222222222222,0.0,25.0,-25.0,-15.1638
actionable_agent_ridge_w2_portfolio_aware,train_oof,W4,6,-3.125838888888888,-0.6887944444444445,-2.4370444444444446,0.06579999999999986,-3.1863499999999996,-2.4890833333333333,-18.971533333333333,-10.1525,-8.819033333333334,-12.518016666666668,-8.873283333333333,4.623566666666666,18.650966666666665,0.24371075260126573,1.8370811786916195,50.0,33.33333333333333,16.666666666666664,0.0,25.0,-25.0,-15.2319
signal_agent_elastic_w1_pure_rank,train_oof,W4,7,7.165185714285714,3.982823809523809,3.1823619047619056,9.3875,-0.8960333333333329,-2.3164999999999996,-12.469,-10.1525,-2.3164999999999996,-9.331959999999999,-8.617439999999998,33.9508,32.01253333333333,2.7228165851311252,3.153167528523352,57.14285714285714,33.333333333333336,23.80952380952381,33.333333333333336,25.0,8.333333333333332,-15.3795
signal_agent_ridge_w1_pure_rank,train_oof,W4,7,4.256200000000001,3.982823809523809,0.2733761904761915,-2.471866666666667,-0.8960333333333329,-2.3164999999999996,-12.469,-10.1525,-2.3164999999999996,-11.57284,-8.617439999999998,33.9508,32.01253333333333,2.7228165851311252,3.153167528523352,57.14285714285714,33.333333333333336,23.80952380952381,25.0,25.0,0.0,-15.3795
actionable_f1_ridge_w4_distinct_industry,train_oof,W4,7,3.8390380952380947,3.982823809523809,-0.14378571428571454,-1.7930666666666657,-0.8960333333333329,-4.047333333333334,-18.971533333333333,-10.1525,-8.819033333333334,-10.554633333333332,-8.617439999999998,26.692799999999995,32.01253333333333,1.4069922304645905,3.153167528523352,47.61904761904762,33.333333333333336,14.285714285714285,25.0,25.0,0.0,-15.5997
actionable_f1_ridge_w2_pure_rank,train_oof,W4,6,-3.775472222222222,-0.6887944444444445,-3.0866777777777785,-2.269333333333333,-3.1863499999999996,-3.2213000000000007,-18.971533333333333,-10.1525,-8.819033333333334,-12.861166666666666,-8.873283333333333,4.623566666666666,18.650966666666665,0.24371075260126573,1.8370811786916195,50.0,33.33333333333333,16.666666666666664,0.0,25.0,-25.0,-15.9642
signal_f1_lgbm_w2_distinct_industry,train_oof,W4,7,13.437428571428569,3.982823809523809,9.45460476190476,21.76033333333333,-0.8960333333333329,4.0648333333333335,-12.841100000000003,-10.1525,-2.6886000000000028,-8.78904,-8.617439999999998,35.800399999999996,32.01253333333333,2.7879543029802734,3.153167528523352,71.42857142857142,33.333333333333336,38.0952380952381,33.333333333333336,25.0,8.333333333333332,-16.3271
actionable_f1_ridge_w2_portfolio_aware,train_oof,W4,6,-4.349605555555556,-0.6887944444444445,-3.660811111111112,-3.9917333333333334,-3.1863499999999996,-4.211483333333334,-18.971533333333333,-10.1525,-8.819033333333334,-12.861166666666666,-8.873283333333333,4.623566666666666,18.650966666666665,0.24371075260126573,1.8370811786916195,50.0,33.33333333333333,16.666666666666664,0.0,25.0,-25.0,-16.9543
actionable_agent_ridge_w4_portfolio_aware,train_oof,W4,7,-1.019519047619047,3.982823809523809,-5.002342857142856,-7.0899,-0.8960333333333329,-3.3749333333333347,-13.527433333333335,-10.1525,-3.3749333333333347,-11.888573333333333,-8.617439999999998,20.282666666666668,32.01253333333333,1.4993728793094525,3.153167528523352,57.14285714285714,33.333333333333336,23.809523809523807,0.0,25.0,-25.0,-16.9672
signal_f1_ridge_w2_pure_rank,train_oof,W4,7,2.944228571428572,3.982823809523809,-1.0385952380952372,3.623533333333333,-0.8960333333333329,-4.9206,-16.248499999999996,-10.1525,-6.0959999999999965,-11.426519999999998,-8.617439999999998,16.83866666666667,32.01253333333333,1.0363213014534678,3.153167528523352,52.38095238095239,33.333333333333336,19.047619047619047,0.0,25.0,-25.0,-17.4924
signal_f1_elastic_w2_pure_rank,train_oof,W4,7,2.944228571428572,3.982823809523809,-1.0385952380952372,3.623533333333333,-0.8960333333333329,-4.9206,-16.248499999999996,-10.1525,-6.0959999999999965,-11.426519999999998,-8.617439999999998,16.83866666666667,32.01253333333333,1.0363213014534678,3.153167528523352,52.38095238095239,33.333333333333336,19.047619047619047,0.0,25.0,-25.0,-17.4924
signal_f1_ridge_w1_pure_rank,train_oof,W4,7,7.7313238095238095,3.982823809523809,3.748500000000001,9.3875,-0.8960333333333329,-2.1584666666666665,-12.469,-10.1525,-2.3164999999999996,-6.820299999999999,-8.617439999999998,33.9508,32.01253333333333,2.7228165851311252,3.153167528523352,61.9047619047619,33.333333333333336,28.57142857142857,33.333333333333336,25.0,8.333333333333332,-17.6024
actionable_f1_elastic_w4_portfolio_aware,train_oof,W4,6,-5.695216666666667,-0.6887944444444445,-5.0064222222222226,-6.920350000000001,-3.1863499999999996,-5.5116,-13.527433333333333,-10.1525,-3.374933333333333,-11.035866666666667,-8.873283333333333,4.623566666666666,18.650966666666665,0.34179186492633484,1.8370811786916195,55.55555555555555,33.33333333333333,22.222222222222225,20.0,25.0,-4.999999999999999,-18.3102
actionable_f1_elastic_w4_pure_rank,train_oof,W4,6,-5.695216666666667,-0.6887944444444445,-5.0064222222222226,-6.920350000000001,-3.1863499999999996,-5.5116,-13.527433333333333,-10.1525,-3.374933333333333,-11.035866666666667,-8.873283333333333,4.623566666666666,18.650966666666665,0.34179186492633484,1.8370811786916195,55.55555555555555,33.33333333333333,22.222222222222225,20.0,25.0,-4.999999999999999,-18.3102
actionable_agent_ridge_w4_distinct_industry,train_oof,W4,7,1.499638095238095,3.982823809523809,-2.4831857142857143,-6.105366666666668,-0.8960333333333329,-5.209333333333335,-18.971533333333333,-10.1525,-8.819033333333334,-14.066213333333332,-8.617439999999998,20.775266666666663,32.01253333333333,1.0950757802040247,3.153167528523352,52.38095238095237,33.333333333333336,19.04761904761905,0.0,25.0,-25.0,-19.1427
actionable_agent_ridge_w4_pure_rank,train_oof,W4,7,-3.8112285714285714,3.982823809523809,-7.79405238095238,-7.0899,-0.8960333333333329,-3.3749333333333347,-13.527433333333335,-10.1525,-3.3749333333333347,-11.888573333333333,-8.617439999999998,20.282666666666668,32.01253333333333,1.4993728793094525,3.153167528523352,61.9047619047619,33.333333333333336,28.57142857142857,0.0,25.0,-25.0,-19.3481
actionable_f1_ridge_w4_portfolio_aware,train_oof,W4,6,-6.099438888888888,-0.6887944444444445,-5.4106444444444435,-5.246816666666668,-3.1863499999999996,-6.9487000000000005,-18.971533333333333,-10.1525,-8.819033333333334,-14.541683333333333,-8.873283333333333,4.773433333333333,18.650966666666665,0.25161030737280066,1.8370811786916195,50.0,33.33333333333333,16.666666666666664,20.0,25.0,-4.999999999999999,-19.6915
signal_f1_lgbm_w4_pure_rank,train_oof,W4,7,8.114352380952381,3.982823809523809,4.131528571428573,10.094133333333334,-0.8960333333333329,1.41576666666667,-19.619699999999998,-10.1525,-9.467199999999998,-13.582339999999999,-8.617439999999998,40.46383333333333,32.01253333333333,2.062408361663702,3.153167528523352,66.66666666666666,33.333333333333336,33.333333333333336,0.0,25.0,-25.0,-19.9845
actionable_agent_elastic_w4_pure_rank,train_oof,W4,7,-2.4526095238095236,3.982823809523809,-6.435433333333331,-6.885933333333334,-0.8960333333333329,-7.648266666666667,-13.527433333333333,-10.1525,-3.374933333333333,-10.537553333333332,-8.617439999999998,12.791166666666669,32.01253333333333,0.9455723307944599,3.153167528523352,57.14285714285714,33.333333333333336,23.809523809523814,0.0,25.0,-25.0,-21.2405
actionable_agent_elastic_w4_portfolio_aware,train_oof,W4,7,-2.4526095238095236,3.982823809523809,-6.435433333333331,-6.885933333333334,-0.8960333333333329,-7.648266666666667,-13.527433333333333,-10.1525,-3.374933333333333,-10.537553333333332,-8.617439999999998,12.791166666666669,32.01253333333333,0.9455723307944599,3.153167528523352,57.14285714285714,33.333333333333336,23.809523809523814,0.0,25.0,-25.0,-21.2405
actionable_f1_elastic_w4_distinct_industry,train_oof,W4,7,1.0332714285714277,3.982823809523809,-2.949552380952381,-2.8824333333333327,-0.8960333333333329,-5.319733333333335,-18.971533333333333,-10.1525,-8.819033333333334,-11.842553333333331,-8.617439999999998,26.692799999999995,32.01253333333333,1.4069922304645905,3.153167528523352,57.14285714285714,33.333333333333336,23.809523809523814,50.0,25.0,25.0,-21.634
signal_f1_elastic_w4_distinct_industry,train_oof,W4,7,5.515214285714285,3.982823809523809,1.5323904761904754,3.5165666666666664,-0.8960333333333329,-3.0741999999999994,-24.327333333333332,-10.1525,-14.174833333333332,-17.666953333333332,-8.617439999999998,36.19096666666666,32.01253333333333,1.4876668219560987,3.153167528523352,57.14285714285714,33.333333333333336,23.80952380952381,0.0,25.0,-25.0,-22.0664
signal_f1_ridge_w4_distinct_industry,train_oof,W4,7,4.486180952380952,3.982823809523809,0.5033571428571422,3.5165666666666664,-0.8960333333333329,-3.0741999999999994,-24.327333333333332,-10.1525,-14.174833333333332,-17.666953333333332,-8.617439999999998,36.19096666666666,32.01253333333333,1.4876668219560987,3.153167528523352,57.14285714285714,33.333333333333336,23.80952380952381,0.0,25.0,-25.0,-22.0664
actionable_agent_elastic_w4_distinct_industry,train_oof,W4,7,-5.944219047619048,3.982823809523809,-9.927042857142856,-6.885933333333334,-0.8960333333333329,-8.425433333333334,-18.971533333333333,-10.1525,-8.819033333333334,-17.73483333333333,-8.617439999999998,12.791166666666669,32.01253333333333,0.6742294595762776,3.153167528523352,52.38095238095237,33.333333333333336,19.04761904761905,0.0,25.0,-25.0,-22.3588
signal_f1_lgbm_w2_pure_rank,train_oof,W4,7,12.226099999999999,3.982823809523809,8.24327619047619,21.76033333333333,-0.8960333333333329,2.3230000000000004,-19.619699999999998,-10.1525,-9.467199999999998,-19.37714,-8.617439999999998,35.800399999999996,32.01253333333333,1.8247169936339496,3.153167528523352,76.19047619047619,33.333333333333336,42.85714285714287,0.0,25.0,-25.0,-23.8392
signal_f1_ridge_w4_portfolio_aware,train_oof,W4,7,3.053571428571428,3.982823809523809,-0.9292523809523823,-5.816633333333333,-0.8960333333333329,-3.0741999999999994,-24.327333333333332,-10.1525,-14.174833333333332,-17.666953333333332,-8.617439999999998,36.19096666666666,32.01253333333333,1.4876668219560987,3.153167528523352,61.9047619047619,33.333333333333336,28.57142857142857,0.0,25.0,-25.0,-24.4473
signal_agent_elastic_w4_portfolio_aware,train_oof,W4,7,3.599261904761904,3.982823809523809,-0.38356190476190577,-6.511700000000001,-0.8960333333333329,-3.0741999999999994,-24.327333333333332,-10.1525,-14.174833333333332,-17.666953333333332,-8.617439999999998,36.19096666666666,32.01253333333333,1.4876668219560987,3.153167528523352,61.9047619047619,33.333333333333336,28.57142857142857,0.0,25.0,-25.0,-24.4473
signal_f1_elastic_w4_pure_rank,train_oof,W4,7,3.9756142857142853,3.982823809523809,-0.007209523809525109,-6.5117,-0.8960333333333329,-3.0741999999999994,-24.327333333333332,-10.1525,-14.174833333333332,-17.666953333333332,-8.617439999999998,36.19096666666666,32.01253333333333,1.4876668219560987,3.153167528523352,61.9047619047619,33.333333333333336,28.57142857142857,0.0,25.0,-25.0,-24.4473
signal_f1_elastic_w4_portfolio_aware,train_oof,W4,7,4.082604761904761,3.982823809523809,0.09978095238095161,-5.816633333333333,-0.8960333333333329,-3.0741999999999994,-24.327333333333332,-10.1525,-14.174833333333332,-17.666953333333332,-8.617439999999998,36.19096666666666,32.01253333333333,1.4876668219560987,3.153167528523352,61.9047619047619,33.333333333333336,28.57142857142857,0.0,25.0,-25.0,-24.4473
signal_agent_ridge_w4_portfolio_aware,train_oof,W4,7,2.4555571428571423,3.982823809523809,-1.5272666666666674,-6.511700000000001,-0.8960333333333329,-3.0741999999999994,-24.327333333333332,-10.1525,-14.174833333333332,-17.666953333333332,-8.617439999999998,36.19096666666666,32.01253333333333,1.4876668219560987,3.153167528523352,61.9047619047619,33.333333333333336,28.57142857142857,0.0,25.0,-25.0,-24.4473
signal_agent_ridge_w4_distinct_industry,train_oof,W4,7,4.424685714285714,3.982823809523809,0.4418619047619039,-0.7337333333333339,-0.8960333333333329,-3.0741999999999994,-24.327333333333332,-10.1525,-14.174833333333332,-17.666953333333332,-8.617439999999998,36.19096666666666,32.01253333333333,1.4876668219560987,3.153167528523352,61.9047619047619,33.333333333333336,28.57142857142857,25.0,25.0,0.0,-24.4473
signal_agent_elastic_w4_distinct_industry,train_oof,W4,7,4.424685714285714,3.982823809523809,0.4418619047619039,-0.7337333333333339,-0.8960333333333329,-3.0741999999999994,-24.327333333333332,-10.1525,-14.174833333333332,-17.666953333333332,-8.617439999999998,36.19096666666666,32.01253333333333,1.4876668219560987,3.153167528523352,61.9047619047619,33.333333333333336,28.57142857142857,25.0,25.0,0.0,-24.4473
signal_f1_ridge_w4_pure_rank,train_oof,W4,7,2.946580952380952,3.982823809523809,-1.0362428571428575,-6.5117,-0.8960333333333329,-3.0741999999999994,-24.327333333333332,-10.1525,-14.174833333333332,-17.666953333333332,-8.617439999999998,36.19096666666666,32.01253333333333,1.4876668219560987,3.153167528523352,61.9047619047619,33.333333333333336,28.57142857142857,0.0,25.0,-25.0,-24.4473
signal_agent_ridge_w4_pure_rank,train_oof,W4,7,2.8072952380952367,3.982823809523809,-1.175528571428572,-6.511700000000001,-0.8960333333333329,-3.0741999999999994,-29.12216666666667,-10.1525,-18.96966666666667,-19.584886666666666,-8.617439999999998,36.19096666666666,32.01253333333333,1.2427291925394743,3.153167528523352,61.9047619047619,33.333333333333336,28.57142857142857,0.0,25.0,-25.0,-26.8447
signal_agent_elastic_w4_pure_rank,train_oof,W4,7,2.8072952380952367,3.982823809523809,-1.175528571428572,-6.511700000000001,-0.8960333333333329,-3.0741999999999994,-29.12216666666667,-10.1525,-18.96966666666667,-19.584886666666666,-8.617439999999998,36.19096666666666,32.01253333333333,1.2427291925394743,3.153167528523352,61.9047619047619,33.333333333333336,28.57142857142857,0.0,25.0,-25.0,-26.8447
signal_f1_lgbm_w2_portfolio_aware,train_oof,W4,7,7.136133333333333,3.982823809523809,3.153309523809523,1.6168333333333347,-0.8960333333333329,-7.325533333333333,-17.478033333333332,-10.1525,-7.325533333333333,-14.695873333333335,-8.617439999999998,35.800399999999996,32.01253333333333,2.048308257412638,3.153167528523352,76.19047619047619,33.333333333333336,42.85714285714287,33.333333333333336,25.0,8.333333333333332,-32.4169
signal_agent_lgbm_w2_distinct_industry,train_oof,W4,7,8.022142857142857,3.982823809523809,4.039319047619047,6.964433333333335,-0.8960333333333329,-7.325533333333333,-17.478033333333332,-10.1525,-7.325533333333333,-14.695873333333331,-8.617439999999998,35.800399999999996,32.01253333333333,2.048308257412638,3.153167528523352,80.95238095238095,33.333333333333336,47.61904761904762,0.0,25.0,-25.0,-34.7978
signal_agent_lgbm_w2_portfolio_aware,train_oof,W4,7,4.234914285714285,3.982823809523809,0.25209047619047553,6.013466666666666,-0.8960333333333329,-7.325533333333333,-17.478033333333332,-10.1525,-7.325533333333333,-14.695873333333331,-8.617439999999998,35.800399999999996,32.01253333333333,2.048308257412638,3.153167528523352,85.71428571428571,33.333333333333336,52.38095238095239,0.0,25.0,-25.0,-37.1788
signal_agent_lgbm_w2_pure_rank,train_oof,W4,7,6.805571428571428,3.982823809523809,2.822747619047619,6.964433333333335,-0.8960333333333329,-9.062933333333334,-19.619699999999998,-10.1525,-9.467199999999998,-19.37714,-8.617439999999998,35.800399999999996,32.01253333333333,1.8247169936339496,3.153167528523352,80.95238095238095,33.333333333333336,47.61904761904762,0.0,25.0,-25.0,-37.6061
