segment,factor,horizon,weeks_ic,mean_ic,median_ic,ic_positive_pct,weeks_quintile,mean_q5_minus_q1_pct,median_q5_minus_q1_pct
train,current_vs_ibd_candidate_pct,W1,10,-0.22210866101958587,-0.25068371368528336,30.0,5,-4.182108666666667,-1.34036
train,ibd_entry_volume_ratio,W1,10,0.07067868820729237,0.058993637941006365,60.0,5,-0.9186183333333331,2.1003666666666665
train,volume_ratio,W1,10,0.07783091050825605,0.14457281848586195,80.0,5,-2.2840906666666667,-1.8394999999999997
train,ibd_entry_close_position,W1,10,-0.0695201251837407,0.016756070016939583,60.0,5,-0.10951599999999954,-2.17435
train,ibd_entry_breakout_range_ratio,W1,10,-0.19856400274020414,-0.12142857142857144,40.0,5,-0.013818000000000507,3.3892499999999997
train,ibd_entry_close_vs_trigger_pct,W1,10,-0.29377971761266963,-0.35624375624375626,20.0,5,-3.237728666666667,1.1213
train,dist_to_52w_high_pct,W1,10,-0.005104704601272108,-0.004385964912280706,50.0,5,3.958634666666667,3.44505
train,eps_yoy_growth,W1,10,0.08731879485884064,0.21888111888111889,70.0,5,-0.13374433333333363,-1.0989749999999998
train,base_depth_pct,W1,10,0.027493887335924477,0.11138762375570418,50.0,5,3.883916,2.8072999999999997
train,base_duration_weeks,W1,10,-0.05613421105342222,-0.026798093645423602,50.0,5,-3.096458666666667,-4.1036
train,base_mbox_count,W1,10,-0.07411129473353255,-0.11039099155730797,40.0,5,-2.4650469999999998,-3.6534666666666666
train,pullback_pct,W1,4,-0.0027930402930403005,0.05989010989010989,50.0,1,8.224566666666668,8.224566666666668
train,pullback_duration_weeks,W1,4,-0.3520641386438719,-0.4763170310925054,25.0,1,-6.150066666666667,-6.150066666666667
train,C_continuous,W1,10,-0.08809640830036139,-0.15767630538797586,40.0,5,-6.7601119999999995,-4.08446
train,pullback_v_is_dry,W1,4,0.029662793149047073,-0.19691042029748837,25.0,0,,
train,trigger_pos,W1,10,0.18811299684297395,0.17142857142857143,60.0,5,1.735548666666667,-1.57375
train,eps_known,W1,0,,,,0,,
train,rule_ceiling,W1,10,-0.06760608322059447,-0.018591154029835688,50.0,0,,
train,rule_pivot,W1,9,0.07116117909967179,-0.03784378163042982,33.33333333333333,0,,
train,rule_ma10_touch_confirm,W1,7,-0.015789342401811356,-0.04367131467411468,14.285714285714285,0,,
train,rule_ceiling_pullback,W1,2,0.1373985691071984,0.1373985691071984,50.0,0,,
train,rule_three_weeks_tight,W1,3,0.011467015269229693,0.03440104580768908,66.66666666666666,0,,
train,px_vs_ma10,W1,10,-0.1387700933696357,-0.07941840767927726,40.0,5,-2.0622969999999996,0.7966399999999996
train,px_vs_ma20,W1,10,-0.12393762606577255,-0.09285714285714286,40.0,5,-0.920585666666667,1.30085
train,px_vs_ma50,W1,10,-0.1488809817185103,-0.09743083003952568,40.0,5,-2.9821133333333334,0.9255000000000001
train,ma10_slope_5,W1,10,-0.03604488189156381,-0.07032967032967033,40.0,5,-1.5793223333333333,0.6174799999999999
train,ma20_slope_5,W1,10,-0.1829637448745,-0.17142857142857146,40.0,5,-0.07419600000000018,5.162319999999999
train,ma50_slope_10,W1,10,-0.08450561261774077,-0.09999999999999999,30.0,5,-4.858174666666667,-5.87924
train,mom_5,W1,10,-0.1261088720585288,-0.0873235460191982,40.0,5,-2.386996,-0.07410000000000005
train,mom_10,W1,10,-0.08478075319036417,-0.1559147374364766,40.0,5,-3.9145990000000004,-3.3703200000000004
train,mom_20,W1,10,-0.08389752886320392,-0.014285714285714287,40.0,5,0.30678533333333285,3.00126
train,mom_60,W1,10,-0.0632231231773566,-0.060606060606060615,30.0,5,-5.694684333333333,-5.21318
train,rv_20,W1,10,-0.170555782889879,-0.07857142857142858,30.0,5,-6.306544,-4.98302
train,atr_14_pct,W1,10,-0.17406554543854316,-0.06620553359683795,40.0,5,-4.887355666666667,-4.70732
train,vol_ratio_5_20,W1,10,0.056347698830536364,-0.042857142857142864,40.0,5,1.6574639999999998,-0.5065799999999998
train,up_day_ratio_20,W1,10,0.11729014888259451,0.1244808144528308,60.0,5,3.1012489999999993,4.105133333333333
train,drawdown_20,W1,10,0.03866578207631215,0.05378820177876136,60.0,5,1.4565613333333338,-0.23324999999999996
train,rel_spy_20,W1,0,,,,0,,
train,rel_spy_60,W1,0,,,,0,,
train,current_vs_ibd_candidate_pct,W2,10,-0.10212254072691243,-0.09328142305841405,30.0,5,-5.561539333333333,-5.6177
train,ibd_entry_volume_ratio,W2,10,0.04565669265898099,-0.03956043956043956,40.0,5,-0.4352286666666667,-0.7746000000000008
train,volume_ratio,W2,10,0.0167190475428462,-0.03285135916714864,40.0,5,-3.852697333333333,-4.153666666666667
train,ibd_entry_close_position,W2,10,0.008104786136822755,0.03378505552418597,50.0,5,0.8869606666666663,-3.2911000000000006
train,ibd_entry_breakout_range_ratio,W2,10,0.035727342832605966,0.12954545454545455,60.0,5,-0.5885153333333342,4.12514
train,ibd_entry_close_vs_trigger_pct,W2,10,-0.07001365148962405,-0.006593406593406594,50.0,5,-2.7747700000000006,0.16924999999999968
train,dist_to_52w_high_pct,W2,10,0.05681176946623171,0.006993006993006993,50.0,5,6.227462,2.703900000000001
train,eps_yoy_growth,W2,10,-0.07793997383242236,-0.10709290709290711,40.0,5,-3.8480506666666665,-4.296049999999999
train,base_depth_pct,W2,10,0.11033887076891999,0.07888383103407723,70.0,5,3.9083953333333334,2.0247333333333324
train,base_duration_weeks,W2,10,0.006269153168505593,0.08033733483742463,50.0,5,-4.822833666666667,-6.5774
train,base_mbox_count,W2,10,-0.04688014342984129,-0.024246432248443597,40.0,5,-3.233927333333334,-5.1154
train,pullback_pct,W2,4,0.3138736263736264,0.21703296703296704,50.0,1,4.792366666666666,4.792366666666666
train,pullback_duration_weeks,W2,4,-0.628230808513359,-0.6696733094063441,0.0,1,-1.2722666666666667,-1.2722666666666667
train,C_continuous,W2,10,-0.14885714606590666,-0.06428571428571428,50.0,5,-8.617852666666668,-2.8049800000000005
train,pullback_v_is_dry,W2,4,-0.37797682585799885,-0.47456904477142725,25.0,0,,
train,trigger_pos,W2,10,-0.05377934422556846,-0.19140316205533597,40.0,5,3.5252920000000003,-0.9080499999999996
train,eps_known,W2,0,,,,0,,
train,rule_ceiling,W2,10,-0.05363899192662221,-0.006881023532039754,40.0,0,,
train,rule_pivot,W2,9,-0.017228611732134025,0.06560798513518476,55.55555555555556,0,,
train,rule_ma10_touch_confirm,W2,7,0.010510175050088761,-0.021591675854376526,28.57142857142857,0,,
train,rule_ceiling_pullback,W2,2,0.2198771789914306,0.2198771789914306,50.0,0,,
train,rule_three_weeks_tight,W2,3,0.1904902935174642,0.13093073414159545,100.0,0,,
train,px_vs_ma10,W2,10,-0.110333221317203,-0.1482456140350877,30.0,5,-3.9908153333333325,-2.0309600000000003
train,px_vs_ma20,W2,10,-0.052059957586273374,-0.06954887218045114,40.0,5,0.7698666666666674,2.5653
train,px_vs_ma50,W2,10,0.007235655267691865,-0.09172932330827069,40.0,5,-2.306323,1.71036
train,ma10_slope_5,W2,10,0.02767656066283068,0.016193589019675977,50.0,5,-0.4611623333333327,0.3512750000000002
train,ma20_slope_5,W2,10,-0.08760882138456509,-0.03474595579858737,40.0,5,-1.376567666666666,1.747125
train,ma50_slope_10,W2,10,0.1439656110479909,0.11993006993006994,70.0,5,-3.738438,-1.6213399999999998
train,mom_5,W2,10,-0.11019234769806852,-0.09999999999999999,40.0,5,-2.1207609999999995,-0.0641750000000001
train,mom_10,W2,10,-0.06504301190800046,-0.03759398496240601,50.0,5,-3.744098666666666,-1.8624599999999996
train,mom_20,W2,10,-0.017889551333487297,-0.06766917293233084,50.0,5,0.28562600000000093,3.8331500000000003
train,mom_60,W2,10,0.1071071567639073,0.09264069264069265,60.0,5,-5.891264999999999,-3.225099999999999
train,rv_20,W2,10,-0.07102981686505713,-0.03000683526999316,50.0,5,-6.922998999999999,-3.3897199999999996
train,atr_14_pct,W2,10,-0.12775577587934567,-0.09285714285714286,30.0,5,-5.331285,-2.519299999999999
train,vol_ratio_5_20,W2,10,-0.017119585220271728,-0.01604554865424431,50.0,5,2.8430473333333337,2.07212
train,up_day_ratio_20,W2,10,0.128945425256759,0.1507945351924998,60.0,5,3.3115136666666665,2.6949
train,drawdown_20,W2,10,0.02639309566167694,-0.039881258109662046,40.0,5,3.6050563333333345,0.628875000000001
train,rel_spy_20,W2,0,,,,0,,
train,rel_spy_60,W2,0,,,,0,,
train,current_vs_ibd_candidate_pct,W4,10,-0.08985894980230782,-0.13741258741258744,40.0,5,-8.197642333333333,-14.897975
train,ibd_entry_volume_ratio,W4,10,-0.09350693547489886,-0.06813186813186814,40.0,5,3.5170236666666654,-0.26885000000000003
train,volume_ratio,W4,10,-0.025035879452355393,0.0032967032967032967,50.0,5,1.5557736666666657,4.044675
train,ibd_entry_close_position,W4,10,0.014107555297486663,-0.07575757575757575,40.0,5,-0.5075809999999994,-2.2273666666666667
train,ibd_entry_breakout_range_ratio,W4,10,0.08831345237523727,0.058714969241285025,60.0,5,1.5937666666666663,5.268649999999999
train,ibd_entry_close_vs_trigger_pct,W4,10,-0.039434223290058544,-0.06223250433776749,20.0,5,3.399794333333334,5.24838
train,dist_to_52w_high_pct,W4,10,0.05218804460223225,0.13705533596837943,60.0,5,0.9856300000000005,1.6677333333333326
train,eps_yoy_growth,W4,10,0.008462163313421912,-0.03601398601398601,50.0,5,-2.3137713333333325,-5.1248
train,base_depth_pct,W4,10,-0.00655752465790761,-0.07396837236502393,30.0,5,0.6514593333333337,1.2903800000000007
train,base_duration_weeks,W4,10,0.12671902590868575,0.05479945769200245,70.0,5,-4.5322906666666665,-6.135433333333333
train,base_mbox_count,W4,10,0.09321059491880035,0.14694482502731437,60.0,5,-0.42094433333333325,-5.17385
train,pullback_pct,W4,4,0.4576465201465202,0.5879120879120879,75.0,1,17.474166666666665,17.474166666666665
train,pullback_duration_weeks,W4,4,-0.49615610374581703,-0.6016793666682051,0.0,1,-10.136666666666667,-10.136666666666667
train,C_continuous,W4,10,-0.0035185419483064807,0.13345864661654136,60.0,5,-5.254401333333332,-3.5699399999999994
train,pullback_v_is_dry,W4,4,-0.08892614200054863,-0.061858957413174154,50.0,0,,
train,trigger_pos,W4,10,-0.09320801242998038,-0.034933487565066514,30.0,5,0.4695966666666667,-4.346699999999999
train,eps_known,W4,0,,,,0,,
train,rule_ceiling,W4,10,-0.1140117938611035,-0.2162094671993406,30.0,0,,
train,rule_pivot,W4,9,0.015940431475609765,0.05676567244564473,55.55555555555556,0,,
train,rule_ma10_touch_confirm,W4,7,0.06618642820895083,0.13356165030854356,57.14285714285714,0,,
train,rule_ceiling_pullback,W4,2,-0.2932353526884295,-0.2932353526884295,0.0,0,,
train,rule_three_weeks_tight,W4,3,0.3650646057062581,0.3096094122692017,100.0,0,,
train,px_vs_ma10,W4,10,-0.19198963126880747,-0.19248120300751878,30.0,5,-2.5385413333333324,-2.60745
train,px_vs_ma20,W4,10,-0.17165178071356557,-0.2562174667437825,30.0,5,1.4122649999999992,0.6258999999999997
train,px_vs_ma50,W4,10,-0.0899332208599943,-0.10163080626467352,40.0,5,-1.3691653333333327,0.8575399999999995
train,ma10_slope_5,W4,10,-0.047280221685256016,-0.09587605377079061,30.0,5,2.5686313333333337,-0.02949999999999986
train,ma20_slope_5,W4,10,-0.2004239772431992,-0.25748987854251015,30.0,5,-0.831991333333334,-2.4909999999999997
train,ma50_slope_10,W4,10,0.062376307902623704,-0.01308691308691308,50.0,5,-2.4513823333333336,1.1136
train,mom_5,W4,10,-0.21840974814659023,-0.1330827067669173,20.0,5,-0.30301599999999973,0.7558199999999999
train,mom_10,W4,10,-0.10924946906640272,-0.11584731058415271,30.0,5,-2.1055509999999997,0.4532499999999997
train,mom_20,W4,10,-0.09888703211357672,-0.13909774436090228,30.0,5,2.327522999999999,2.1489
train,mom_60,W4,10,0.049835187695599525,-0.00789210789210789,50.0,5,-4.071223333333333,-2.60745
train,rv_20,W4,10,-0.17771783898786186,-0.11731601731601732,30.0,5,-4.192336,0.12835000000000052
train,atr_14_pct,W4,10,-0.20773468712827983,-0.0761904761904762,30.0,5,-2.6214376666666674,2.48055
train,vol_ratio_5_20,W4,10,-0.1273223991873877,-0.041673600998543794,50.0,5,9.516687000000001,6.443325
train,up_day_ratio_20,W4,10,0.04458235812289909,0.11501389603070122,60.0,5,3.34673,-1.4565000000000003
train,drawdown_20,W4,10,-0.019304901677960656,0.009336147435188083,50.0,5,-2.8922149999999998,-3.5115000000000003
train,rel_spy_20,W4,0,,,,0,,
train,rel_spy_60,W4,0,,,,0,,
train,current_vs_ibd_candidate_pct,W3,10,-0.010555048476151385,-0.20341040360993107,40.0,5,-5.947327999999999,-13.340399999999999
train,ibd_entry_volume_ratio,W3,10,0.004762457222411465,-0.008964719491035274,50.0,5,1.857059000000001,0.6247249999999989
train,volume_ratio,W3,10,0.07643427129697156,0.19262756694106808,70.0,5,-1.7533893333333335,0.24943333333333317
train,ibd_entry_close_position,W3,10,0.046203464727492205,-0.11187399556964775,40.0,5,-0.868575666666667,-4.6436
train,ibd_entry_breakout_range_ratio,W3,10,0.10907766908911072,0.02359745517640255,50.0,5,1.6553976666666663,4.450725
train,ibd_entry_close_vs_trigger_pct,W3,10,0.0028714191986503267,-0.139010989010989,40.0,5,-0.060707000000000025,1.556675
train,dist_to_52w_high_pct,W3,10,-0.07342530467244426,0.05485041274514958,60.0,5,5.956455666666668,3.516025
train,eps_yoy_growth,W3,10,-0.11538738530729375,-0.024475524475524476,40.0,5,-2.7091973333333335,-3.1317000000000004
train,base_depth_pct,W3,10,0.0884194311635523,0.020268983989589706,50.0,5,3.5426156666666673,2.754719999999999
train,base_duration_weeks,W3,10,0.02599653791443065,0.025255372029920557,50.0,5,-3.3532020000000005,-5.318433333333333
train,base_mbox_count,W3,10,-0.014425719733964875,0.0,40.0,5,0.7192696666666667,-2.06105
train,pullback_pct,W3,4,0.23923992673992672,0.32967032967032966,50.0,1,16.6112,16.6112
train,pullback_duration_weeks,W3,4,-0.6513993052424161,-0.5604014793358203,0.0,1,-6.9718,-6.9718
train,C_continuous,W3,10,-0.08890818281849652,-0.0159542071304897,50.0,5,-9.353377666666665,-4.577979999999999
train,pullback_v_is_dry,W3,4,-0.46285622132977716,-0.5597499153038543,0.0,0,,
train,trigger_pos,W3,10,-0.11742923742923742,-0.050349650349650346,40.0,5,0.9235826666666659,-3.5518
train,eps_known,W3,0,,,,0,,
train,rule_ceiling,W3,10,0.05579431354061552,0.0,40.0,0,,
train,rule_pivot,W3,9,-0.0906917699284277,-0.13245323570650436,33.33333333333333,0,,
train,rule_ma10_touch_confirm,W3,7,-0.0870046311099651,-0.10927771388880837,28.57142857142857,0,,
train,rule_ceiling_pullback,W3,2,0.054919959222966136,0.054919959222966136,50.0,0,,
train,rule_three_weeks_tight,W3,3,0.3007114801503205,0.3784115038845798,66.66666666666666,0,,
train,px_vs_ma10,W3,10,-0.09111455668663906,-0.07727272727272727,40.0,5,-4.485550666666667,-0.3688200000000006
train,px_vs_ma20,W3,10,-0.08321133862323796,-0.15622529644268773,40.0,5,-0.7536573333333335,1.8498000000000003
train,px_vs_ma50,W3,10,0.010398865055615636,0.023809523809523815,50.0,5,-4.183555666666667,0.6217333333333338
train,ma10_slope_5,W3,10,-0.0578029979174144,-0.1412087912087912,30.0,5,-1.6486376666666671,-2.630775
train,ma20_slope_5,W3,10,-0.08922813266062694,-0.05451127819548872,40.0,5,-4.7376000000000005,0.45289999999999964
train,ma50_slope_10,W3,10,0.004899490288506293,-0.0069264069264069195,50.0,5,-4.891125000000001,-5.850533333333333
train,mom_5,W3,10,0.017047163362952828,0.09285714285714286,70.0,5,-0.32845633333333313,2.7964749999999996
train,mom_10,W3,10,-0.09917724533285174,-0.2287046287046287,40.0,5,-5.021366666666667,1.472033333333334
train,mom_20,W3,10,0.005571381326530045,-0.06428571428571428,40.0,5,-1.0155806666666671,4.191700000000001
train,mom_60,W3,10,0.040284871497686114,0.00396270396270397,50.0,5,-6.378481666666667,-4.0282
train,rv_20,W3,10,-0.027140209142497474,0.06879699248120301,60.0,5,-7.730716666666668,-4.940200000000001
train,atr_14_pct,W3,10,-0.09387165085105587,0.08146853146853147,60.0,5,-6.957668333333335,-0.12819999999999943
train,vol_ratio_5_20,W3,10,-0.02598179471177183,0.04519574628270281,50.0,5,6.210557333333333,3.6599200000000005
train,up_day_ratio_20,W3,10,-0.02361292765178365,-0.014896826663014708,50.0,5,3.143154333333333,3.1512500000000006
train,drawdown_20,W3,10,-0.10370231054228655,-0.06069287752646486,30.0,5,2.2202893333333327,2.3687499999999995
train,rel_spy_20,W3,0,,,,0,,
train,rel_spy_60,W3,0,,,,0,,
contaminated_validation,current_vs_ibd_candidate_pct,W1,11,-0.06044167775964857,-0.06152262063064674,27.27272727272727,10,-0.17566335119047624,-0.5109473214285714
contaminated_validation,ibd_entry_volume_ratio,W1,11,0.06200749490444117,0.08359133126934985,63.63636363636363,10,2.833385648809524,2.9028725000000004
contaminated_validation,volume_ratio,W1,11,0.14141005109211344,0.15454545454545454,72.72727272727273,10,2.4857630357142853,1.8256437499999998
contaminated_validation,ibd_entry_close_position,W1,11,-0.05560810563839089,-0.09999999999999999,36.36363636363637,10,-1.3037154523809522,-2.0080937499999996
contaminated_validation,ibd_entry_breakout_range_ratio,W1,11,-0.017970731929604956,-0.0032499146423197057,45.45454545454545,10,0.08152049404761912,0.7235630952380956
contaminated_validation,ibd_entry_close_vs_trigger_pct,W1,11,-0.10057729986176574,-0.02496782496782497,45.45454545454545,10,-0.39534181547619046,0.6223741071428572
contaminated_validation,dist_to_52w_high_pct,W1,11,-0.1534557446108111,-0.15322060601361395,27.27272727272727,10,-2.403234119047619,-2.554709166666667
contaminated_validation,eps_yoy_growth,W1,11,-0.017749048804666503,-0.009138297206644181,45.45454545454545,10,-0.444952988095238,0.12452916666666669
contaminated_validation,base_depth_pct,W1,11,-0.005078259921209831,0.03621900871504239,54.54545454545454,10,-0.4931113988095238,-0.4894618750000001
contaminated_validation,base_duration_weeks,W1,11,-0.05493878928609051,-0.02758268158598333,36.36363636363637,10,1.0677759583333333,1.0986767857142858
contaminated_validation,base_mbox_count,W1,11,-0.0264371437058344,-0.0020900284740887594,45.45454545454545,10,0.4897279880952382,0.4164011904761906
contaminated_validation,pullback_pct,W1,9,0.0670618274404181,-0.05454545454545456,44.44444444444444,8,0.03690833333333332,-0.17558333333333354
contaminated_validation,pullback_duration_weeks,W1,9,-0.022805824590983865,-0.07694837640638656,44.44444444444444,6,-2.1175722222222224,-2.2678
contaminated_validation,C_continuous,W1,11,-0.008136935057547291,-0.07252747252747253,45.45454545454545,10,-1.1008535357142857,0.20413500000000007
contaminated_validation,pullback_v_is_dry,W1,8,0.15385404146956044,0.18375342643909645,75.0,0,,
contaminated_validation,trigger_pos,W1,11,-0.04080134206086261,0.023376623376623374,54.54545454545454,10,-0.39075651190476224,-0.05774553571428559
contaminated_validation,eps_known,W1,0,,,,0,,
contaminated_validation,rule_ceiling,W1,9,0.10728064259244435,0.10545270177151371,88.88888888888889,0,,
contaminated_validation,rule_pivot,W1,11,-0.19040457212401635,-0.21432896865909662,18.181818181818183,0,,
contaminated_validation,rule_ma10_touch_confirm,W1,11,0.05484367397408038,0.014366570530687184,54.54545454545454,0,,
contaminated_validation,rule_ceiling_pullback,W1,6,0.18976417155811065,0.23280766939789857,83.33333333333334,0,,
contaminated_validation,rule_three_weeks_tight,W1,3,0.021298934946263337,0.028005601680560196,66.66666666666666,0,,
contaminated_validation,px_vs_ma10,W1,11,-0.09954891607123452,-0.07946336429308565,36.36363636363637,10,-0.9598787916666666,-0.6749075
contaminated_validation,px_vs_ma20,W1,11,-0.052112743984473006,-0.013415892672858616,36.36363636363637,10,-1.4851046428571428,-0.3584966666666669
contaminated_validation,px_vs_ma50,W1,11,-0.030577071377429942,0.02727272727272727,54.54545454545454,10,-1.1799284226190474,-0.7405591666666665
contaminated_validation,ma10_slope_5,W1,11,0.06192275740215977,0.05324675324675325,63.63636363636363,10,-0.961470101190476,-0.3989999999999999
contaminated_validation,ma20_slope_5,W1,11,0.04477246770350316,0.04401927186737313,54.54545454545454,10,-0.09124833333333313,0.3388987500000002
contaminated_validation,ma50_slope_10,W1,11,-0.06776821901413385,0.031168831168831172,63.63636363636363,10,-3.1409634345238095,-0.6700139880952378
contaminated_validation,mom_5,W1,11,-0.037629741292937995,-0.044246892348158165,36.36363636363637,10,-1.2177518333333333,0.095
contaminated_validation,mom_10,W1,11,-0.04288538203006787,-0.04025974025974026,45.45454545454545,10,-1.772938398809524,-1.1210416666666667
contaminated_validation,mom_20,W1,11,0.03558627866016178,-0.007792207792207793,45.45454545454545,10,0.23318529166666663,-0.3120489583333331
contaminated_validation,mom_60,W1,11,-0.1162870215037826,-0.10362903225806452,36.36363636363637,10,-3.65497930952381,-3.97865
contaminated_validation,rv_20,W1,11,-0.019726588124063815,-0.014285714285714285,45.45454545454545,10,-0.6099489404761904,1.4221133333333325
contaminated_validation,atr_14_pct,W1,11,0.08793063829169366,0.08051948051948052,63.63636363636363,10,-0.7616487440476194,2.2055374999999993
contaminated_validation,vol_ratio_5_20,W1,11,0.10930009239498907,0.12077922077922078,63.63636363636363,10,2.6113429761904756,1.2152875
contaminated_validation,up_day_ratio_20,W1,11,0.03097883319345539,-0.011124303292796532,36.36363636363637,10,-0.1202736904761906,-0.68147125
contaminated_validation,drawdown_20,W1,11,0.0017614144893232716,0.035366954333574806,63.63636363636363,10,-1.3038292500000002,-0.5772283333333335
contaminated_validation,rel_spy_20,W1,0,,,,0,,
contaminated_validation,rel_spy_60,W1,0,,,,0,,
contaminated_validation,current_vs_ibd_candidate_pct,W2,11,-0.056503224148805174,-0.014720710119830975,45.45454545454545,10,-0.3716195238095237,-0.0912345238095239
contaminated_validation,ibd_entry_volume_ratio,W2,11,0.06576889224672222,0.07379032258064516,81.81818181818183,10,2.2060127440476194,2.9777199999999997
contaminated_validation,volume_ratio,W2,11,0.024560790918122487,0.022580645161290325,81.81818181818183,10,2.8236429226190474,2.2089848214285714
contaminated_validation,ibd_entry_close_position,W2,11,-0.0320202539729249,-0.11208791208791209,36.36363636363637,10,-2.7292084999999995,-2.736452083333333
contaminated_validation,ibd_entry_breakout_range_ratio,W2,11,0.03550941779227746,0.025974025974025972,54.54545454545454,10,2.0346599107142858,2.448119345238095
contaminated_validation,ibd_entry_close_vs_trigger_pct,W2,11,0.0202220095874858,0.05324675324675325,54.54545454545454,10,1.3128108869047619,1.4414993750000002
contaminated_validation,dist_to_52w_high_pct,W2,11,-0.2462468162499978,-0.25405405405405407,9.090909090909092,10,-4.955557642857142,-3.72004125
contaminated_validation,eps_yoy_growth,W2,11,0.008128393782932675,0.035008687890242494,63.63636363636363,10,-1.199253744047619,-1.2733952380952385
contaminated_validation,base_depth_pct,W2,11,-0.07679075524315315,-0.049999999999999996,27.27272727272727,10,-1.0292675654761907,-1.0233500000000002
contaminated_validation,base_duration_weeks,W2,11,0.042405725389059463,0.009297525622357646,54.54545454545454,10,1.5065954583333336,0.3629499999999999
contaminated_validation,base_mbox_count,W2,11,0.047529678305739995,0.036654613353382784,54.54545454545454,10,0.5493778095238098,1.53414125
contaminated_validation,pullback_pct,W2,9,0.040314621456322065,0.06363636363636364,55.55555555555556,8,-0.9177845833333327,2.8263000000000007
contaminated_validation,pullback_duration_weeks,W2,9,-0.03980699992980303,-0.008549819600709618,44.44444444444444,6,-2.502883888888889,-0.7869433333333336
contaminated_validation,C_continuous,W2,11,0.05297088132492172,0.014517592573022205,54.54545454545454,10,-0.5094388511904757,-1.4508874999999992
contaminated_validation,pullback_v_is_dry,W2,8,0.03918792859670189,0.06338656910463875,50.0,0,,
contaminated_validation,trigger_pos,W2,11,-0.0713513749721915,-0.1455108359133127,36.36363636363637,10,-3.9565196845238098,-2.5375529761904767
contaminated_validation,eps_known,W2,0,,,,0,,
contaminated_validation,rule_ceiling,W2,9,0.13445337803762816,0.08367596467078565,88.88888888888889,0,,
contaminated_validation,rule_pivot,W2,11,-0.15543337530016682,-0.06464956738809233,27.27272727272727,0,,
contaminated_validation,rule_ma10_touch_confirm,W2,11,0.04007410719019678,-0.0019256435470857388,45.45454545454545,0,,
contaminated_validation,rule_ceiling_pullback,W2,6,0.10318504202610318,0.1367948637296345,66.66666666666666,0,,
contaminated_validation,rule_three_weeks_tight,W2,3,-0.08687978430929229,-0.028005601680560196,33.33333333333333,0,,
contaminated_validation,px_vs_ma10,W2,11,0.01562541274312548,-0.05201612903225807,45.45454545454545,10,-0.11524804761904761,1.6790675
contaminated_validation,px_vs_ma20,W2,11,0.08609881467889732,0.0621783280011128,63.63636363636363,10,-1.8684855535714289,-0.823755357142857
contaminated_validation,px_vs_ma50,W2,11,-0.0047486771752275,-0.0038961038961038965,36.36363636363637,10,-0.30133207738095236,-0.9794149999999999
contaminated_validation,ma10_slope_5,W2,11,0.10281496527188261,0.09999999999999999,63.63636363636363,10,0.31618590476190417,2.1277600000000003
contaminated_validation,ma20_slope_5,W2,11,0.032525628152317486,0.054695562435500514,72.72727272727273,10,0.9070838690476186,0.7673249999999993
contaminated_validation,ma50_slope_10,W2,11,0.015663326040817754,0.08771929824561403,63.63636363636363,10,-1.846418696428571,-0.6191426785714286
contaminated_validation,mom_5,W2,11,0.03701481491845243,0.003095975232198142,54.54545454545454,10,-1.9002815892857143,-1.1425781249999998
contaminated_validation,mom_10,W2,11,0.1551901089430595,0.11943752450081564,63.63636363636363,10,0.34955695238095214,1.0309312499999999
contaminated_validation,mom_20,W2,11,0.09891105604970588,0.11157197233146599,54.54545454545454,10,-0.6618883452380953,-1.8792499999999996
contaminated_validation,mom_60,W2,11,-0.05305368216713647,-0.009287925696594427,45.45454545454545,10,-2.903443642857142,-1.0208700000000002
contaminated_validation,rv_20,W2,11,0.0978826804659982,0.021621621621621623,54.54545454545454,10,0.8778197797619051,1.6692706250000002
contaminated_validation,atr_14_pct,W2,11,0.20653445022395997,0.18959521491167058,72.72727272727273,10,1.1919604583333339,2.0854575000000004
contaminated_validation,vol_ratio_5_20,W2,11,0.09290941763313984,0.06935483870967743,63.63636363636363,10,2.7554438035714286,0.7894324999999995
contaminated_validation,up_day_ratio_20,W2,11,-0.003341878942963986,-0.049228754337392926,36.36363636363637,10,0.5549478809523805,0.3941124999999994
contaminated_validation,drawdown_20,W2,11,-0.0936513390820906,-0.01960826196060008,45.45454545454545,10,-4.500661714285714,-0.5863299999999998
contaminated_validation,rel_spy_20,W2,0,,,,0,,
contaminated_validation,rel_spy_60,W2,0,,,,0,,
contaminated_validation,current_vs_ibd_candidate_pct,W4,9,-0.0768542319848774,-0.03206291656237158,44.44444444444444,8,-2.047281547619048,-1.9869366071428574
contaminated_validation,ibd_entry_volume_ratio,W4,9,0.06684080498823865,0.059340659340659345,55.55555555555556,8,3.7487241443452386,2.9713714285714294
contaminated_validation,volume_ratio,W4,9,0.18722136568894643,0.1252747252747253,77.77777777777779,8,4.584006101190477,2.385532142857144
contaminated_validation,ibd_entry_close_position,W4,9,-0.17389668172374212,-0.10080834524409384,22.22222222222222,8,-5.852406324404763,-3.3930970238095237
contaminated_validation,ibd_entry_breakout_range_ratio,W4,9,0.06140216940967106,0.07419354838709677,66.66666666666666,8,5.742674479166666,2.327567857142857
contaminated_validation,ibd_entry_close_vs_trigger_pct,W4,9,-0.039964023064315464,0.007574703777235423,55.55555555555556,8,3.8671553199404753,1.980965624999999
contaminated_validation,dist_to_52w_high_pct,W4,9,-0.10670872065286265,-0.0766206274687283,44.44444444444444,8,-7.531179017857144,-6.459551190476192
contaminated_validation,eps_yoy_growth,W4,9,-0.05912901214196125,-0.16048387096774194,33.33333333333333,8,-3.3589988839285723,-2.9432226190476194
contaminated_validation,base_depth_pct,W4,9,0.19966466841123237,0.16165776466964918,66.66666666666666,8,0.27295301339285727,0.6592227678571432
contaminated_validation,base_duration_weeks,W4,9,-0.16707657829455835,0.0030019420296829536,55.55555555555556,8,-2.251147544642857,0.8392651785714291
contaminated_validation,base_mbox_count,W4,9,-0.14160048765403968,0.016771234470501856,55.55555555555556,8,-0.9964757812500006,-1.4047178571428574
contaminated_validation,pullback_pct,W4,7,0.07097914744765547,0.16027714458056436,57.14285714285714,6,-5.836709999999999,-2.002005
contaminated_validation,pullback_duration_weeks,W4,7,0.05531463320412394,0.11969747440993465,57.14285714285714,4,-2.316530833333333,-1.5500933333333333
contaminated_validation,C_continuous,W4,9,-0.19457508610320995,-0.17853457172342618,22.22222222222222,8,-1.7941552455357144,-2.497582440476191
contaminated_validation,pullback_v_is_dry,W4,6,0.10753373366163906,0.1479915711002201,66.66666666666666,0,,
contaminated_validation,trigger_pos,W4,9,-0.14173618400416285,-0.15766129032258067,11.11111111111111,8,-7.7945793154761915,-1.9818172619047627
contaminated_validation,eps_known,W4,0,,,,0,,
contaminated_validation,rule_ceiling,W4,7,0.15828280362279631,0.1608300982325321,85.71428571428571,0,,
contaminated_validation,rule_pivot,W4,9,-0.16903134894554486,-0.1085562308792827,11.11111111111111,0,,
contaminated_validation,rule_ma10_touch_confirm,W4,9,0.04903058383079764,0.06454972243679029,55.55555555555556,0,,
contaminated_validation,rule_ceiling_pullback,W4,5,0.06029310631210526,0.03872372420083729,60.0,0,,
contaminated_validation,rule_three_weeks_tight,W4,3,-0.047208207310454775,-0.011597947774365458,33.33333333333333,0,,
contaminated_validation,px_vs_ma10,W4,9,-0.26892604066365206,-0.2528379772961816,22.22222222222222,8,-4.511293936011905,-4.4980038690476185
contaminated_validation,px_vs_ma20,W4,9,-0.1806110250494734,-0.07120743034055728,33.33333333333333,8,-3.1168917782738093,-3.702041071428572
contaminated_validation,px_vs_ma50,W4,9,-0.09413623373733143,-0.09184726522187822,22.22222222222222,8,-0.43118612351190555,-5.214155952380953
contaminated_validation,ma10_slope_5,W4,9,-0.0396997107044141,0.0010319917440660476,55.55555555555556,8,-0.02775085565476232,-2.024796875
contaminated_validation,ma20_slope_5,W4,9,0.030411181613005316,0.06949806949806951,66.66666666666666,8,3.052332477678572,0.4843227678571428
contaminated_validation,ma50_slope_10,W4,9,-0.11155708568824685,-0.1745722631798581,33.33333333333333,8,-1.63020394345238,-2.637974999999999
contaminated_validation,mom_5,W4,9,-0.14053684985010653,-0.23219814241486067,33.33333333333333,8,-3.2149674851190473,-4.11017619047619
contaminated_validation,mom_10,W4,9,-0.10919426239838817,-0.04262825781813123,44.44444444444444,8,0.013360751488095457,-3.2439924107142852
contaminated_validation,mom_20,W4,9,-0.019589989191374484,-0.10000000000000002,44.44444444444444,8,0.5082609747023813,0.21722738095238148
contaminated_validation,mom_60,W4,9,-0.1719460878240699,-0.17014157014157016,33.33333333333333,8,-2.6815180431547616,-3.876258482142857
contaminated_validation,rv_20,W4,9,-0.027681993480110984,-0.05882352941176471,33.33333333333333,8,1.4667060267857153,-2.2228624999999997
contaminated_validation,atr_14_pct,W4,9,0.006645871656674086,-0.07545618938024,44.44444444444444,8,2.9360002604166664,0.7696486607142856
contaminated_validation,vol_ratio_5_20,W4,9,0.0966178061793477,0.09999999999999999,55.55555555555556,8,4.105602976190477,4.746774404761904
contaminated_validation,up_day_ratio_20,W4,9,0.04133810768926536,0.011124303292796532,55.55555555555556,8,2.165379278273809,1.2533156249999997
contaminated_validation,drawdown_20,W4,9,-0.11445576002986914,-0.08921281827074314,44.44444444444444,8,-8.163753348214287,-2.9367916666666676
contaminated_validation,rel_spy_20,W4,0,,,,0,,
contaminated_validation,rel_spy_60,W4,0,,,,0,,
contaminated_validation,current_vs_ibd_candidate_pct,W3,10,-0.017905131319583618,-0.007745868794877809,50.0,9,-0.3050133664021169,-1.7442660714285716
contaminated_validation,ibd_entry_volume_ratio,W3,10,0.0312228429303368,0.04512350394703336,50.0,9,2.263067539682539,2.439874999999999
contaminated_validation,volume_ratio,W3,10,0.07094029178691902,0.10773661822048919,80.0,9,3.1346920568783068,1.4521666666666668
contaminated_validation,ibd_entry_close_position,W3,10,-0.1425907188693844,-0.13814958704799096,20.0,9,-2.9940842724867727,-2.2918999999999983
contaminated_validation,ibd_entry_breakout_range_ratio,W3,10,0.11546621964862114,0.10015795015795018,70.0,9,3.805888082010581,3.941398214285714
contaminated_validation,ibd_entry_close_vs_trigger_pct,W3,10,0.015819326009017698,0.02076612903225806,50.0,9,3.7640504166666653,0.4598850000000003
contaminated_validation,dist_to_52w_high_pct,W3,10,-0.17204554191771484,-0.22337662337662334,30.0,9,-6.525133373015873,-3.93632
contaminated_validation,eps_yoy_growth,W3,10,0.02036296421055566,0.009429768441020427,50.0,9,-2.22314412037037,-0.4210107142857149
contaminated_validation,base_depth_pct,W3,10,0.1290370669969144,0.10574264445232187,80.0,9,0.17033355820105803,-0.614295
contaminated_validation,base_duration_weeks,W3,10,-0.14849131972882199,-0.11555613492541135,30.0,9,-1.5461578439153445,-0.3411499999999994
contaminated_validation,base_mbox_count,W3,10,-0.09719406410549784,-0.058716091195297394,40.0,9,-1.0349543518518523,0.15885000000000016
contaminated_validation,pullback_pct,W3,8,0.06576312231662819,0.1505745862674156,62.5,7,-3.0035600000000002,1.9106666666666667
contaminated_validation,pullback_duration_weeks,W3,8,-0.04119678796127764,0.033990991740992085,62.5,5,-2.226939333333333,-0.8343000000000003
contaminated_validation,C_continuous,W3,10,-0.13912525993324795,-0.11867123729345551,30.0,9,-1.1168012367724873,-0.4665333333333326
contaminated_validation,pullback_v_is_dry,W3,7,0.10200428660168182,0.19271139343437974,71.42857142857143,0,,
contaminated_validation,trigger_pos,W3,10,-0.16786011945789836,-0.14076343048117243,20.0,9,-5.208273842592592,-2.4448166666666644
contaminated_validation,eps_known,W3,0,,,,0,,
contaminated_validation,rule_ceiling,W3,8,0.0833578587937354,0.0961257774195593,87.5,0,,
contaminated_validation,rule_pivot,W3,10,-0.15552508681640187,-0.15418410347023848,20.0,0,,
contaminated_validation,rule_ma10_touch_confirm,W3,10,0.08710627859574424,0.11408421268417726,70.0,0,,
contaminated_validation,rule_ceiling_pullback,W3,5,0.06545606634417858,0.0,40.0,0,,
contaminated_validation,rule_three_weeks_tight,W3,3,-0.01589774452144363,-0.0038659825914551527,33.33333333333333,0,,
contaminated_validation,px_vs_ma10,W3,10,-0.07261623662455272,-0.006480577915347209,50.0,9,-0.311897599206349,0.8192100000000002
contaminated_validation,px_vs_ma20,W3,10,-0.03182177471161918,0.01964728819567529,60.0,9,-2.4306969047619043,0.8439874999999999
contaminated_validation,px_vs_ma50,W3,10,-0.058052402152069416,0.06299440147439331,60.0,9,-0.012633584656085082,-0.5773100000000001
contaminated_validation,ma10_slope_5,W3,10,0.04871406810841082,0.05547959339557951,60.0,9,0.15064558862433852,0.6320687499999997
contaminated_validation,ma20_slope_5,W3,10,0.05439311557432049,0.12272127462000879,70.0,9,1.6293791402116404,2.1857
contaminated_validation,ma50_slope_10,W3,10,-0.07154980674489649,-0.0019480519480519483,40.0,9,-0.8656821957671959,2.166635714285714
contaminated_validation,mom_5,W3,10,-0.024486970023443494,0.013486329921609627,50.0,9,-0.6646276785714285,-1.5064666666666664
contaminated_validation,mom_10,W3,10,0.01802555380295458,0.062436930158449144,60.0,9,1.0742802645502647,-0.07526250000000001
contaminated_validation,mom_20,W3,10,0.07545157164467882,0.03335941664115038,50.0,9,-0.39359841931216927,-0.5513095238095234
contaminated_validation,mom_60,W3,10,-0.11064236746365486,-0.02012987012987013,40.0,9,-2.0267749537037036,-0.7956666666666674
contaminated_validation,rv_20,W3,10,0.04497797104754896,0.03141478774390166,60.0,9,2.837382665343915,1.6959937500000004
contaminated_validation,atr_14_pct,W3,10,0.11649643936236716,0.13052969444098478,60.0,9,3.690240304232804,1.8808125000000002
contaminated_validation,vol_ratio_5_20,W3,10,0.03672758010640757,0.042457078525189984,60.0,9,2.454490218253969,3.469566666666667
contaminated_validation,up_day_ratio_20,W3,10,0.016606163284006825,0.004628804633745452,50.0,9,-0.12777464947089928,-0.33279000000000003
contaminated_validation,drawdown_20,W3,10,-0.06704933667617967,-0.03713083034745024,40.0,9,-5.9677346296296285,0.46896666666666853
contaminated_validation,rel_spy_20,W3,0,,,,0,,
contaminated_validation,rel_spy_60,W3,0,,,,0,,
all_historical,current_vs_ibd_candidate_pct,W1,21,-0.1374259555024759,-0.12967032967032965,28.57142857142857,15,-1.511145123015873,-0.7407446428571428
all_historical,ibd_entry_volume_ratio,W1,21,0.06613663457246555,0.08359133126934985,61.904761904761905,15,1.582717654761905,2.209925
all_historical,volume_ratio,W1,21,0.11113426986170516,0.14685314685314685,76.19047619047619,15,0.8958118015873014,1.4705374999999996
all_historical,ibd_entry_close_position,W1,21,-0.06223287685046225,-0.022993144266875657,47.61904761904761,15,-0.9056489682539682,-2.17435
all_historical,ibd_entry_breakout_range_ratio,W1,21,-0.10396752755369978,-0.007792207792207793,42.857142857142854,15,0.04974099603174601,0.7924857142857145
all_historical,ibd_entry_close_vs_trigger_pct,W1,21,-0.19257845117171993,-0.13529411764705881,33.33333333333333,15,-1.3428040992063495,0.7836482142857146
all_historical,dist_to_52w_high_pct,W1,21,-0.08281239222531633,-0.13636363636363635,38.095238095238095,15,-0.28261119047619054,-1.9626333333333332
all_historical,eps_yoy_growth,W1,21,0.03228325770176547,0.09924812030075188,57.14285714285714,15,-0.34121676984126975,-0.09976666666666656
all_historical,base_depth_pct,W1,21,0.010432286391711272,0.03621900871504239,52.38095238095239,15,0.965897734126984,1.4037000000000002
all_historical,base_duration_weeks,W1,21,-0.055508037746724664,-0.02758268158598333,42.857142857142854,15,-0.3203022500000003,-0.03812857142857151
all_historical,base_mbox_count,W1,21,-0.049139120385690654,-0.008550522335235995,42.857142857142854,15,-0.4951970079365079,-0.5844999999999999
all_historical,pullback_pct,W1,13,0.045568021983969365,-0.05454545454545456,46.15384615384615,9,0.9466481481481482,1.3287666666666664
all_historical,pullback_duration_weeks,W1,13,-0.12411607506879559,-0.18228378611912838,38.46153846153847,7,-2.6936428571428577,-4.1331999999999995
all_historical,C_continuous,W1,21,-0.0462128746969826,-0.07532467532467534,42.857142857142854,15,-2.9872730238095233,-2.5189000000000004
all_historical,pullback_v_is_dry,W1,12,0.112456958696056,0.08283181661735771,58.333333333333336,0,,
all_historical,trigger_pos,W1,21,0.06820548598858338,0.039112903225806454,57.14285714285714,15,0.31801188095238075,-0.12882500000000008
all_historical,eps_known,W1,0,,,,0,,
all_historical,rule_ceiling,W1,19,0.01523499742768708,0.10545270177151371,68.42105263157895,0,,
all_historical,rule_pivot,W1,20,-0.07269998407335668,-0.07213384437455285,25.0,0,,
all_historical,rule_ma10_touch_confirm,W1,18,0.02737527871678915,0.0,38.88888888888889,0,,
all_historical,rule_ceiling_pullback,W1,8,0.17667277094538258,0.23280766939789857,75.0,0,,
all_historical,rule_three_weeks_tight,W1,6,0.016382975107746514,0.03120332374412464,66.66666666666666,0,,
all_historical,px_vs_ma10,W1,21,-0.11822566716571126,-0.07946336429308565,38.095238095238095,15,-1.3273515277777774,-0.04777499999999968
all_historical,px_vs_ma20,W1,21,-0.08631506878509182,-0.08571428571428573,38.095238095238095,15,-1.296931650793651,-0.07153333333333389
all_historical,px_vs_ma50,W1,21,-0.0869122667779444,-0.09486166007905138,47.61904761904761,15,-1.7806567261904764,0.6673150000000001
all_historical,ma10_slope_5,W1,21,0.01527150059562473,0.0036290322580645167,52.38095238095239,15,-1.1674208452380952,-0.14839999999999964
all_historical,ma20_slope_5,W1,21,-0.06367334780983168,-0.08571428571428573,47.61904761904761,15,-0.08556422222222215,1.2919875000000005
all_historical,ma50_slope_10,W1,21,-0.07573840644442287,-0.08571428571428573,47.61904761904761,15,-3.713367178571429,-1.0217946428571425
all_historical,mom_5,W1,21,-0.07976266070512412,-0.04805194805194805,38.095238095238095,15,-1.6074998888888892,-0.07410000000000005
all_historical,mom_10,W1,21,-0.0628355587730661,-0.04155844155844156,42.857142857142854,15,-2.486825265873016,-2.1705499999999995
all_historical,mom_20,W1,21,-0.021310772541440932,-0.007792207792207793,42.857142857142854,15,0.2577186388888887,1.8404699999999998
all_historical,mom_60,W1,21,-0.09101849849119878,-0.09090909090909093,33.33333333333333,15,-4.334880984126984,-4.3369
all_historical,rv_20,W1,21,-0.09155001420302342,-0.018181818181818184,38.095238095238095,15,-2.5088139603174606,-1.0601499999999997
all_historical,atr_14_pct,W1,21,-0.036829449198895296,0.008751608751608752,52.38095238095239,15,-2.1368843849206356,0.6507249999999996
all_historical,vol_ratio_5_20,W1,21,0.08408466688810681,0.009781209781209782,52.38095238095239,15,2.2933833174603175,0.26057500000000033
all_historical,up_day_ratio_20,W1,21,0.07207945971209308,0.0,47.61904761904761,15,0.9535672063492061,0.7970749999999986
all_historical,drawdown_20,W1,21,0.019334922864079875,0.04356905078338619,61.904761904761905,15,-0.38369905555555545,-0.23324999999999996
all_historical,rel_spy_20,W1,0,,,,0,,
all_historical,rel_spy_60,W1,0,,,,0,,
all_historical,current_vs_ibd_candidate_pct,W2,21,-0.07822670823361813,-0.045454545454545456,38.095238095238095,15,-2.1015927936507937,-0.19200000000000017
all_historical,ibd_entry_volume_ratio,W2,21,0.05619165434779781,0.07247183196550284,61.904761904761905,15,1.3255989404761905,2.5779499999999995
all_historical,volume_ratio,W2,21,0.020826627406086158,0.015384615384615385,61.904761904761905,15,0.5981961706349208,1.4385049999999997
all_historical,ibd_entry_close_position,W2,21,-0.01291309201590221,-0.03636363636363637,42.857142857142854,15,-1.5238187777777776,-2.8827374999999997
all_historical,ibd_entry_breakout_range_ratio,W2,21,0.035613191621005326,0.07953667953667955,57.14285714285714,15,1.1602681626984124,2.456961904761905
all_historical,ibd_entry_close_vs_trigger_pct,W2,21,-0.02274735283018555,0.015384615384615385,52.38095238095239,15,-0.04971607539682553,0.8136300000000003
all_historical,dist_to_52w_high_pct,W2,21,-0.10193320400417424,-0.11916523903689062,28.57142857142857,15,-1.2278844285714285,-2.43024
all_historical,eps_yoy_growth,W2,21,-0.0328565431767602,0.0029411764705882353,52.38095238095239,15,-2.082186051587301,-1.3391833333333345
all_historical,base_depth_pct,W2,21,0.012318590476881688,-0.02417582417582418,47.61904761904761,15,0.6166200674603173,1.0329599999999999
all_historical,base_duration_weeks,W2,21,0.02519783385546239,0.009297525622357646,52.38095238095239,15,-0.60321425,-0.9279666666666664
all_historical,base_mbox_count,W2,21,0.0025726203364155645,0.0,47.61904761904761,15,-0.7117239047619044,-1.6874500000000001
all_historical,pullback_pct,W2,13,0.12448662296933881,0.06363636363636364,53.84615384615385,9,-0.2833233333333326,4.467600000000001
all_historical,pullback_duration_weeks,W2,13,-0.22086047949397403,-0.22489331719023384,30.76923076923077,7,-2.3270814285714283,-1.2722666666666667
all_historical,C_continuous,W2,21,-0.04313770314690132,0.014517592573022205,52.38095238095239,15,-3.212243456349207,-2.0247333333333324
all_historical,pullback_v_is_dry,W2,12,-0.09986698955486502,-0.07715167498104596,41.66666666666667,0,,
all_historical,trigger_pos,W2,21,-0.06298374128332339,-0.15882352941176472,38.095238095238095,15,-1.4625824563492065,-1.6809196428571438
all_historical,eps_known,W2,0,,,,0,,
all_historical,rule_ceiling,W2,19,0.03545739384591744,0.05125354778838936,63.1578947368421,0,,
all_historical,rule_pivot,W2,20,-0.09324123169455209,-0.033120636753092146,40.0,0,,
all_historical,rule_ma10_touch_confirm,W2,18,0.028577022469043662,-0.008146107038886461,38.88888888888889,0,,
all_historical,rule_ceiling_pullback,W2,8,0.13235807626743504,0.1367948637296345,62.5,0,,
all_historical,rule_three_weeks_tight,W2,6,0.05180525460408595,0.07126434095798045,66.66666666666666,0,,
all_historical,px_vs_ma10,W2,21,-0.04435488919036428,-0.11042311661506708,38.095238095238095,15,-1.4071038095238095,1.608535
all_historical,px_vs_ma20,W2,21,0.02030892312405413,0.022727272727272724,52.38095238095239,15,-0.9890348134920631,1.4006812499999999
all_historical,px_vs_ma50,W2,21,0.0009581477975912601,-0.00403225806451613,38.095238095238095,15,-0.969662384920635,-0.8826049999999999
all_historical,ma10_slope_5,W2,21,0.0670347726009055,0.06666666666666665,57.14285714285714,15,0.05706982539682534,2.02672
all_historical,ma20_slope_5,W2,21,-0.02468125257953136,0.028571428571428574,57.14285714285714,15,0.14586669047619047,0.7743599999999988
all_historical,ma50_slope_10,W2,21,0.07675965223470972,0.09999999999999999,66.66666666666666,15,-2.477091797619047,-0.7485303571428572
all_historical,mom_5,W2,21,-0.03308383394655754,-0.023229934622339684,47.61904761904761,15,-1.973774726190476,-0.38173124999999997
all_historical,mom_10,W2,21,0.050317194252078576,0.022983870967741935,57.14285714285714,15,-1.0149949206349207,0.7596499999999997
all_historical,mom_20,W2,21,0.04329171920056628,0.007518796992481202,52.38095238095239,15,-0.34605023015873,0.5029375
all_historical,mom_60,W2,21,0.023213383990503406,0.04242424242424241,52.38095238095239,15,-3.8993840952380947,-1.1591350000000005
all_historical,rv_20,W2,21,0.017448157927400437,0.01818181818181818,52.38095238095239,15,-1.7224531468253963,-0.9821196428571427
all_historical,atr_14_pct,W2,21,0.04734862827000489,0.06935483870967743,52.38095238095239,15,-0.9824546944444444,-0.29515999999999964
all_historical,vol_ratio_5_20,W2,21,0.040514654369610534,0.06935483870967743,57.14285714285714,15,2.7846449801587303,1.8581249999999994
all_historical,up_day_ratio_20,W2,21,0.05965207543785648,0.0,47.61904761904761,15,1.4738031428571425,0.8865700000000003
all_historical,drawdown_20,W2,21,-0.03648732253743939,-0.01960826196060008,42.857142857142854,15,-1.798755698412698,-0.11115999999999993
all_historical,rel_spy_20,W2,0,,,,0,,
all_historical,rel_spy_60,W2,0,,,,0,,
all_historical,current_vs_ibd_candidate_pct,W4,19,-0.08369882030984079,-0.06914344685242517,42.10526315789473,13,-4.412804926739927,-3.4803517857142863
all_historical,ibd_entry_volume_ratio,W4,19,-0.01755274262393898,0.0,47.368421052631575,13,3.6596085760073263,2.6670000000000016
all_historical,volume_ratio,W4,19,0.07550702614089284,0.047580645161290326,63.1578947368421,13,3.4193013186813186,3.929916666666667
all_historical,ibd_entry_close_position,W4,19,-0.07494708329151645,-0.10080834524409384,31.57894736842105,13,-3.7967042765567767,-2.2273666666666667
all_historical,ibd_entry_breakout_range_ratio,W4,19,0.07556600254944275,0.07419354838709677,63.1578947368421,13,4.1469407051282055,4.88835
all_historical,ibd_entry_close_vs_trigger_pct,W4,19,-0.03968518107786445,-0.04175824175824176,36.84210526315789,13,3.687401094322344,3.2030249999999993
all_historical,dist_to_52w_high_pct,W4,19,-0.023078844202812695,0.06501547987616099,52.63157894736842,13,-4.255483241758242,1.4284
all_historical,eps_yoy_growth,W4,19,-0.02355470927070696,-0.09999999999999999,42.10526315789473,13,-2.9569882875457867,-5.1248
all_historical,base_depth_pct,W4,19,0.09112667205905343,0.0,47.368421052631575,13,0.41853236721611775,1.0907437500000001
all_historical,base_duration_weeks,W4,19,-0.012447312924429845,0.04195804195804196,63.1578947368421,13,-3.128510283882783,0.6883500000000002
all_historical,base_mbox_count,W4,19,-0.01801570735254495,0.04100412406895009,57.89473684210527,13,-0.7751175320512823,-2.3163357142857146
all_historical,pullback_pct,W4,11,0.21158546479269721,0.2545454545454546,63.63636363636363,7,-2.5065847619047608,2.8292400000000004
all_historical,pullback_duration_weeks,W4,11,-0.14522018023221825,-0.08298953641678346,36.36363636363637,5,-3.8805579999999997,-3.245966666666667
all_historical,C_continuous,W4,19,-0.09401901023220813,-0.1274703557312253,42.10526315789473,13,-3.1250191254578756,-2.736033928571429
all_historical,pullback_v_is_dry,W4,10,0.028949783396763983,0.1479915711002201,60.0,0,,
all_historical,trigger_pos,W4,19,-0.11619504107038259,-0.07151076771329935,21.052631578947366,13,-4.616050091575092,-3.2336809523809538
all_historical,eps_known,W4,0,,,,0,,
all_historical,rule_ceiling,W4,17,-0.0018904890147918223,0.03581956564562562,52.94117647058824,0,,
all_historical,rule_pivot,W4,18,-0.07654545873496754,-0.08655297665803649,33.33333333333333,0,,
all_historical,rule_ma10_touch_confirm,W4,16,0.056536265746239656,0.0825578580758003,56.25,0,,
all_historical,rule_ceiling_pullback,W4,7,-0.04071502483090465,-0.1720052290384454,42.857142857142854,0,,
all_historical,rule_three_weeks_tight,W4,6,0.15892819919790163,0.07946816791107783,66.66666666666666,0,,
all_historical,px_vs_ma10,W4,19,-0.22843319361373382,-0.2,26.31578947368421,13,-3.752542934981684,-2.8263595238095234
all_historical,px_vs_ma20,W4,19,-0.17589563329373245,-0.1463709677419355,31.57894736842105,13,-1.3749084020146525,-2.60745
all_historical,px_vs_ma50,W4,19,-0.09192412169662768,-0.09184726522187822,31.57894736842105,13,-0.7919473580586083,-2.60745
all_historical,ma10_slope_5,W4,19,-0.043689453325909844,-0.08266129032258066,42.10526315789473,13,0.9708576785714287,-1.9615437499999997
all_historical,ma20_slope_5,W4,19,-0.09108100725868125,-0.09999999999999999,47.368421052631575,13,1.5583617811355315,-0.5487982142857148
all_historical,ma50_slope_10,W4,19,-0.02001319432463077,-0.11188811188811189,42.10526315789473,13,-1.9460417857142853,-1.4122
all_historical,mom_5,W4,19,-0.18152258579562427,-0.2,26.31578947368421,13,-2.0949861446886446,-1.1026999999999998
all_historical,mom_10,W4,19,-0.10922331853944846,-0.09090909090909088,36.84210526315789,13,-0.801605306776557,-2.12510625
all_historical,mom_20,W4,19,-0.06132527493990196,-0.13533834586466165,36.84210526315789,13,1.207977138278388,0.5942047619047619
all_historical,mom_60,W4,19,-0.055219100708454386,-0.15186079743041767,42.10526315789473,13,-3.2160200778388277,-2.60745
all_historical,rv_20,W4,19,-0.10664822795787461,-0.07967981385702905,31.57894736842105,13,-0.7098485989010984,-1.9757749999999992
all_historical,atr_14_pct,W4,19,-0.1061860013880385,-0.07545618938024,36.84210526315789,13,0.7985241346153844,2.257191071428571
all_historical,vol_ratio_5_20,W4,19,-0.021245459803144635,0.010526315789473682,52.63157894736842,13,6.186789139194139,6.443325
all_historical,up_day_ratio_20,W4,19,0.04304560791749365,0.051298917604257706,57.89473684210527,13,2.6197449404761906,0.7990749999999993
all_historical,drawdown_20,W4,19,-0.06437636089728574,-0.08921281827074314,47.368421052631575,13,-6.136238598901098,-3.5115000000000003
all_historical,rel_spy_20,W4,0,,,,0,,
all_historical,rel_spy_60,W4,0,,,,0,,
all_historical,current_vs_ibd_candidate_pct,W3,20,-0.014230089897867504,-0.09760862710189826,45.0,14,-2.3201257355442175,-1.7465699404761907
all_historical,ibd_entry_volume_ratio,W3,20,0.017992650076374135,0.008191808191808193,50.0,14,2.118064489795919,2.1468699999999994
all_historical,volume_ratio,W3,20,0.07368728154194529,0.13401328273244784,75.0,14,1.3889487032312926,1.1372802083333333
all_historical,ibd_entry_close_position,W3,20,-0.0481936270709461,-0.11187399556964775,30.0,14,-2.234974056122449,-2.463266666666666
all_historical,ibd_entry_breakout_range_ratio,W3,20,0.11227194436886592,0.09225774225774226,60.0,14,3.037855790816327,4.398137500000001
all_historical,ibd_entry_close_vs_trigger_pct,W3,20,0.00934537260383401,-0.07923387096774193,45.0,14,2.3980656249999996,1.00828
all_historical,dist_to_52w_high_pct,W3,20,-0.12273542329507955,-0.05608686306997919,45.0,14,-2.06742300170068,-0.921875
all_historical,eps_yoy_growth,W3,20,-0.047512210548369044,-0.015668371774410775,45.0,14,-2.396734553571428,-1.1959528571428575
all_historical,base_depth_pct,W3,20,0.10872824908023335,0.09356512757435809,65.0,14,1.3747200255102041,1.5980958333333328
all_historical,base_duration_weeks,W3,20,-0.061247390907195665,-0.05458537638608428,40.0,14,-2.191530756802721,-0.4183437499999997
all_historical,base_mbox_count,W3,20,-0.05580989191973136,-0.012212957646822497,40.0,14,-0.4084457738095239,-0.9510999999999998
all_historical,pullback_pct,W3,12,0.12358872379106105,0.1505745862674156,58.333333333333336,8,-0.5517149999999997,2.1372416666666667
all_historical,pullback_duration_weeks,W3,12,-0.24459762705499044,-0.19070584318847011,41.66666666666667,6,-3.017749444444444,-1.6345083333333335
all_historical,C_continuous,W3,20,-0.11401672137587224,-0.11867123729345551,40.0,14,-4.058435676020408,-1.1809392857142853
all_historical,pullback_v_is_dry,W3,11,-0.10339953446430328,0.0,45.45454545454545,0,,
all_historical,trigger_pos,W3,20,-0.1426446784435679,-0.07949046920821115,30.0,14,-3.0183250892857147,-2.9983083333333322
all_historical,eps_known,W3,0,,,,0,,
all_historical,rule_ceiling,W3,18,0.0680447780975577,0.04778020189604684,61.111111111111114,0,,
all_historical,rule_pivot,W3,19,-0.12481456829051936,-0.14195814807290816,26.31578947368421,0,,
all_historical,rule_ma10_touch_confirm,W3,17,0.015413551069863928,0.05063696835418333,52.94117647058824,0,,
all_historical,rule_ceiling_pullback,W3,7,0.06244575002383217,0.0,42.857142857142854,0,,
all_historical,rule_three_weeks_tight,W3,6,0.14240686781443845,0.012069809544552522,50.0,0,,
all_historical,px_vs_ma10,W3,20,-0.08186539665559588,-0.04158724340175953,45.0,14,-1.8024879804421763,0.2251949999999998
all_historical,px_vs_ma20,W3,20,-0.05751655666742857,0.001098901098901099,50.0,14,-1.8317542006802723,0.8549737500000001
all_historical,px_vs_ma50,W3,20,-0.023826768548226893,0.03792242703533027,55.00000000000001,14,-1.5022486139455788,0.02221166666666685
all_historical,ma10_slope_5,W3,20,-0.004544464904501788,-0.048051948051948054,45.0,14,-0.49195557397959205,-0.9993531250000001
all_historical,ma20_slope_5,W3,20,-0.017417508543153222,0.044672393608993416,55.00000000000001,14,-0.6445419812925168,0.5224749999999999
all_historical,ma50_slope_10,W3,20,-0.03332515822819509,-0.0019480519480519483,45.0,14,-2.3033403401360553,0.910200357142857
all_historical,mom_5,W3,20,-0.0037199033302453303,0.06304644722366241,60.0,14,-0.5445664838435372,1.0671716666666655
all_historical,mom_10,W3,20,-0.04057584576494858,-0.023926706205187224,50.0,14,-1.1027364965986395,0.698385416666667
all_historical,mom_20,W3,20,0.04051147648560443,-0.04576146247972873,45.0,14,-0.6157349362244898,0.18635773809523937
all_historical,mom_60,W3,20,-0.035178747982984364,-0.02012987012987013,45.0,14,-3.5809559226190473,-2.4119333333333337
all_historical,rv_20,W3,20,0.00891888095252574,0.04931647300068352,60.0,14,-0.9369385246598646,-0.3981267857142857
all_historical,atr_14_pct,W3,20,0.011312394255655622,0.08146853146853147,60.0,14,-0.11258420918367294,1.1820544642857143
all_historical,vol_ratio_5_20,W3,20,0.005372892697317884,0.042457078525189984,55.00000000000001,14,3.7959427593537427,3.564743333333334
all_historical,up_day_ratio_20,W3,20,-0.0035033821838884095,0.004628804633745452,50.0,14,1.0404142729591837,0.35268937500000014
all_historical,drawdown_20,W3,20,-0.08537582360923313,-0.04994151997287504,35.0,14,-3.0434403571428565,0.5611250000000014
all_historical,rel_spy_20,W3,0,,,,0,,
all_historical,rel_spy_60,W3,0,,,,0,,
